"Data";"Hora (UTC)";"Temp. Ins. (C)";"Temp. Max. (C)";"Temp. Min. (C)";"Umi. Ins. (%)";"Umi. Max. (%)";"Umi. Min. (%)";"Pto Orvalho Ins. (C)";"Pto Orvalho Max. (C)";"Pto Orvalho Min. (C)";"Pressao Ins. (hPa)";"Pressao Max. (hPa)";"Pressao Min. (hPa)";"Vel. Vento (m/s)";"Dir. Vento (m/s)";"Raj. Vento (m/s)";"Radiacao (KJ/m²)";"Chuva (mm)"
"01/01/2025";"0000";"20,3";"20,7";"20,1";"93,0";"93,0";"89,0";"19,2";"19,2";"18,8";"1002,1";"1002,1";"1001,6";"1,7";"16,0";"2,8";"";"0,2"
"01/01/2025";"0100";"19,8";"20,4";"19,7";"94,0";"94,0";"93,0";"18,9";"19,2";"18,7";"1002,8";"1002,8";"1002,0";"1,5";"114,0";"2,8";"";"0,0"
"01/01/2025";"0200";"19,5";"20,0";"19,4";"93,0";"95,0";"92,0";"18,3";"19,1";"18,2";"1002,9";"1003,1";"1002,7";"1,4";"94,0";"3,0";"";"0,0"
"01/01/2025";"0300";"19,2";"19,5";"19,1";"95,0";"95,0";"93,0";"18,3";"18,4";"18,1";"1002,5";"1003,1";"1002,5";"1,4";"110,0";"3,3";"";"0,0"
"01/01/2025";"0400";"18,8";"19,3";"18,6";"95,0";"95,0";"94,0";"18,0";"18,4";"17,8";"1002,4";"1002,5";"1001,8";"1,4";"308,0";"3,9";"";"0,0"
"01/01/2025";"0500";"18,5";"18,9";"18,5";"95,0";"95,0";"95,0";"17,8";"18,1";"17,7";"1001,8";"1002,4";"1001,8";"1,6";"124,0";"2,4";"";"0,0"
"01/01/2025";"0600";"18,3";"18,7";"18,2";"96,0";"96,0";"95,0";"17,6";"18,0";"17,5";"1001,0";"1001,8";"1001,0";"0,9";"121,0";"2,6";"";"0,2"
"01/01/2025";"0700";"18,3";"18,3";"18,0";"96,0";"96,0";"96,0";"17,6";"17,6";"17,3";"1001,1";"1001,2";"1000,9";"1,7";"84,0";"2,7";"";"0,0"
"01/01/2025";"0800";"18,0";"18,3";"17,7";"96,0";"96,0";"96,0";"17,3";"17,6";"17,0";"1001,6";"1001,6";"1001,1";"0,5";"250,0";"2,7";"";"0,0"
"01/01/2025";"0900";"17,9";"18,1";"17,6";"96,0";"96,0";"96,0";"17,3";"17,4";"16,9";"1002,2";"1002,2";"1001,6";"0,5";"330,0";"1,4";"25,80";"0,0"
"01/01/2025";"1000";"19,8";"19,9";"17,9";"96,0";"96,0";"96,0";"19,1";"19,2";"17,3";"1002,3";"1002,5";"1002,2";"0,5";"271,0";"1,1";"421,80";"0,0"
"01/01/2025";"1100";"22,7";"22,8";"19,9";"83,0";"96,0";"83,0";"19,8";"20,4";"19,2";"1002,7";"1002,8";"1002,3";"1,5";"249,0";"2,5";"1205,40";"0,0"
"01/01/2025";"1200";"25,3";"25,3";"22,7";"74,0";"84,0";"73,0";"20,3";"21,0";"19,6";"1002,5";"1002,9";"1002,5";"1,6";"249,0";"2,8";"1938,60";"0,0"
"01/01/2025";"1300";"28,1";"28,2";"25,3";"66,0";"76,0";"66,0";"21,2";"21,8";"20,2";"1002,1";"1002,6";"1002,1";"1,2";"260,0";"3,0";"2548,10";"0,0"
"01/01/2025";"1400";"30,9";"31,5";"28,0";"59,0";"68,0";"54,0";"22,1";"23,3";"20,4";"1001,4";"1002,1";"1001,4";"1,3";"14,0";"3,1";"2983,10";"0,0"
"01/01/2025";"1500";"32,1";"32,7";"30,7";"54,0";"60,0";"51,0";"21,6";"22,7";"20,2";"1000,7";"1001,4";"1000,7";"1,7";"339,0";"7,0";"3305,50";"0,2"
"01/01/2025";"1600";"33,2";"33,8";"32,1";"48,0";"58,0";"48,0";"20,5";"23,3";"20,4";"999,6";"1000,7";"999,6";"1,4";"332,0";"5,2";"3522,20";"0,0"
"01/01/2025";"1700";"34,3";"35,0";"33,1";"51,0";"56,0";"46,0";"22,8";"23,9";"20,5";"998,8";"999,6";"998,8";"1,6";"185,0";"3,9";"3420,70";"0,0"
"01/01/2025";"1800";"28,0";"34,4";"28,0";"53,0";"59,0";"47,0";"17,5";"22,8";"17,0";"999,1";"999,1";"998,3";"5,2";"322,0";"10,8";"604,70";"0,0"
"01/01/2025";"1900";"24,7";"28,0";"24,7";"66,0";"67,0";"53,0";"18,0";"18,9";"17,5";"999,6";"999,9";"998,3";"3,8";"331,0";"11,3";"307,00";"0,0"
"01/01/2025";"2000";"23,5";"24,7";"23,5";"76,0";"76,0";"66,0";"19,0";"19,2";"18,0";"999,2";"999,9";"998,7";"1,5";"250,0";"7,8";"182,50";"0,0"
"01/01/2025";"2100";"23,8";"23,8";"23,1";"77,0";"81,0";"74,0";"19,5";"19,7";"18,8";"998,7";"1000,3";"998,6";"4,2";"82,0";"7,0";"71,10";"0,0"
"01/01/2025";"2200";"23,4";"24,4";"22,6";"82,0";"84,0";"74,0";"20,1";"20,2";"19,4";"999,6";"999,9";"998,6";"1,8";"52,0";"7,3";"80,50";"0,0"
"01/01/2025";"2300";"22,7";"23,4";"22,5";"85,0";"86,0";"81,0";"20,0";"20,4";"19,9";"999,8";"999,9";"999,0";"1,0";"310,0";"3,3";"24,70";"0,0"
"02/01/2025";"0000";"22,1";"22,7";"21,9";"89,0";"89,0";"85,0";"20,2";"20,3";"19,9";"1000,4";"1000,6";"999,5";"3,0";"216,0";"4,9";"";"0,0"
"02/01/2025";"0100";"21,7";"22,3";"21,7";"91,0";"91,0";"89,0";"20,1";"20,4";"20,0";"1001,2";"1001,2";"1000,4";"1,2";"269,0";"4,7";"";"0,0"
"02/01/2025";"0200";"21,6";"21,8";"21,5";"92,0";"92,0";"91,0";"20,2";"20,3";"20,0";"1000,2";"1001,2";"1000,2";"1,0";"114,0";"2,8";"";"0,0"
"02/01/2025";"0300";"22,1";"22,8";"21,0";"84,0";"93,0";"84,0";"19,2";"20,8";"19,2";"999,5";"1000,3";"999,5";"1,8";"255,0";"3,4";"";"0,0"
"02/01/2025";"0400";"23,2";"23,4";"22,0";"76,0";"85,0";"75,0";"18,7";"19,4";"18,7";"999,1";"999,5";"999,1";"3,1";"264,0";"4,6";"";"0,0"
"02/01/2025";"0500";"22,5";"24,6";"22,5";"80,0";"80,0";"69,0";"18,9";"19,0";"18,4";"999,5";"999,5";"999,1";"3,8";"223,0";"7,1";"";"0,0"
"02/01/2025";"0600";"21,8";"22,5";"21,8";"87,0";"87,0";"80,0";"19,5";"19,5";"18,9";"1000,8";"1000,8";"999,5";"1,1";"190,0";"6,0";"";"0,0"
"02/01/2025";"0700";"20,9";"21,8";"20,9";"93,0";"93,0";"87,0";"19,6";"19,8";"19,5";"1000,2";"1001,1";"1000,2";"2,1";"101,0";"4,1";"";"0,4"
"02/01/2025";"0800";"21,0";"21,1";"20,8";"92,0";"93,0";"92,0";"19,6";"19,8";"19,6";"999,8";"1000,2";"999,7";"1,5";"130,0";"4,5";"";"0,2"
"02/01/2025";"0900";"20,9";"21,0";"20,8";"93,0";"94,0";"92,0";"19,9";"19,9";"19,5";"1000,4";"1000,6";"999,8";"1,7";"331,0";"4,0";"4,70";"0,0"
"02/01/2025";"1000";"22,0";"22,3";"20,9";"91,0";"93,0";"90,0";"20,4";"20,8";"19,8";"999,6";"1000,4";"999,6";"0,9";"257,0";"5,1";"225,60";"0,0"
"02/01/2025";"1100";"25,2";"25,2";"22,0";"76,0";"91,0";"76,0";"20,6";"21,3";"20,3";"1000,0";"1000,0";"999,6";"2,3";"16,0";"5,5";"924,20";"0,0"
"02/01/2025";"1200";"27,1";"27,3";"24,8";"67,0";"77,0";"66,0";"20,4";"21,4";"19,9";"1000,2";"1000,3";"1000,0";"3,3";"351,0";"6,8";"1739,10";"0,0"
"02/01/2025";"1300";"28,2";"28,5";"27,0";"64,0";"68,0";"61,0";"20,7";"21,1";"19,6";"999,9";"1000,2";"999,8";"3,0";"1,0";"8,1";"2080,00";"0,0"
"02/01/2025";"1400";"30,1";"30,1";"27,9";"60,0";"67,0";"59,0";"21,5";"21,9";"20,0";"999,4";"999,9";"999,4";"3,9";"360,0";"8,1";"2946,10";"0,0"
"02/01/2025";"1500";"31,2";"31,9";"29,9";"57,0";"62,0";"56,0";"21,5";"23,1";"21,2";"998,7";"999,4";"998,7";"3,8";"348,0";"7,2";"3484,80";"0,0"
"02/01/2025";"1600";"32,5";"33,4";"30,8";"55,0";"61,0";"51,0";"22,2";"24,3";"20,5";"997,9";"998,7";"997,8";"1,7";"293,0";"6,6";"2821,20";"0,0"
"02/01/2025";"1700";"27,6";"32,5";"25,3";"70,0";"71,0";"55,0";"21,7";"22,7";"18,6";"997,1";"997,9";"997,1";"2,9";"4,0";"10,6";"1193,60";"0,2"
"02/01/2025";"1800";"30,1";"30,3";"27,6";"62,0";"72,0";"55,0";"21,9";"22,6";"19,9";"996,4";"997,1";"996,4";"1,1";"37,0";"5,2";"1624,30";"0,0"
"02/01/2025";"1900";"33,1";"33,7";"30,1";"50,0";"61,0";"48,0";"21,2";"22,6";"20,5";"996,6";"996,8";"996,0";"1,2";"275,0";"3,9";"2517,20";"0,0"
"02/01/2025";"2000";"33,1";"33,5";"32,3";"52,0";"54,0";"46,0";"21,7";"22,3";"20,4";"995,6";"996,5";"995,4";"1,7";"112,0";"4,4";"2079,90";"0,0"
"02/01/2025";"2100";"31,2";"33,1";"31,2";"58,0";"58,0";"50,0";"22,0";"22,5";"21,3";"995,7";"996,0";"995,5";"3,9";"18,0";"6,6";"1466,10";"0,0"
"02/01/2025";"2200";"28,8";"31,2";"28,7";"64,0";"65,0";"57,0";"21,3";"22,3";"20,9";"995,9";"995,9";"995,6";"1,3";"312,0";"6,6";"513,50";"0,0"
"02/01/2025";"2300";"27,0";"28,9";"26,9";"68,0";"70,0";"64,0";"20,7";"21,7";"20,4";"996,4";"996,5";"995,8";"0,8";"131,0";"2,7";"39,40";"0,0"
"03/01/2025";"0000";"24,9";"27,8";"24,9";"77,0";"77,0";"62,0";"20,6";"20,8";"19,6";"996,7";"996,7";"996,2";"2,1";"174,0";"3,5";"";"0,0"
"03/01/2025";"0100";"24,2";"25,6";"24,1";"79,0";"79,0";"71,0";"20,3";"20,6";"19,7";"997,2";"997,3";"996,7";"1,1";"220,0";"3,5";"";"0,0"
"03/01/2025";"0200";"25,3";"25,3";"24,2";"72,0";"79,0";"71,0";"19,8";"20,4";"19,7";"996,7";"997,3";"996,7";"1,7";"277,0";"3,0";"";"0,0"
"03/01/2025";"0300";"24,0";"26,9";"23,7";"78,0";"79,0";"63,0";"19,9";"20,2";"19,3";"996,7";"996,8";"996,6";"1,2";"104,0";"7,0";"";"0,0"
"03/01/2025";"0400";"23,1";"24,1";"23,0";"83,0";"83,0";"78,0";"20,0";"20,2";"19,9";"996,6";"996,7";"996,5";"2,0";"217,0";"3,7";"";"0,0"
"03/01/2025";"0500";"22,5";"23,7";"22,5";"83,0";"85,0";"79,0";"19,6";"20,2";"19,6";"996,4";"996,6";"996,4";"1,0";"161,0";"3,7";"";"0,0"
"03/01/2025";"0600";"22,1";"23,0";"22,0";"86,0";"88,0";"83,0";"19,7";"20,1";"19,5";"996,5";"996,5";"996,3";"2,0";"185,0";"3,0";"";"0,0"
"03/01/2025";"0700";"21,2";"22,1";"21,1";"91,0";"91,0";"86,0";"19,7";"19,9";"19,5";"996,6";"996,7";"996,5";"1,1";"26,0";"3,0";"";"0,0"
"03/01/2025";"0800";"21,2";"21,9";"21,1";"91,0";"92,0";"87,0";"19,6";"20,1";"19,3";"996,7";"996,7";"996,6";"0,3";"204,0";"1,8";"";"0,0"
"03/01/2025";"0900";"20,3";"21,2";"20,1";"93,0";"94,0";"90,0";"19,2";"19,6";"18,9";"997,7";"997,7";"996,7";"1,2";"280,0";"2,3";"23,00";"0,0"
"03/01/2025";"1000";"23,1";"23,1";"20,3";"86,0";"94,0";"86,0";"20,7";"20,7";"19,2";"998,6";"998,6";"997,7";"3,2";"327,0";"5,4";"384,00";"0,0"
"03/01/2025";"1100";"23,4";"24,2";"23,0";"85,0";"87,0";"82,0";"20,7";"21,6";"20,3";"999,4";"999,4";"998,6";"2,3";"263,0";"5,4";"799,20";"0,0"
"03/01/2025";"1200";"24,8";"25,0";"23,4";"76,0";"85,0";"76,0";"20,2";"21,4";"20,2";"999,6";"999,6";"999,4";"2,0";"282,0";"3,9";"1338,50";"0,0"
"03/01/2025";"1300";"25,8";"26,8";"24,5";"72,0";"78,0";"70,0";"20,4";"21,6";"20,1";"999,8";"999,8";"999,5";"2,7";"277,0";"4,4";"1551,60";"0,0"
"03/01/2025";"1400";"27,7";"28,1";"25,8";"65,0";"73,0";"64,0";"20,5";"21,8";"20,0";"999,6";"999,9";"999,6";"2,6";"275,0";"5,6";"2969,70";"0,0"
"03/01/2025";"1500";"28,8";"28,9";"27,0";"61,0";"70,0";"60,0";"20,4";"22,0";"20,0";"999,2";"999,6";"999,1";"2,9";"249,0";"5,5";"3094,80";"0,0"
"03/01/2025";"1600";"29,6";"29,9";"28,5";"54,0";"64,0";"52,0";"19,4";"21,2";"18,6";"998,5";"999,2";"998,5";"3,1";"242,0";"6,5";"3647,80";"0,0"
"03/01/2025";"1700";"30,8";"30,8";"29,3";"44,0";"56,0";"44,0";"17,3";"20,0";"17,3";"997,9";"998,5";"997,9";"3,7";"233,0";"6,8";"3465,80";"0,0"
"03/01/2025";"1800";"31,3";"31,5";"30,2";"43,0";"48,0";"41,0";"17,3";"18,5";"15,8";"997,5";"997,9";"997,5";"4,6";"261,0";"8,1";"3047,90";"0,0"
"03/01/2025";"1900";"30,7";"31,6";"30,7";"43,0";"46,0";"39,0";"16,7";"18,2";"15,8";"997,0";"997,5";"997,0";"4,6";"247,0";"8,8";"2725,40";"0,0"
"03/01/2025";"2000";"30,5";"31,1";"30,4";"43,0";"46,0";"42,0";"16,5";"17,8";"16,0";"996,5";"997,0";"996,4";"4,1";"246,0";"8,6";"2091,60";"0,0"
"03/01/2025";"2100";"29,8";"30,6";"29,7";"39,0";"44,0";"37,0";"14,2";"17,0";"13,7";"996,5";"996,6";"996,4";"3,4";"233,0";"8,4";"1350,70";"0,0"
"03/01/2025";"2200";"27,6";"29,8";"27,5";"36,0";"41,0";"32,0";"11,0";"14,8";"10,2";"996,9";"996,9";"996,5";"2,7";"259,0";"10,4";"592,30";"0,0"
"03/01/2025";"2300";"24,6";"27,6";"24,6";"44,0";"44,0";"33,0";"11,5";"11,5";"9,1";"997,6";"997,6";"996,9";"1,3";"11,0";"6,4";"48,10";"0,0"
"04/01/2025";"0000";"23,4";"25,2";"23,0";"45,0";"52,0";"36,0";"10,8";"13,3";"8,9";"998,4";"998,4";"997,6";"2,1";"333,0";"3,9";"";"0,0"
"04/01/2025";"0100";"22,0";"24,0";"22,0";"49,0";"49,0";"39,0";"10,9";"10,9";"9,1";"999,3";"999,3";"998,4";"1,2";"338,0";"3,6";"";"0,0"
"04/01/2025";"0200";"19,5";"22,0";"18,8";"70,0";"73,0";"49,0";"13,9";"14,2";"11,0";"1000,6";"1000,6";"999,4";"1,5";"84,0";"4,3";"";"0,0"
"04/01/2025";"0300";"17,6";"20,4";"17,6";"79,0";"79,0";"62,0";"13,9";"14,2";"12,6";"1000,3";"1000,6";"1000,3";"1,4";"134,0";"2,8";"";"0,0"
"04/01/2025";"0400";"17,3";"17,8";"17,1";"86,0";"87,0";"79,0";"14,9";"14,9";"14,0";"1000,5";"1000,6";"1000,2";"1,3";"97,0";"2,8";"";"0,0"
"04/01/2025";"0500";"16,7";"17,3";"16,4";"86,0";"87,0";"83,0";"14,2";"14,8";"13,9";"1000,5";"1000,6";"1000,4";"1,1";"114,0";"2,5";"";"0,0"
"04/01/2025";"0600";"16,1";"16,7";"15,8";"90,0";"90,0";"85,0";"14,3";"14,5";"13,9";"1000,7";"1000,7";"1000,4";"0,5";"47,0";"2,4";"";"0,0"
"04/01/2025";"0700";"15,6";"16,2";"15,6";"90,0";"90,0";"89,0";"14,0";"14,5";"13,8";"1000,9";"1001,0";"1000,7";"0,7";"60,0";"2,3";"";"0,0"
"04/01/2025";"0800";"15,0";"15,6";"14,8";"92,0";"92,0";"90,0";"13,8";"14,1";"13,5";"1001,2";"1001,2";"1000,9";"1,3";"136,0";"1,9";"";"0,0"
"04/01/2025";"0900";"14,9";"15,1";"14,7";"93,0";"93,0";"92,0";"13,8";"13,9";"13,5";"1001,8";"1001,8";"1001,2";"0,8";"97,0";"2,2";"21,40";"0,0"
"04/01/2025";"1000";"18,0";"18,6";"14,9";"82,0";"94,0";"81,0";"14,8";"15,9";"13,8";"1002,6";"1002,6";"1001,8";"0,2";"180,0";"1,6";"428,20";"0,0"
"04/01/2025";"1100";"20,5";"20,7";"18,0";"70,0";"82,0";"70,0";"14,9";"16,0";"14,6";"1003,0";"1003,1";"1002,6";"1,4";"300,0";"3,7";"1272,00";"0,0"
"04/01/2025";"1200";"21,8";"22,4";"20,4";"67,0";"73,0";"65,0";"15,3";"16,1";"14,9";"1003,1";"1003,2";"1003,0";"2,7";"312,0";"4,8";"2043,80";"0,0"
"04/01/2025";"1300";"24,7";"24,7";"21,8";"63,0";"68,0";"59,0";"17,1";"17,1";"15,1";"1003,1";"1003,1";"1003,0";"2,5";"291,0";"5,7";"2725,40";"0,0"
"04/01/2025";"1400";"26,1";"26,1";"24,4";"51,0";"63,0";"51,0";"15,3";"17,0";"14,3";"1002,9";"1003,1";"1002,9";"3,1";"272,0";"6,5";"3200,40";"0,0"
"04/01/2025";"1500";"27,2";"27,3";"25,5";"46,0";"54,0";"43,0";"14,6";"16,0";"13,2";"1002,5";"1003,0";"1002,5";"2,9";"267,0";"6,7";"3786,80";"0,0"
"04/01/2025";"1600";"27,6";"28,0";"26,8";"42,0";"46,0";"40,0";"13,6";"14,6";"12,4";"1002,3";"1002,6";"1002,3";"4,3";"237,0";"8,0";"3837,50";"0,0"
"04/01/2025";"1700";"28,4";"28,4";"27,4";"40,0";"44,0";"38,0";"13,4";"14,5";"12,4";"1002,0";"1002,4";"1002,0";"4,7";"241,0";"9,3";"3642,00";"0,0"
"04/01/2025";"1800";"28,4";"29,0";"28,1";"35,0";"42,0";"34,0";"11,3";"14,2";"11,1";"1001,6";"1002,0";"1001,6";"4,0";"249,0";"8,6";"3275,30";"0,0"
"04/01/2025";"1900";"28,7";"29,1";"28,4";"33,0";"38,0";"31,0";"10,9";"12,8";"10,1";"1001,1";"1001,6";"1001,1";"3,9";"269,0";"8,5";"2842,40";"0,0"
"04/01/2025";"2000";"28,4";"28,9";"28,2";"35,0";"38,0";"32,0";"11,3";"13,2";"10,3";"1000,6";"1001,1";"1000,6";"3,4";"244,0";"8,5";"2177,10";"0,0"
"04/01/2025";"2100";"28,5";"28,8";"27,9";"40,0";"40,0";"33,0";"13,4";"13,4";"10,7";"1000,5";"1000,6";"1000,4";"2,0";"239,0";"7,1";"1425,00";"0,0"
"04/01/2025";"2200";"27,3";"28,5";"26,7";"39,0";"44,0";"36,0";"12,2";"13,5";"11,7";"1000,6";"1000,6";"1000,4";"1,1";"247,0";"5,3";"603,50";"0,0"
"04/01/2025";"2300";"22,1";"27,7";"21,9";"63,0";"64,0";"37,0";"14,7";"14,7";"11,4";"1000,7";"1000,7";"1000,6";"1,8";"51,0";"2,3";"40,80";"0,0"
"05/01/2025";"0000";"20,3";"22,1";"20,2";"74,0";"75,0";"63,0";"15,6";"15,6";"14,6";"1001,5";"1001,5";"1000,7";"1,4";"154,0";"3,5";"";"0,0"
"05/01/2025";"0100";"19,8";"20,8";"19,4";"76,0";"77,0";"73,0";"15,5";"15,7";"15,2";"1002,2";"1002,2";"1001,5";"0,9";"144,0";"3,5";"";"0,0"
"05/01/2025";"0200";"20,2";"20,5";"19,8";"82,0";"82,0";"76,0";"16,9";"16,9";"15,5";"1002,3";"1002,4";"1002,2";"2,9";"119,0";"6,8";"";"0,0"
"05/01/2025";"0300";"19,0";"20,3";"19,0";"85,0";"85,0";"81,0";"16,5";"17,1";"16,5";"1002,2";"1002,4";"1002,2";"1,7";"131,0";"5,1";"";"0,0"
"05/01/2025";"0400";"18,6";"19,2";"18,6";"87,0";"87,0";"85,0";"16,5";"16,8";"16,4";"1002,2";"1002,3";"1002,0";"1,3";"159,0";"3,2";"";"0,0"
"05/01/2025";"0500";"18,0";"18,8";"18,0";"90,0";"90,0";"87,0";"16,3";"16,7";"16,1";"1002,2";"1002,3";"1002,0";"0,8";"344,0";"2,0";"";"0,0"
"05/01/2025";"0600";"17,3";"18,1";"17,3";"90,0";"90,0";"89,0";"15,7";"16,4";"15,6";"1002,5";"1002,9";"1002,2";"0,3";"357,0";"1,4";"";"0,0"
"05/01/2025";"0700";"16,8";"17,3";"16,7";"92,0";"93,0";"90,0";"15,5";"15,9";"15,3";"1003,0";"1003,0";"1002,5";"0,7";"5,0";"1,5";"";"0,0"
"05/01/2025";"0800";"16,4";"16,8";"16,1";"94,0";"94,0";"92,0";"15,5";"15,5";"15,0";"1003,1";"1003,2";"1002,9";"0,6";"172,0";"1,7";"";"0,0"
"05/01/2025";"0900";"16,7";"16,7";"16,3";"95,0";"95,0";"94,0";"15,8";"15,8";"15,3";"1004,3";"1004,3";"1003,1";"1,0";"278,0";"1,3";"22,20";"0,0"
"05/01/2025";"1000";"17,9";"17,9";"16,7";"93,0";"95,0";"93,0";"16,7";"16,8";"15,9";"1004,7";"1004,7";"1004,3";"0,6";"305,0";"1,3";"136,40";"0,0"
"05/01/2025";"1100";"19,7";"19,7";"17,9";"86,0";"93,0";"86,0";"17,2";"17,4";"16,7";"1004,9";"1004,9";"1004,7";"0,8";"304,0";"1,6";"547,40";"0,0"
"05/01/2025";"1200";"21,9";"22,0";"19,7";"76,0";"86,0";"75,0";"17,4";"17,9";"17,0";"1004,9";"1005,0";"1004,7";"1,3";"253,0";"2,4";"1317,00";"0,0"
"05/01/2025";"1300";"24,2";"24,2";"21,9";"69,0";"77,0";"67,0";"18,2";"18,6";"16,9";"1004,7";"1005,2";"1004,7";"1,5";"259,0";"3,3";"1931,50";"0,0"
"05/01/2025";"1400";"24,0";"26,0";"23,6";"64,0";"70,0";"59,0";"16,6";"18,5";"16,2";"1004,6";"1004,8";"1004,4";"1,6";"274,0";"3,0";"2500,90";"0,0"
"05/01/2025";"1500";"26,2";"26,5";"24,0";"56,0";"66,0";"55,0";"16,7";"17,9";"16,0";"1004,2";"1004,7";"1004,2";"1,3";"102,0";"4,2";"2801,90";"0,0"
"05/01/2025";"1600";"27,7";"28,0";"25,6";"49,0";"59,0";"47,0";"15,9";"18,8";"14,9";"1003,3";"1004,2";"1003,3";"1,0";"285,0";"3,8";"2924,00";"0,0"
"05/01/2025";"1700";"28,0";"28,9";"27,3";"49,0";"54,0";"44,0";"16,4";"17,4";"14,9";"1003,2";"1003,4";"1003,1";"2,5";"258,0";"6,0";"3076,10";"0,0"
"05/01/2025";"1800";"27,8";"28,0";"27,2";"45,0";"52,0";"42,0";"14,7";"17,1";"14,2";"1002,9";"1003,2";"1002,9";"2,3";"221,0";"6,1";"2045,40";"0,0"
"05/01/2025";"1900";"28,1";"28,7";"27,1";"42,0";"47,0";"38,0";"13,9";"15,7";"12,8";"1002,3";"1002,9";"1002,3";"2,4";"216,0";"6,2";"2065,70";"0,0"
"05/01/2025";"2000";"28,8";"28,9";"27,4";"42,0";"45,0";"38,0";"14,6";"15,2";"12,6";"1001,9";"1002,3";"1001,9";"1,4";"248,0";"5,5";"1866,60";"0,0"
"05/01/2025";"2100";"27,2";"28,8";"26,8";"48,0";"50,0";"40,0";"15,2";"15,9";"13,2";"1002,0";"1002,1";"1001,9";"1,5";"174,0";"4,6";"1215,90";"0,0"
"05/01/2025";"2200";"26,2";"27,8";"25,8";"55,0";"56,0";"47,0";"16,4";"17,3";"15,2";"1002,1";"1002,1";"1001,9";"1,0";"137,0";"3,7";"637,70";"0,0"
"05/01/2025";"2300";"22,1";"26,2";"22,1";"73,0";"73,0";"54,0";"16,9";"17,0";"15,5";"1002,3";"1002,3";"1002,0";"2,2";"137,0";"5,4";"39,00";"0,0"
"06/01/2025";"0000";"20,9";"22,1";"20,9";"78,0";"78,0";"73,0";"16,9";"17,1";"16,9";"1002,8";"1002,8";"1002,3";"1,9";"114,0";"4,6";"";"0,0"
"06/01/2025";"0100";"19,6";"20,9";"19,4";"80,0";"82,0";"78,0";"16,2";"16,9";"16,2";"1003,3";"1003,3";"1002,8";"2,0";"120,0";"3,5";"";"0,0"
"06/01/2025";"0200";"19,0";"19,6";"19,0";"77,0";"81,0";"77,0";"15,0";"16,2";"15,0";"1003,8";"1003,8";"1003,3";"1,8";"132,0";"4,0";"";"0,0"
"06/01/2025";"0300";"18,9";"19,1";"18,6";"76,0";"79,0";"75,0";"14,6";"14,9";"14,5";"1004,0";"1004,0";"1003,8";"1,0";"175,0";"3,8";"";"0,0"
"06/01/2025";"0400";"17,8";"19,1";"17,7";"81,0";"81,0";"75,0";"14,5";"14,9";"14,3";"1003,7";"1004,0";"1003,6";"0,6";"352,0";"1,6";"";"0,0"
"06/01/2025";"0500";"17,4";"17,8";"17,0";"86,0";"86,0";"81,0";"15,1";"15,1";"14,4";"1003,4";"1003,7";"1003,4";"1,2";"349,0";"1,7";"";"0,0"
"06/01/2025";"0600";"18,1";"18,1";"17,4";"86,0";"87,0";"84,0";"15,7";"15,7";"15,1";"1003,4";"1003,4";"1003,3";"1,2";"318,0";"2,0";"";"0,0"
"06/01/2025";"0700";"17,7";"18,5";"17,7";"86,0";"86,0";"83,0";"15,3";"15,9";"15,2";"1003,6";"1003,6";"1003,3";"0,9";"306,0";"1,9";"";"0,0"
"06/01/2025";"0800";"17,8";"17,9";"17,4";"89,0";"91,0";"86,0";"15,9";"16,1";"15,3";"1004,0";"1004,0";"1003,6";"0,2";"109,0";"1,5";"";"0,0"
"06/01/2025";"0900";"16,9";"17,9";"16,9";"91,0";"91,0";"87,0";"15,4";"15,8";"15,4";"1004,7";"1004,7";"1004,0";"0,8";"83,0";"1,3";"22,60";"0,0"
"06/01/2025";"1000";"19,3";"19,3";"16,7";"86,0";"93,0";"86,0";"17,0";"17,0";"15,3";"1005,3";"1005,3";"1004,7";"0,8";"196,0";"1,9";"361,40";"0,0"
"06/01/2025";"1100";"21,2";"21,2";"19,3";"77,0";"86,0";"75,0";"17,0";"17,1";"16,3";"1005,2";"1005,4";"1005,2";"0,8";"286,0";"1,6";"1064,90";"0,0"
"06/01/2025";"1200";"23,6";"23,6";"21,1";"64,0";"78,0";"62,0";"16,4";"17,0";"15,3";"1005,1";"1005,3";"1005,1";"0,7";"34,0";"2,8";"2010,90";"0,0"
"06/01/2025";"1300";"25,3";"25,5";"23,6";"50,0";"64,0";"50,0";"14,1";"16,5";"14,1";"1004,8";"1005,1";"1004,8";"1,2";"238,0";"4,4";"2685,80";"0,0"
"06/01/2025";"1400";"26,9";"27,1";"24,0";"47,0";"58,0";"47,0";"14,7";"16,8";"13,2";"1004,5";"1004,9";"1004,5";"1,7";"171,0";"4,5";"2939,70";"0,0"
"06/01/2025";"1500";"";"";"";"";"";"";"";"";"";"";"";"";"";"";"";"";""
"06/01/2025";"1600";"27,7";"27,8";"25,4";"49,0";"53,0";"44,0";"16,2";"16,8";"13,7";"1003,8";"1004,3";"1003,7";"2,1";"184,0";"6,1";"3286,00";"0,0"
"06/01/2025";"1700";"28,5";"29,0";"27,5";"43,0";"49,0";"40,0";"14,7";"16,4";"13,3";"1003,5";"1003,8";"1003,5";"2,9";"217,0";"6,3";"3363,50";"0,0"
"06/01/2025";"1800";"28,9";"29,1";"27,2";"43,0";"47,0";"39,0";"15,1";"15,6";"12,7";"1003,0";"1003,5";"1003,0";"3,1";"217,0";"5,9";"2936,50";"0,0"
"06/01/2025";"1900";"28,5";"29,7";"26,8";"40,0";"47,0";"39,0";"13,5";"16,3";"12,8";"1002,5";"1003,0";"1002,5";"2,7";"175,0";"6,7";"2639,10";"0,0"
"06/01/2025";"2000";"29,1";"29,3";"26,7";"40,0";"44,0";"38,0";"14,1";"14,8";"12,5";"1002,4";"1002,6";"1002,4";"2,3";"146,0";"8,4";"2053,80";"0,0"
"06/01/2025";"2100";"28,1";"29,1";"27,1";"35,0";"40,0";"33,0";"11,4";"13,5";"9,8";"1002,4";"1002,5";"1002,3";"2,2";"148,0";"6,8";"1423,30";"0,0"
"06/01/2025";"2200";"24,8";"28,1";"24,8";"56,0";"56,0";"35,0";"15,5";"15,5";"10,8";"1002,8";"1002,8";"1002,4";"3,5";"157,0";"6,2";"445,70";"0,0"
"06/01/2025";"2300";"22,0";"24,8";"21,9";"67,0";"67,0";"56,0";"15,7";"16,0";"15,3";"1003,7";"1003,7";"1002,8";"1,5";"135,0";"7,9";"40,30";"0,0"
"07/01/2025";"0000";"20,5";"22,2";"20,5";"76,0";"76,0";"67,0";"16,1";"16,1";"15,7";"1004,1";"1004,1";"1003,7";"1,4";"135,0";"4,7";"";"0,0"
"07/01/2025";"0100";"20,8";"20,9";"20,3";"79,0";"79,0";"76,0";"16,9";"16,9";"16,1";"1004,2";"1004,3";"1004,1";"3,3";"127,0";"6,4";"";"0,0"
"07/01/2025";"0200";"20,2";"20,9";"20,1";"80,0";"80,0";"78,0";"16,7";"16,9";"16,6";"1004,3";"1004,4";"1004,2";"2,5";"129,0";"6,6";"";"0,0"
"07/01/2025";"0300";"19,1";"20,2";"19,1";"83,0";"83,0";"79,0";"16,1";"16,7";"16,1";"1004,6";"1004,6";"1004,3";"1,7";"128,0";"5,2";"";"0,0"
"07/01/2025";"0400";"19,2";"19,5";"18,9";"80,0";"84,0";"80,0";"15,7";"16,3";"15,7";"1004,5";"1004,6";"1004,4";"1,1";"111,0";"3,1";"";"0,0"
"07/01/2025";"0500";"17,7";"19,2";"17,5";"87,0";"87,0";"80,0";"15,5";"15,8";"15,1";"1004,6";"1004,6";"1004,3";"1,4";"337,0";"3,0";"";"0,0"
"07/01/2025";"0600";"17,1";"18,2";"16,8";"87,0";"89,0";"83,0";"14,9";"15,5";"14,8";"1004,2";"1004,6";"1004,2";"0,7";"85,0";"1,8";"";"0,0"
"07/01/2025";"0700";"15,9";"17,1";"15,9";"90,0";"90,0";"86,0";"14,3";"15,0";"14,3";"1004,2";"1004,3";"1004,1";"0,8";"97,0";"2,0";"";"0,0"
"07/01/2025";"0800";"15,7";"16,0";"15,6";"92,0";"92,0";"90,0";"14,4";"14,6";"14,2";"1004,3";"1004,3";"1004,2";"1,1";"133,0";"2,0";"";"0,0"
"07/01/2025";"0900";"15,5";"15,7";"15,2";"94,0";"94,0";"92,0";"14,5";"14,7";"14,1";"1004,6";"1004,6";"1004,2";"0,7";"82,0";"1,9";"20,20";"0,0"
"07/01/2025";"1000";"17,9";"18,1";"15,5";"89,0";"95,0";"88,0";"16,0";"16,6";"14,5";"1005,3";"1005,3";"1004,6";"0,5";"340,0";"2,0";"364,60";"0,0"
"07/01/2025";"1100";"20,9";"21,5";"17,9";"74,0";"89,0";"72,0";"16,1";"17,2";"15,8";"1005,5";"1005,6";"1005,2";"0,8";"275,0";"1,5";"1241,60";"0,0"
"07/01/2025";"1200";"23,3";"23,6";"20,6";"66,0";"78,0";"65,0";"16,6";"17,8";"16,0";"1005,1";"1005,5";"1005,1";"1,1";"98,0";"3,3";"2017,10";"0,0"
"07/01/2025";"1300";"24,9";"24,9";"23,3";"61,0";"67,0";"59,0";"16,8";"17,4";"16,0";"1005,0";"1005,1";"1005,0";"1,0";"103,0";"3,4";"2677,30";"0,0"
"07/01/2025";"1400";"27,2";"27,4";"24,2";"49,0";"62,0";"46,0";"15,7";"17,6";"14,4";"1004,9";"1005,0";"1004,8";"2,3";"153,0";"6,9";"2825,10";"0,0"
"07/01/2025";"1500";"27,8";"28,5";"25,7";"48,0";"57,0";"46,0";"15,9";"17,9";"14,8";"1004,5";"1004,9";"1004,5";"2,7";"141,0";"5,6";"3296,90";"0,0"
"07/01/2025";"1600";"28,0";"28,5";"27,2";"43,0";"52,0";"41,0";"14,2";"16,9";"13,9";"1004,0";"1004,5";"1004,0";"3,0";"169,0";"6,2";"3534,20";"0,0"
"07/01/2025";"1700";"27,8";"29,3";"27,5";"44,0";"49,0";"40,0";"14,5";"16,6";"13,0";"1003,5";"1004,0";"1003,5";"3,3";"133,0";"7,1";"3173,90";"0,0"
"07/01/2025";"1800";"29,3";"30,0";"27,9";"42,0";"47,0";"38,0";"15,0";"16,1";"13,4";"1002,9";"1003,5";"1002,9";"3,0";"141,0";"7,5";"3073,60";"0,0"
"07/01/2025";"1900";"29,5";"30,3";"28,8";"42,0";"45,0";"36,0";"15,3";"16,7";"12,8";"1002,1";"1002,9";"1002,1";"3,4";"162,0";"8,6";"2899,00";"0,0"
"07/01/2025";"2000";"28,5";"29,8";"27,9";"48,0";"49,0";"39,0";"16,5";"16,7";"13,6";"1002,0";"1002,1";"1001,9";"4,4";"164,0";"10,0";"2002,50";"0,0"
"07/01/2025";"2100";"27,0";"28,6";"26,8";"55,0";"56,0";"48,0";"17,3";"17,8";"16,3";"1002,5";"1002,5";"1001,9";"4,0";"161,0";"10,0";"1304,40";"0,0"
"07/01/2025";"2200";"24,9";"27,2";"24,9";"62,0";"62,0";"55,0";"17,1";"17,6";"17,0";"1003,2";"1003,2";"1002,5";"4,3";"162,0";"8,9";"596,70";"0,0"
"07/01/2025";"2300";"22,9";"24,9";"22,9";"68,0";"68,0";"62,0";"16,8";"17,2";"16,5";"1003,7";"1003,7";"1003,2";"2,7";"154,0";"9,2";"29,60";"0,0"
"08/01/2025";"0000";"21,5";"22,9";"21,5";"73,0";"73,0";"69,0";"16,5";"16,8";"16,5";"1004,2";"1004,2";"1003,7";"2,1";"138,0";"6,7";"";"0,0"
"08/01/2025";"0100";"20,5";"21,5";"20,5";"78,0";"78,0";"73,0";"16,5";"16,6";"16,4";"1004,9";"1004,9";"1004,2";"1,6";"137,0";"5,9";"";"0,0"
"08/01/2025";"0200";"20,0";"20,6";"20,0";"80,0";"80,0";"78,0";"16,3";"16,6";"16,3";"1005,0";"1005,1";"1004,8";"2,7";"121,0";"5,9";"";"0,0"
"08/01/2025";"0300";"19,9";"20,0";"19,1";"81,0";"84,0";"80,0";"16,6";"16,7";"16,2";"1005,2";"1005,2";"1004,9";"1,5";"91,0";"5,0";"";"0,0"
"08/01/2025";"0400";"18,4";"19,9";"18,2";"87,0";"87,0";"81,0";"16,3";"16,5";"15,9";"1004,4";"1005,2";"1004,4";"0,7";"145,0";"3,1";"";"0,0"
"08/01/2025";"0500";"18,6";"18,9";"18,3";"86,0";"88,0";"85,0";"16,2";"16,6";"16,1";"1003,9";"1004,4";"1003,9";"0,5";"120,0";"1,4";"";"0,0"
"08/01/2025";"0600";"18,3";"18,7";"18,0";"90,0";"90,0";"86,0";"16,6";"16,6";"16,1";"1003,9";"1003,9";"1003,8";"0,3";"250,0";"1,3";"";"0,0"
"08/01/2025";"0700";"18,2";"18,5";"18,1";"90,0";"91,0";"89,0";"16,6";"16,7";"16,5";"1003,9";"1004,0";"1003,8";"0,3";"285,0";"1,0";"";"0,0"
"08/01/2025";"0800";"18,2";"18,3";"18,1";"92,0";"92,0";"90,0";"16,9";"16,9";"16,6";"1004,0";"1004,0";"1003,9";"0,5";"3,0";"1,0";"";"0,0"
"08/01/2025";"0900";"18,5";"18,5";"18,0";"92,0";"93,0";"92,0";"17,2";"17,2";"16,8";"1004,5";"1004,5";"1004,0";"1,0";"323,0";"1,4";"19,00";"0,0"
"08/01/2025";"1000";"19,6";"19,6";"18,5";"88,0";"92,0";"88,0";"17,6";"17,7";"17,2";"1004,7";"1004,7";"1004,5";"0,5";"80,0";"1,3";"225,90";"0,0"
"08/01/2025";"1100";"22,4";"22,7";"19,7";"75,0";"88,0";"73,0";"17,7";"18,7";"17,3";"1004,8";"1004,9";"1004,7";"2,0";"163,0";"3,5";"966,60";"0,0"
"08/01/2025";"1200";"25,0";"25,2";"22,4";"66,0";"75,0";"62,0";"18,1";"18,3";"17,1";"1004,8";"1004,9";"1004,7";"2,5";"161,0";"5,2";"1853,80";"0,0"
"08/01/2025";"1300";"27,0";"27,2";"25,0";"60,0";"66,0";"58,0";"18,5";"19,2";"17,2";"1004,6";"1004,9";"1004,6";"3,1";"167,0";"6,0";"2373,30";"0,0"
"08/01/2025";"1400";"27,1";"28,2";"26,7";"61,0";"62,0";"56,0";"18,9";"19,5";"17,7";"1004,4";"1004,6";"1004,4";"2,3";"137,0";"6,4";"2604,90";"0,0"
"08/01/2025";"1500";"28,5";"29,2";"26,7";"57,0";"64,0";"54,0";"19,2";"20,4";"18,2";"1003,7";"1004,4";"1003,7";"3,8";"169,0";"7,6";"2850,70";"0,0"
"08/01/2025";"1600";"28,8";"30,1";"28,2";"55,0";"59,0";"52,0";"18,9";"20,6";"18,2";"1003,3";"1003,8";"1003,3";"3,3";"148,0";"8,7";"2796,70";"0,0"
"08/01/2025";"1700";"28,1";"31,0";"27,8";"56,0";"59,0";"51,0";"18,7";"20,8";"18,3";"1002,5";"1003,3";"1002,5";"4,5";"163,0";"9,6";"2282,80";"0,0"
"08/01/2025";"1800";"29,7";"30,6";"28,1";"55,0";"58,0";"50,0";"19,5";"20,8";"18,0";"1001,8";"1002,5";"1001,8";"3,9";"153,0";"9,2";"2051,40";"0,0"
"08/01/2025";"1900";"30,3";"30,5";"28,1";"52,0";"58,0";"51,0";"19,3";"20,2";"17,9";"1001,5";"1001,8";"1001,3";"3,8";"166,0";"9,7";"2162,00";"0,0"
"08/01/2025";"2000";"27,2";"30,3";"26,9";"57,0";"59,0";"50,0";"18,1";"19,7";"17,7";"1001,8";"1001,8";"1001,5";"5,5";"158,0";"11,1";"1194,40";"0,0"
"08/01/2025";"2100";"26,4";"27,4";"26,4";"59,0";"60,0";"56,0";"17,8";"18,7";"17,3";"1002,4";"1002,4";"1001,8";"6,1";"161,0";"10,6";"1098,90";"0,0"
"08/01/2025";"2200";"24,5";"26,5";"24,5";"63,0";"63,0";"58,0";"17,0";"18,1";"16,9";"1002,8";"1002,8";"1002,4";"4,8";"141,0";"10,4";"598,20";"0,0"
"08/01/2025";"2300";"22,8";"24,5";"22,8";"70,0";"70,0";"63,0";"17,0";"17,3";"16,8";"1003,1";"1003,3";"1002,7";"3,1";"138,0";"11,4";"41,90";"0,0"
"09/01/2025";"0000";"22,3";"22,8";"22,2";"72,0";"72,0";"70,0";"16,9";"17,1";"16,9";"1003,6";"1003,6";"1003,0";"2,4";"150,0";"7,1";"";"0,0"
"09/01/2025";"0100";"20,8";"22,2";"20,8";"77,0";"77,0";"72,0";"16,6";"17,0";"16,5";"1003,7";"1003,8";"1003,6";"1,8";"151,0";"6,1";"";"0,0"
"09/01/2025";"0200";"19,8";"20,9";"19,8";"81,0";"81,0";"77,0";"16,4";"16,7";"16,4";"1003,7";"1003,9";"1003,7";"1,2";"158,0";"3,9";"";"0,0"
"09/01/2025";"0300";"19,4";"19,8";"19,3";"85,0";"85,0";"81,0";"16,8";"16,8";"16,4";"1003,4";"1003,7";"1003,4";"0,5";"17,0";"1,7";"";"0,0"
"09/01/2025";"0400";"18,3";"19,4";"18,3";"90,0";"90,0";"84,0";"16,6";"16,8";"16,4";"1003,1";"1003,4";"1003,1";"1,0";"25,0";"1,5";"";"0,0"
"09/01/2025";"0500";"17,8";"18,4";"17,7";"92,0";"92,0";"89,0";"16,4";"16,6";"16,3";"1002,4";"1003,1";"1002,4";"0,4";"344,0";"2,0";"";"0,0"
"09/01/2025";"0600";"17,6";"18,4";"17,2";"93,0";"93,0";"90,0";"16,4";"16,9";"15,9";"1002,3";"1002,4";"1002,3";"0,8";"4,0";"1,5";"";"0,0"
"09/01/2025";"0700";"17,1";"17,7";"17,1";"93,0";"93,0";"92,0";"15,9";"16,6";"15,9";"1002,9";"1002,9";"1002,3";"0,4";"201,0";"1,3";"";"0,0"
"09/01/2025";"0800";"16,9";"17,1";"16,8";"94,0";"95,0";"93,0";"16,0";"16,1";"15,7";"1003,2";"1003,2";"1002,9";"0,8";"78,0";"1,9";"";"0,0"
"09/01/2025";"0900";"16,5";"16,9";"16,4";"95,0";"95,0";"94,0";"15,7";"15,9";"15,5";"1003,6";"1003,7";"1003,2";"0,8";"327,0";"1,7";"17,10";"0,0"
"09/01/2025";"1000";"19,3";"19,6";"16,5";"87,0";"95,0";"87,0";"17,1";"17,8";"15,7";"1004,3";"1004,3";"1003,6";"0,3";"244,0";"1,4";"348,00";"0,0"
"09/01/2025";"1100";"22,4";"22,5";"19,1";"73,0";"88,0";"73,0";"17,4";"18,3";"16,9";"1004,1";"1004,4";"1004,0";"0,9";"135,0";"2,1";"1088,30";"0,0"
"09/01/2025";"1200";"25,0";"25,5";"22,4";"61,0";"74,0";"61,0";"17,1";"18,5";"17,0";"1003,9";"1004,2";"1003,9";"1,3";"172,0";"3,1";"1929,90";"0,0"
"09/01/2025";"1300";"26,4";"27,0";"25,0";"58,0";"64,0";"57,0";"17,4";"18,5";"17,0";"1003,5";"1003,9";"1003,5";"2,0";"130,0";"6,0";"2540,70";"0,0"
"09/01/2025";"1400";"28,4";"28,9";"26,4";"59,0";"62,0";"53,0";"19,5";"19,8";"17,4";"1003,0";"1003,5";"1003,0";"2,3";"158,0";"6,3";"2998,60";"0,0"
"09/01/2025";"1500";"29,2";"29,7";"27,7";"53,0";"58,0";"52,0";"18,6";"19,9";"17,7";"1002,3";"1003,0";"1002,3";"1,6";"234,0";"5,1";"3033,90";"0,0"
"09/01/2025";"1600";"31,9";"31,9";"28,3";"50,0";"60,0";"50,0";"20,3";"20,8";"18,1";"1001,6";"1002,3";"1001,6";"1,5";"220,0";"5,1";"1908,90";"0,0"
"09/01/2025";"1700";"31,8";"32,0";"29,8";"49,0";"53,0";"46,0";"19,7";"20,5";"17,8";"1001,0";"1001,6";"1001,0";"2,5";"149,0";"6,3";"3065,70";"0,0"
"09/01/2025";"1800";"31,5";"32,3";"29,8";"47,0";"53,0";"43,0";"18,7";"19,7";"17,3";"1000,3";"1001,0";"1000,3";"4,1";"164,0";"7,6";"2153,70";"0,0"
"09/01/2025";"1900";"31,6";"32,6";"30,5";"43,0";"49,0";"42,0";"17,4";"19,7";"17,1";"999,6";"1000,3";"999,5";"4,1";"155,0";"7,9";"2488,80";"0,0"
"09/01/2025";"2000";"31,2";"32,2";"30,5";"45,0";"49,0";"42,0";"18,0";"19,1";"17,1";"999,2";"999,6";"999,1";"3,0";"151,0";"7,9";"1933,70";"0,0"
"09/01/2025";"2100";"29,0";"31,8";"29,0";"52,0";"52,0";"45,0";"18,1";"19,2";"17,6";"999,8";"999,8";"999,2";"5,2";"160,0";"10,2";"1373,20";"0,0"
"09/01/2025";"2200";"26,6";"29,0";"26,6";"58,0";"58,0";"52,0";"17,7";"18,4";"17,4";"1000,6";"1000,6";"999,8";"3,4";"155,0";"10,2";"530,50";"0,0"
"09/01/2025";"2300";"24,7";"26,6";"24,6";"64,0";"65,0";"58,0";"17,4";"17,9";"17,3";"1001,1";"1001,2";"1000,6";"2,7";"136,0";"9,0";"48,70";"0,0"
"10/01/2025";"0000";"23,0";"24,7";"22,9";"70,0";"70,0";"64,0";"17,3";"17,4";"17,0";"1001,3";"1001,3";"1001,0";"1,7";"154,0";"6,7";"";"0,0"
"10/01/2025";"0100";"22,3";"23,2";"22,2";"74,0";"74,0";"70,0";"17,4";"17,5";"17,3";"1002,1";"1002,1";"1001,3";"0,9";"138,0";"4,5";"";"0,0"
"10/01/2025";"0200";"21,2";"22,3";"20,9";"81,0";"81,0";"74,0";"17,7";"17,7";"17,2";"1002,4";"1002,4";"1002,1";"1,4";"329,0";"3,1";"";"0,0"
"10/01/2025";"0300";"20,4";"21,4";"20,3";"85,0";"85,0";"78,0";"17,7";"17,7";"17,1";"1002,3";"1002,4";"1002,3";"0,3";"23,0";"1,9";"";"0,0"
"10/01/2025";"0400";"19,7";"20,4";"19,7";"87,0";"87,0";"85,0";"17,5";"17,8";"17,5";"1002,0";"1002,3";"1002,0";"0,9";"142,0";"2,4";"";"0,0"
"10/01/2025";"0500";"19,1";"19,7";"19,1";"90,0";"90,0";"87,0";"17,4";"17,8";"17,3";"1002,0";"1002,1";"1001,9";"0,9";"346,0";"1,9";"";"0,0"
"10/01/2025";"0600";"18,6";"19,7";"18,6";"92,0";"92,0";"88,0";"17,3";"17,9";"17,0";"1001,3";"1002,0";"1001,2";"0,3";"18,0";"1,6";"";"0,0"
"10/01/2025";"0700";"17,9";"18,7";"17,9";"93,0";"93,0";"92,0";"16,8";"17,5";"16,8";"1001,3";"1001,3";"1001,1";"1,0";"330,0";"1,6";"";"0,0"
"10/01/2025";"0800";"18,2";"18,4";"17,8";"94,0";"94,0";"93,0";"17,3";"17,4";"16,8";"1001,9";"1001,9";"1001,3";"0,5";"319,0";"1,6";"";"0,0"
"10/01/2025";"0900";"18,2";"18,3";"17,9";"94,0";"94,0";"94,0";"17,2";"17,3";"16,9";"1002,6";"1002,6";"1001,9";"0,4";"55,0";"1,0";"19,30";"0,0"
"10/01/2025";"1000";"21,1";"21,2";"18,2";"85,0";"94,0";"85,0";"18,6";"19,1";"17,2";"1002,9";"1002,9";"1002,6";"0,4";"149,0";"1,1";"362,70";"0,0"
"10/01/2025";"1100";"23,5";"23,5";"21,0";"74,0";"85,0";"73,0";"18,7";"19,0";"17,6";"1003,1";"1003,1";"1002,8";"0,7";"141,0";"2,4";"1130,50";"0,0"
"10/01/2025";"1200";"26,8";"27,0";"23,3";"59,0";"75,0";"59,0";"18,2";"19,0";"17,7";"1002,9";"1003,1";"1002,9";"1,1";"97,0";"3,1";"1885,40";"0,0"
"10/01/2025";"1300";"28,6";"29,0";"26,8";"51,0";"62,0";"50,0";"17,5";"19,2";"17,0";"1002,8";"1002,9";"1002,8";"1,8";"168,0";"4,0";"2587,10";"0,0"
"10/01/2025";"1400";"29,6";"30,4";"28,2";"52,0";"55,0";"49,0";"18,7";"20,0";"17,2";"1002,5";"1002,8";"1002,5";"3,2";"165,0";"5,9";"2794,30";"0,0"
"10/01/2025";"1500";"30,0";"30,9";"29,0";"52,0";"55,0";"48,0";"19,1";"19,7";"18,0";"1001,9";"1002,5";"1001,9";"2,8";"179,0";"5,7";"3304,90";"0,0"
"10/01/2025";"1600";"31,5";"32,0";"29,7";"47,0";"55,0";"46,0";"18,8";"20,5";"18,0";"1001,1";"1001,9";"1001,0";"3,0";"118,0";"5,9";"3367,90";"0,0"
"10/01/2025";"1700";"32,4";"32,4";"30,5";"45,0";"52,0";"45,0";"19,0";"20,5";"18,2";"1000,3";"1001,0";"1000,3";"2,8";"157,0";"6,3";"2802,40";"0,0"
"10/01/2025";"1800";"32,8";"33,2";"30,9";"44,0";"49,0";"43,0";"19,1";"20,7";"17,7";"999,6";"1000,3";"999,6";"2,4";"118,0";"6,5";"2873,90";"0,0"
"10/01/2025";"1900";"32,2";"32,8";"30,5";"47,0";"48,0";"43,0";"19,3";"19,6";"17,2";"998,9";"999,6";"998,9";"3,6";"163,0";"8,5";"1863,70";"0,0"
"10/01/2025";"2000";"31,0";"32,4";"30,0";"47,0";"49,0";"42,0";"18,4";"18,6";"17,0";"998,8";"998,9";"998,5";"3,3";"151,0";"9,7";"1702,70";"0,0"
"10/01/2025";"2100";"28,3";"31,3";"28,3";"52,0";"53,0";"45,0";"17,5";"18,9";"17,5";"999,8";"999,9";"998,8";"4,3";"158,0";"10,1";"1033,40";"0,0"
"10/01/2025";"2200";"26,5";"28,3";"26,5";"56,0";"57,0";"52,0";"17,0";"17,7";"16,9";"1000,5";"1000,5";"999,8";"3,1";"144,0";"10,1";"182,30";"0,0"
"10/01/2025";"2300";"25,3";"26,5";"25,3";"58,0";"58,0";"55,0";"16,5";"17,0";"16,4";"1000,7";"1000,9";"1000,5";"3,2";"146,0";"8,4";"12,50";"0,0"
"11/01/2025";"0000";"24,1";"25,3";"24,0";"64,0";"65,0";"58,0";"16,9";"17,0";"16,5";"1001,1";"1001,1";"1000,7";"2,2";"145,0";"6,9";"";"0,0"
"11/01/2025";"0100";"23,2";"24,1";"23,2";"68,0";"68,0";"64,0";"17,0";"17,0";"16,8";"1001,8";"1001,8";"1001,1";"1,6";"150,0";"5,1";"";"0,0"
"11/01/2025";"0200";"23,1";"23,3";"23,0";"68,0";"69,0";"67,0";"16,9";"17,1";"16,9";"1002,3";"1002,3";"1001,8";"2,0";"163,0";"3,5";"";"0,0"
"11/01/2025";"0300";"22,2";"23,1";"22,1";"74,0";"74,0";"69,0";"17,3";"17,3";"16,9";"1002,1";"1002,3";"1002,1";"1,2";"148,0";"3,9";"";"0,0"
"11/01/2025";"0400";"21,9";"22,2";"21,8";"76,0";"76,0";"74,0";"17,4";"17,4";"17,2";"1002,4";"1002,4";"1002,1";"0,8";"139,0";"3,9";"";"0,0"
"11/01/2025";"0500";"20,8";"21,8";"20,8";"80,0";"80,0";"76,0";"17,2";"17,4";"17,1";"1001,6";"1002,4";"1001,6";"0,7";"155,0";"3,6";"";"0,0"
"11/01/2025";"0600";"20,5";"21,0";"20,1";"80,0";"81,0";"77,0";"17,0";"17,4";"16,7";"1001,0";"1001,6";"1001,0";"0,5";"190,0";"3,8";"";"0,0"
"11/01/2025";"0700";"20,3";"20,8";"20,1";"82,0";"83,0";"78,0";"17,1";"17,1";"16,7";"1001,0";"1001,1";"1000,9";"0,5";"68,0";"1,9";"";"0,0"
"11/01/2025";"0800";"20,5";"20,5";"20,2";"82,0";"85,0";"82,0";"17,4";"17,8";"17,2";"1001,5";"1001,5";"1001,0";"1,1";"357,0";"1,4";"";"0,0"
"11/01/2025";"0900";"20,6";"20,7";"20,5";"83,0";"84,0";"81,0";"17,6";"17,7";"17,3";"1002,0";"1002,0";"1001,5";"0,8";"360,0";"1,4";"6,20";"0,0"
"11/01/2025";"1000";"21,2";"21,2";"20,5";"83,0";"86,0";"82,0";"18,3";"18,3";"17,6";"1002,8";"1002,8";"1002,0";"0,6";"109,0";"1,2";"147,40";"0,0"
"11/01/2025";"1100";"22,4";"22,4";"21,1";"78,0";"83,0";"78,0";"18,4";"18,4";"17,9";"1003,2";"1003,2";"1002,8";"1,0";"173,0";"1,9";"349,90";"0,0"
"11/01/2025";"1200";"25,0";"25,0";"22,4";"64,0";"78,0";"64,0";"17,8";"18,5";"17,1";"1003,6";"1003,6";"1003,2";"1,4";"128,0";"2,9";"968,30";"0,0"
"11/01/2025";"1300";"25,5";"25,9";"24,8";"61,0";"67,0";"60,0";"17,6";"18,4";"16,9";"1003,7";"1003,7";"1003,6";"2,5";"164,0";"4,2";"1420,20";"0,0"
"11/01/2025";"1400";"26,5";"28,6";"25,5";"57,0";"64,0";"54,0";"17,4";"19,8";"17,4";"1003,6";"1003,7";"1003,6";"3,2";"127,0";"7,1";"2151,90";"0,0"
"11/01/2025";"1500";"27,3";"28,9";"26,3";"56,0";"65,0";"54,0";"17,9";"20,8";"17,5";"1003,3";"1003,6";"1003,3";"3,1";"157,0";"6,4";"1419,20";"0,0"
"11/01/2025";"1600";"29,9";"29,9";"27,0";"53,0";"60,0";"51,0";"19,3";"20,3";"17,8";"1002,7";"1003,3";"1002,7";"3,5";"159,0";"9,0";"2919,30";"0,0"
"11/01/2025";"1700";"28,4";"30,3";"27,6";"52,0";"58,0";"50,0";"17,6";"20,1";"17,4";"1002,3";"1002,8";"1002,3";"4,3";"168,0";"9,7";"2322,00";"0,0"
"11/01/2025";"1800";"28,2";"29,8";"28,0";"54,0";"57,0";"51,0";"17,9";"19,8";"17,6";"1002,0";"1002,3";"1002,0";"6,1";"180,0";"11,4";"1508,00";"0,0"
"11/01/2025";"1900";"28,4";"29,3";"27,7";"52,0";"56,0";"51,0";"17,5";"18,7";"17,4";"1002,0";"1002,2";"1001,9";"4,9";"164,0";"11,4";"1870,80";"0,0"
"11/01/2025";"2000";"27,6";"29,3";"26,9";"54,0";"56,0";"50,0";"17,5";"19,3";"17,1";"1001,9";"1002,0";"1001,8";"6,8";"167,0";"10,8";"1457,40";"0,0"
"11/01/2025";"2100";"26,2";"27,8";"26,2";"58,0";"59,0";"54,0";"17,3";"18,0";"17,3";"1002,6";"1002,6";"1001,9";"3,1";"146,0";"11,4";"729,40";"0,0"
"11/01/2025";"2200";"25,1";"26,2";"25,1";"61,0";"61,0";"58,0";"17,0";"17,6";"16,8";"1003,4";"1003,4";"1002,6";"4,2";"161,0";"8,3";"292,50";"0,0"
"11/01/2025";"2300";"24,0";"25,1";"24,0";"64,0";"64,0";"61,0";"16,7";"17,1";"16,7";"1004,1";"1004,1";"1003,3";"4,2";"157,0";"9,2";"27,60";"0,0"
"12/01/2025";"0000";"23,1";"24,0";"23,0";"67,0";"68,0";"64,0";"16,7";"16,9";"16,7";"1004,8";"1004,8";"1004,1";"3,2";"146,0";"9,2";"";"0,0"
"12/01/2025";"0100";"22,2";"23,1";"22,2";"72,0";"72,0";"67,0";"16,9";"17,0";"16,7";"1005,2";"1005,2";"1004,8";"2,1";"139,0";"7,6";"";"0,0"
"12/01/2025";"0200";"21,1";"22,2";"21,0";"77,0";"77,0";"72,0";"16,9";"16,9";"16,6";"1005,4";"1005,5";"1005,2";"0,9";"146,0";"4,7";"";"0,0"
"12/01/2025";"0300";"20,5";"21,2";"20,5";"81,0";"81,0";"76,0";"17,1";"17,3";"16,6";"1005,6";"1005,7";"1005,4";"1,8";"164,0";"3,6";"";"0,0"
"12/01/2025";"0400";"19,3";"20,6";"19,3";"87,0";"87,0";"81,0";"17,0";"17,4";"16,9";"1005,3";"1005,6";"1005,3";"0,7";"67,0";"3,7";"";"0,0"
"12/01/2025";"0500";"18,6";"19,3";"18,6";"89,0";"89,0";"87,0";"16,8";"17,1";"16,7";"1005,2";"1005,4";"1005,2";"0,2";"299,0";"1,6";"";"0,0"
"12/01/2025";"0600";"17,7";"18,6";"17,5";"93,0";"93,0";"89,0";"16,5";"16,8";"16,1";"1005,2";"1005,2";"1005,1";"0,4";"336,0";"1,5";"";"0,0"
"12/01/2025";"0700";"17,0";"17,8";"17,0";"94,0";"94,0";"92,0";"15,9";"16,6";"15,7";"1005,4";"1005,4";"1005,2";"1,3";"81,0";"1,8";"";"0,0"
"12/01/2025";"0800";"17,0";"17,0";"16,5";"94,0";"95,0";"93,0";"16,1";"16,1";"15,5";"1005,7";"1005,7";"1005,3";"0,8";"100,0";"2,0";"";"0,0"
"12/01/2025";"0900";"16,6";"17,0";"16,2";"95,0";"95,0";"93,0";"15,8";"15,9";"15,2";"1006,3";"1006,3";"1005,7";"1,2";"136,0";"2,2";"19,60";"0,0"
"12/01/2025";"1000";"18,8";"18,8";"16,6";"91,0";"95,0";"90,0";"17,2";"17,5";"15,8";"1006,9";"1006,9";"1006,3";"1,5";"169,0";"2,1";"325,60";"0,0"
"12/01/2025";"1100";"21,5";"21,7";"18,7";"78,0";"91,0";"78,0";"17,5";"18,4";"17,0";"1007,2";"1007,2";"1006,9";"0,9";"124,0";"2,3";"825,50";"0,0"
"12/01/2025";"1200";"25,2";"25,3";"21,5";"65,0";"79,0";"61,0";"18,2";"19,1";"16,8";"1007,1";"1007,3";"1007,0";"1,8";"113,0";"5,6";"1928,50";"0,0"
"12/01/2025";"1300";"25,8";"26,5";"24,7";"57,0";"65,0";"55,0";"16,6";"17,9";"16,0";"1006,7";"1007,1";"1006,7";"3,1";"158,0";"6,0";"2399,10";"0,0"
"12/01/2025";"1400";"28,4";"28,6";"25,8";"46,0";"58,0";"46,0";"15,7";"17,8";"15,6";"1006,1";"1006,7";"1006,1";"3,1";"138,0";"7,6";"2913,90";"0,0"
"12/01/2025";"1500";"28,4";"29,5";"27,1";"41,0";"51,0";"41,0";"13,8";"16,8";"13,8";"1005,4";"1006,1";"1005,4";"3,4";"156,0";"8,3";"3137,30";"0,0"
"12/01/2025";"1600";"29,7";"29,7";"27,2";"39,0";"49,0";"37,0";"14,1";"17,0";"13,5";"1004,4";"1005,4";"1004,4";"4,1";"129,0";"7,8";"3457,30";"0,0"
"12/01/2025";"1700";"28,8";"30,8";"27,7";"48,0";"49,0";"32,0";"16,7";"16,7";"12,0";"1003,9";"1004,4";"1003,9";"3,5";"156,0";"8,8";"2893,10";"0,0"
"12/01/2025";"1800";"28,7";"30,9";"26,9";"52,0";"54,0";"42,0";"17,8";"18,3";"14,8";"1003,3";"1003,9";"1003,3";"6,1";"168,0";"11,7";"2878,30";"0,0"
"12/01/2025";"1900";"28,0";"29,7";"26,8";"49,0";"53,0";"45,0";"16,3";"18,3";"15,5";"1003,0";"1003,3";"1003,0";"5,7";"163,0";"11,7";"2413,10";"0,0"
"12/01/2025";"2000";"27,6";"28,8";"26,5";"47,0";"52,0";"46,0";"15,4";"17,1";"14,7";"1002,7";"1003,0";"1002,6";"4,1";"149,0";"10,1";"1953,30";"0,0"
"12/01/2025";"2100";"26,7";"27,9";"26,5";"50,0";"52,0";"47,0";"15,4";"16,2";"15,0";"1002,7";"1002,8";"1002,6";"4,1";"157,0";"10,6";"1391,20";"0,0"
"12/01/2025";"2200";"24,9";"26,7";"24,9";"57,0";"57,0";"50,0";"15,9";"16,0";"15,0";"1003,4";"1003,4";"1002,7";"3,6";"158,0";"9,4";"598,00";"0,0"
"12/01/2025";"2300";"23,3";"24,9";"23,1";"63,0";"63,0";"57,0";"15,8";"16,0";"15,7";"1003,9";"1003,9";"1003,4";"2,7";"147,0";"9,3";"56,20";"0,0"
"13/01/2025";"0000";"22,2";"23,4";"22,1";"65,0";"67,0";"63,0";"15,4";"15,9";"15,4";"1004,5";"1004,5";"1003,9";"2,7";"141,0";"7,1";"";"0,0"
"13/01/2025";"0100";"21,2";"22,2";"21,2";"72,0";"72,0";"65,0";"15,8";"15,8";"15,4";"1005,0";"1005,0";"1004,5";"2,2";"138,0";"6,3";"";"0,0"
"13/01/2025";"0200";"20,4";"21,4";"20,4";"77,0";"77,0";"71,0";"16,2";"16,3";"15,8";"1005,3";"1005,4";"1005,0";"1,8";"136,0";"6,0";"";"0,0"
"13/01/2025";"0300";"19,7";"20,4";"19,7";"80,0";"80,0";"77,0";"16,2";"16,4";"15,9";"1005,3";"1005,4";"1005,3";"0,5";"164,0";"4,2";"";"0,0"
"13/01/2025";"0400";"18,9";"20,0";"18,9";"85,0";"85,0";"80,0";"16,2";"16,5";"16,1";"1004,7";"1005,3";"1004,7";"1,0";"150,0";"2,1";"";"0,0"
"13/01/2025";"0500";"18,0";"18,9";"17,9";"88,0";"88,0";"85,0";"16,0";"16,3";"15,9";"1004,0";"1004,7";"1004,0";"1,0";"58,0";"1,7";"";"0,0"
"13/01/2025";"0600";"17,7";"18,1";"17,6";"90,0";"90,0";"87,0";"15,9";"16,4";"15,5";"1003,5";"1004,0";"1003,5";"0,3";"204,0";"1,3";"";"0,0"
"13/01/2025";"0700";"17,3";"17,7";"16,6";"92,0";"93,0";"90,0";"16,1";"16,1";"15,3";"1003,5";"1003,5";"1003,4";"0,4";"320,0";"1,1";"";"0,0"
"13/01/2025";"0800";"17,2";"17,4";"16,9";"92,0";"93,0";"92,0";"16,0";"16,1";"15,6";"1003,7";"1003,7";"1003,5";"1,2";"73,0";"1,5";"";"0,0"
"13/01/2025";"0900";"16,7";"17,3";"16,7";"92,0";"92,0";"91,0";"15,4";"16,0";"15,4";"1004,1";"1004,1";"1003,7";"0,8";"218,0";"1,7";"10,70";"0,0"
"13/01/2025";"1000";"19,1";"19,1";"16,6";"89,0";"94,0";"89,0";"17,3";"17,3";"15,4";"1004,6";"1004,6";"1004,1";"0,4";"48,0";"1,7";"225,60";"0,0"
"13/01/2025";"1100";"22,1";"22,1";"19,1";"72,0";"89,0";"70,0";"16,8";"17,6";"16,0";"1004,9";"1004,9";"1004,6";"1,7";"125,0";"2,9";"1058,90";"0,0"
"13/01/2025";"1200";"25,4";"25,4";"22,1";"57,0";"72,0";"57,0";"16,3";"17,2";"15,4";"1004,9";"1005,0";"1004,9";"2,3";"127,0";"4,7";"1911,40";"0,0"
"13/01/2025";"1300";"26,3";"26,8";"24,5";"53,0";"60,0";"52,0";"16,0";"17,0";"15,0";"1004,7";"1004,9";"1004,7";"2,8";"184,0";"5,1";"2587,50";"0,0"
"13/01/2025";"1400";"27,7";"28,2";"26,3";"53,0";"56,0";"50,0";"17,2";"17,8";"15,4";"1004,1";"1004,7";"1004,1";"3,3";"171,0";"6,4";"2697,30";"0,0"
"13/01/2025";"1500";"29,4";"29,7";"27,2";"50,0";"54,0";"46,0";"17,8";"18,0";"16,1";"1003,6";"1004,1";"1003,6";"2,7";"162,0";"7,0";"3586,30";"0,0"
"13/01/2025";"1600";"30,0";"30,5";"28,3";"48,0";"52,0";"43,0";"17,7";"18,1";"15,2";"1002,8";"1003,6";"1002,8";"3,7";"157,0";"6,6";"3591,80";"0,0"
"13/01/2025";"1700";"31,5";"31,5";"29,5";"42,0";"48,0";"38,0";"16,9";"17,7";"14,2";"1002,1";"1002,8";"1002,1";"2,7";"136,0";"8,2";"3617,90";"0,0"
"13/01/2025";"1800";"31,4";"32,3";"30,0";"41,0";"43,0";"36,0";"16,6";"17,1";"14,1";"1001,4";"1002,1";"1001,3";"2,9";"153,0";"8,1";"3277,50";"0,0"
"13/01/2025";"1900";"29,5";"32,2";"29,2";"41,0";"42,0";"34,0";"14,7";"16,8";"13,9";"1000,7";"1001,4";"1000,7";"4,4";"151,0";"9,1";"2602,10";"0,0"
"13/01/2025";"2000";"30,0";"31,4";"28,9";"41,0";"44,0";"37,0";"15,5";"16,7";"14,4";"1000,3";"1000,7";"1000,3";"3,4";"152,0";"9,3";"1949,50";"0,0"
"13/01/2025";"2100";"28,7";"30,2";"28,7";"45,0";"47,0";"41,0";"15,8";"16,9";"15,0";"1000,3";"1000,4";"1000,1";"3,9";"150,0";"10,1";"1373,00";"0,0"
"13/01/2025";"2200";"26,5";"28,7";"26,5";"51,0";"52,0";"45,0";"15,6";"16,3";"15,6";"1001,0";"1001,0";"1000,3";"3,4";"142,0";"10,2";"573,10";"0,0"
"13/01/2025";"2300";"24,3";"26,5";"24,1";"59,0";"59,0";"51,0";"15,7";"15,7";"15,4";"1001,7";"1001,7";"1001,0";"2,0";"139,0";"8,9";"44,20";"0,0"
"14/01/2025";"0000";"22,6";"24,3";"22,6";"66,0";"66,0";"59,0";"15,9";"16,0";"15,6";"1002,4";"1002,4";"1001,7";"1,6";"142,0";"5,1";"";"0,0"
"14/01/2025";"0100";"21,9";"22,6";"21,9";"71,0";"71,0";"66,0";"16,3";"16,3";"15,9";"1003,0";"1003,0";"1002,4";"2,0";"147,0";"5,3";"";"0,0"
"14/01/2025";"0200";"20,6";"21,9";"20,5";"77,0";"77,0";"71,0";"16,4";"16,4";"16,2";"1003,1";"1003,1";"1003,0";"0,5";"141,0";"4,5";"";"0,0"
"14/01/2025";"0300";"19,6";"21,3";"19,6";"81,0";"81,0";"74,0";"16,2";"16,7";"16,2";"1002,9";"1003,2";"1002,9";"0,4";"35,0";"2,0";"";"0,0"
"14/01/2025";"0400";"18,6";"19,8";"18,6";"87,0";"87,0";"81,0";"16,3";"16,7";"16,2";"1002,4";"1002,9";"1002,4";"1,3";"72,0";"1,6";"";"0,0"
"14/01/2025";"0500";"18,2";"18,6";"18,1";"90,0";"90,0";"87,0";"16,5";"16,5";"16,2";"1001,8";"1002,4";"1001,8";"0,5";"170,0";"1,7";"";"0,0"
"14/01/2025";"0600";"17,5";"18,5";"17,3";"92,0";"92,0";"89,0";"16,2";"16,6";"15,7";"1001,4";"1001,8";"1001,4";"1,2";"106,0";"2,0";"";"0,0"
"14/01/2025";"0700";"17,2";"17,5";"17,0";"93,0";"93,0";"92,0";"16,0";"16,3";"15,7";"1001,7";"1001,8";"1001,4";"0,7";"310,0";"1,6";"";"0,0"
"14/01/2025";"0800";"17,0";"17,5";"16,7";"94,0";"94,0";"93,0";"16,0";"16,4";"15,6";"1002,2";"1002,2";"1001,7";"0,7";"41,0";"1,2";"";"0,0"
"14/01/2025";"0900";"16,8";"17,1";"16,6";"94,0";"94,0";"93,0";"15,8";"16,1";"15,5";"1002,6";"1002,6";"1002,2";"1,0";"118,0";"2,0";"10,60";"0,0"
"14/01/2025";"1000";"19,1";"19,1";"16,7";"90,0";"94,0";"90,0";"17,4";"17,4";"15,7";"1003,1";"1003,1";"1002,6";"0,7";"112,0";"1,9";"267,60";"0,0"
"14/01/2025";"1100";"22,2";"22,3";"19,1";"75,0";"90,0";"75,0";"17,6";"18,1";"16,9";"1002,9";"1003,1";"1002,9";"0,8";"249,0";"1,8";"1170,90";"0,0"
"14/01/2025";"1200";"24,8";"24,8";"22,2";"64,0";"76,0";"63,0";"17,4";"18,9";"17,0";"1002,8";"1002,9";"1002,8";"1,8";"272,0";"3,6";"1847,30";"0,0"
"14/01/2025";"1300";"27,9";"28,0";"24,8";"50,0";"64,0";"49,0";"16,4";"18,2";"16,1";"1002,4";"1002,8";"1002,4";"0,9";"111,0";"3,6";"2528,30";"0,0"
"14/01/2025";"1400";"29,7";"29,7";"27,7";"45,0";"53,0";"44,0";"16,6";"17,8";"15,5";"1001,9";"1002,4";"1001,9";"1,7";"341,0";"4,5";"3003,90";"0,0"
"14/01/2025";"1500";"31,0";"31,3";"29,2";"39,0";"48,0";"39,0";"15,6";"17,5";"15,6";"1001,3";"1001,9";"1001,3";"2,1";"196,0";"4,5";"3411,90";"0,0"
"14/01/2025";"1600";"32,3";"33,2";"30,8";"38,0";"45,0";"36,0";"16,0";"18,1";"15,3";"1000,6";"1001,3";"1000,6";"2,0";"42,0";"5,4";"3542,20";"0,0"
"14/01/2025";"1700";"32,5";"33,5";"31,3";"40,0";"42,0";"36,0";"17,2";"18,1";"15,2";"999,9";"1000,6";"999,9";"3,3";"192,0";"6,6";"3283,90";"0,0"
"14/01/2025";"1800";"33,5";"34,4";"31,5";"38,0";"43,0";"35,0";"17,0";"18,8";"15,5";"998,8";"999,9";"998,8";"3,3";"166,0";"7,3";"2993,30";"0,0"
"14/01/2025";"1900";"33,8";"34,2";"32,3";"38,0";"39,0";"34,0";"17,3";"17,8";"14,8";"998,3";"998,8";"998,3";"2,9";"144,0";"7,3";"2383,30";"0,0"
"14/01/2025";"2000";"31,8";"34,0";"31,7";"39,0";"39,0";"33,0";"16,0";"16,8";"14,6";"997,9";"998,3";"997,8";"3,0";"142,0";"7,6";"1742,00";"0,0"
"14/01/2025";"2100";"30,3";"32,1";"30,3";"45,0";"45,0";"39,0";"17,0";"17,3";"15,9";"998,0";"998,0";"997,8";"3,2";"151,0";"7,8";"865,60";"0,0"
"14/01/2025";"2200";"27,7";"30,3";"27,7";"55,0";"55,0";"45,0";"17,9";"18,0";"17,0";"998,7";"998,8";"998,0";"2,6";"148,0";"7,6";"268,10";"0,0"
"14/01/2025";"2300";"25,5";"27,7";"25,5";"64,0";"64,0";"55,0";"18,1";"18,1";"17,8";"998,8";"999,0";"998,7";"1,0";"144,0";"6,2";"15,90";"0,0"
"15/01/2025";"0000";"24,8";"25,5";"24,5";"67,0";"68,0";"63,0";"18,2";"18,2";"17,9";"999,4";"999,4";"998,7";"1,3";"163,0";"3,2";"";"0,0"
"15/01/2025";"0100";"24,1";"24,8";"24,1";"70,0";"70,0";"67,0";"18,3";"18,3";"18,1";"1000,3";"1000,3";"999,4";"0,8";"87,0";"3,1";"";"0,0"
"15/01/2025";"0200";"22,5";"24,2";"22,5";"78,0";"78,0";"70,0";"18,6";"18,7";"18,3";"1001,2";"1001,2";"1000,3";"1,8";"332,0";"2,6";"";"0,0"
"15/01/2025";"0300";"22,4";"23,1";"22,3";"79,0";"79,0";"77,0";"18,5";"18,8";"18,5";"1001,3";"1001,4";"1001,2";"0,9";"271,0";"2,6";"";"0,0"
"15/01/2025";"0400";"21,3";"22,4";"21,3";"84,0";"85,0";"79,0";"18,6";"18,8";"18,2";"1001,0";"1001,3";"1000,9";"0,5";"316,0";"1,4";"";"0,0"
"15/01/2025";"0500";"21,1";"21,3";"20,8";"87,0";"87,0";"84,0";"18,9";"18,9";"18,5";"1000,7";"1001,0";"1000,7";"0,7";"123,0";"1,8";"";"0,0"
"15/01/2025";"0600";"21,1";"21,2";"20,9";"87,0";"89,0";"87,0";"18,9";"19,1";"18,8";"1000,8";"1000,8";"1000,7";"1,0";"253,0";"1,8";"";"0,0"
"15/01/2025";"0700";"20,9";"21,3";"20,3";"88,0";"89,0";"85,0";"18,9";"18,9";"18,4";"1000,6";"1000,8";"1000,6";"1,7";"260,0";"2,9";"";"0,0"
"15/01/2025";"0800";"24,2";"24,6";"20,9";"63,0";"88,0";"62,0";"16,7";"19,1";"16,6";"1001,1";"1001,1";"1000,6";"1,0";"283,0";"6,0";"";"0,0"
"15/01/2025";"0900";"24,1";"24,8";"23,4";"62,0";"65,0";"60,0";"16,4";"16,7";"16,3";"1001,9";"1001,9";"1001,0";"1,5";"70,0";"4,2";"14,40";"0,0"
"15/01/2025";"1000";"24,5";"24,6";"23,9";"62,0";"64,0";"61,0";"16,7";"17,0";"16,4";"1002,5";"1002,5";"1001,9";"1,6";"72,0";"3,6";"213,80";"0,0"
"15/01/2025";"1100";"25,9";"25,9";"24,4";"56,0";"64,0";"55,0";"16,4";"17,5";"16,0";"1002,6";"1002,6";"1002,5";"1,0";"130,0";"3,4";"596,10";"0,0"
"15/01/2025";"1200";"27,7";"28,0";"25,9";"51,0";"58,0";"49,0";"16,6";"18,0";"15,9";"1002,9";"1003,0";"1002,7";"1,9";"103,0";"4,2";"1666,70";"0,0"
"15/01/2025";"1300";"29,8";"29,8";"27,2";"47,0";"54,0";"47,0";"17,3";"17,8";"16,0";"1002,8";"1002,9";"1002,8";"1,5";"60,0";"4,3";"2127,00";"0,0"
"15/01/2025";"1400";"30,2";"31,1";"28,8";"44,0";"50,0";"42,0";"16,6";"17,6";"16,0";"1002,5";"1002,8";"1002,5";"4,8";"351,0";"8,2";"3302,80";"0,0"
"15/01/2025";"1500";"31,5";"31,7";"29,7";"42,0";"45,0";"40,0";"16,9";"17,8";"16,1";"1002,3";"1002,6";"1002,3";"2,9";"343,0";"8,2";"3553,70";"0,0"
"15/01/2025";"1600";"32,5";"32,5";"30,9";"39,0";"43,0";"37,0";"16,8";"17,2";"15,2";"1001,8";"1002,3";"1001,8";"1,5";"261,0";"5,2";"2982,40";"0,0"
"15/01/2025";"1700";"30,6";"32,7";"30,5";"43,0";"43,0";"37,0";"16,6";"17,5";"15,5";"1001,4";"1001,8";"1001,3";"4,8";"354,0";"7,7";"2135,80";"0,0"
"15/01/2025";"1800";"32,8";"32,8";"30,1";"42,0";"47,0";"41,0";"18,1";"18,5";"16,3";"1001,2";"1001,4";"1001,2";"3,4";"3,0";"7,7";"1764,70";"0,0"
"15/01/2025";"1900";"33,2";"34,5";"31,9";"36,0";"43,0";"35,0";"16,3";"17,9";"16,3";"1000,2";"1001,2";"1000,2";"2,4";"196,0";"5,2";"2831,20";"0,0"
"15/01/2025";"2000";"33,0";"33,3";"31,8";"37,0";"43,0";"36,0";"16,2";"18,0";"16,2";"999,8";"1000,2";"999,7";"2,4";"134,0";"5,3";"1562,40";"0,0"
"15/01/2025";"2100";"30,5";"33,3";"30,5";"46,0";"47,0";"36,0";"17,7";"18,1";"15,9";"1000,1";"1000,1";"999,7";"2,3";"152,0";"6,0";"984,30";"0,0"
"15/01/2025";"2200";"29,5";"30,5";"29,5";"51,0";"51,0";"46,0";"18,2";"18,4";"17,4";"1000,6";"1000,6";"1000,0";"1,5";"142,0";"5,9";"329,60";"0,0"
"15/01/2025";"2300";"28,2";"29,5";"27,9";"58,0";"58,0";"51,0";"19,0";"19,0";"18,3";"1000,9";"1000,9";"1000,6";"2,5";"105,0";"4,0";"25,20";"0,0"
"16/01/2025";"0000";"26,3";"28,2";"26,1";"66,0";"67,0";"58,0";"19,5";"19,5";"19,0";"1001,6";"1001,6";"1000,9";"2,5";"127,0";"4,8";"";"0,0"
"16/01/2025";"0100";"24,8";"26,5";"24,8";"72,0";"72,0";"65,0";"19,5";"19,6";"19,3";"1002,3";"1002,3";"1001,6";"1,0";"138,0";"4,8";"";"0,0"
"16/01/2025";"0200";"24,2";"25,2";"24,2";"75,0";"75,0";"71,0";"19,6";"19,7";"19,4";"1003,0";"1003,0";"1002,3";"0,5";"10,0";"3,5";"";"0,0"
"16/01/2025";"0300";"23,1";"24,3";"23,0";"81,0";"81,0";"75,0";"19,7";"19,7";"19,4";"1003,0";"1003,1";"1003,0";"0,5";"59,0";"1,3";"";"0,0"
"16/01/2025";"0400";"22,1";"23,4";"22,1";"84,0";"84,0";"79,0";"19,3";"19,8";"19,2";"1002,8";"1003,0";"1002,8";"1,3";"127,0";"1,9";"";"0,0"
"16/01/2025";"0500";"21,7";"22,4";"21,7";"87,0";"87,0";"84,0";"19,4";"19,6";"19,0";"1002,7";"1002,9";"1002,7";"0,6";"157,0";"1,9";"";"0,0"
"16/01/2025";"0600";"21,3";"21,7";"21,0";"89,0";"89,0";"87,0";"19,5";"19,5";"19,1";"1002,6";"1002,7";"1002,6";"0,8";"102,0";"1,9";"";"0,0"
"16/01/2025";"0700";"21,2";"21,5";"20,7";"89,0";"91,0";"88,0";"19,2";"19,8";"18,9";"1002,6";"1002,6";"1002,5";"0,7";"23,0";"2,3";"";"0,0"
"16/01/2025";"0800";"23,5";"23,9";"21,2";"73,0";"89,0";"73,0";"18,4";"20,2";"18,4";"1002,9";"1002,9";"1002,5";"1,9";"240,0";"3,9";"";"0,0"
"16/01/2025";"0900";"23,7";"24,2";"22,5";"69,0";"78,0";"67,0";"17,7";"18,7";"17,5";"1003,3";"1003,3";"1002,8";"1,9";"228,0";"3,6";"15,50";"0,0"
"16/01/2025";"1000";"24,5";"24,8";"23,1";"64,0";"72,0";"62,0";"17,3";"17,9";"17,0";"1003,8";"1003,8";"1003,3";"2,7";"206,0";"4,4";"173,30";"0,0"
"16/01/2025";"1100";"27,8";"27,9";"24,6";"52,0";"64,0";"51,0";"17,1";"18,1";"16,7";"1004,1";"1004,1";"1003,8";"1,3";"226,0";"5,9";"1125,30";"0,0"
"16/01/2025";"1200";"29,7";"29,7";"27,5";"47,0";"54,0";"46,0";"17,2";"17,6";"16,1";"1004,4";"1004,4";"1004,1";"2,1";"209,0";"5,9";"1792,20";"0,0"
"16/01/2025";"1300";"30,9";"31,0";"28,2";"44,0";"53,0";"44,0";"17,3";"18,3";"16,4";"1004,3";"1004,6";"1004,3";"1,1";"178,0";"6,2";"2127,00";"0,0"
"16/01/2025";"1400";"31,4";"31,5";"30,0";"44,0";"48,0";"44,0";"17,9";"19,0";"17,3";"1003,9";"1004,3";"1003,9";"2,7";"49,0";"5,9";"2970,30";"0,0"
"16/01/2025";"1500";"32,9";"33,0";"31,3";"41,0";"46,0";"39,0";"18,0";"18,6";"16,5";"1003,4";"1004,0";"1003,4";"2,2";"74,0";"5,7";"3105,40";"0,0"
"16/01/2025";"1600";"31,6";"32,9";"31,6";"45,0";"47,0";"40,0";"18,2";"19,5";"17,1";"1003,1";"1003,4";"1003,1";"3,2";"355,0";"7,0";"2362,80";"0,0"
"16/01/2025";"1700";"34,4";"34,5";"31,6";"39,0";"45,0";"39,0";"18,3";"19,2";"17,7";"1002,2";"1003,1";"1002,2";"2,4";"251,0";"5,4";"3238,60";"0,0"
"16/01/2025";"1800";"32,8";"34,8";"32,6";"43,0";"44,0";"37,0";"18,4";"19,1";"17,7";"1001,2";"1002,2";"1001,2";"1,8";"307,0";"5,4";"1593,30";"0,0"
"16/01/2025";"1900";"33,2";"35,8";"32,8";"39,0";"44,0";"34,0";"17,2";"19,2";"17,0";"1000,2";"1001,2";"1000,2";"2,7";"209,0";"5,4";"2198,40";"0,0"
"16/01/2025";"2000";"33,3";"34,7";"32,7";"41,0";"44,0";"38,0";"18,4";"19,4";"17,3";"999,8";"1000,2";"999,8";"3,0";"185,0";"5,4";"1069,90";"0,0"
"16/01/2025";"2100";"30,0";"33,8";"30,0";"54,0";"54,0";"41,0";"19,7";"19,7";"18,1";"1000,3";"1000,3";"999,7";"4,0";"139,0";"9,4";"912,30";"0,0"
"16/01/2025";"2200";"28,8";"30,2";"28,8";"61,0";"61,0";"54,0";"20,5";"20,5";"19,7";"1000,6";"1000,6";"1000,3";"2,9";"127,0";"9,4";"479,00";"0,0"
"16/01/2025";"2300";"26,6";"28,8";"26,6";"71,0";"71,0";"61,0";"21,0";"21,1";"20,5";"1001,0";"1001,0";"1000,6";"2,2";"128,0";"6,3";"22,60";"0,0"
"17/01/2025";"0000";"26,0";"26,6";"26,0";"72,0";"74,0";"71,0";"20,5";"21,1";"20,5";"1001,6";"1001,6";"1000,9";"1,1";"227,0";"3,9";"";"0,0"
"17/01/2025";"0100";"24,6";"26,0";"24,5";"79,0";"79,0";"72,0";"20,8";"20,8";"20,4";"1002,4";"1002,4";"1001,6";"1,4";"69,0";"2,5";"";"0,0"
"17/01/2025";"0200";"23,9";"24,6";"23,5";"83,0";"84,0";"79,0";"20,8";"20,9";"20,5";"1002,0";"1002,3";"1002,0";"1,6";"260,0";"3,0";"";"0,0"
"17/01/2025";"0300";"23,2";"24,0";"22,9";"86,0";"86,0";"82,0";"20,7";"20,9";"20,4";"1002,2";"1002,4";"1001,9";"1,3";"285,0";"5,0";"";"0,0"
"17/01/2025";"0400";"23,0";"23,3";"22,8";"86,0";"87,0";"85,0";"20,5";"20,6";"20,4";"1002,1";"1002,4";"1002,1";"0,8";"253,0";"3,6";"";"0,0"
"17/01/2025";"0500";"22,0";"23,0";"22,0";"90,0";"90,0";"86,0";"20,3";"20,6";"20,1";"1001,6";"1002,1";"1001,6";"0,8";"291,0";"1,3";"";"0,0"
"17/01/2025";"0600";"21,7";"22,1";"21,6";"91,0";"91,0";"90,0";"20,2";"20,5";"20,1";"1000,7";"1001,6";"1000,7";"1,2";"100,0";"2,8";"";"0,0"
"17/01/2025";"0700";"23,3";"23,3";"21,4";"87,0";"92,0";"87,0";"21,0";"21,1";"19,8";"1000,3";"1000,7";"1000,2";"1,6";"158,0";"2,9";"";"0,0"
"17/01/2025";"0800";"25,3";"25,8";"22,2";"70,0";"88,0";"70,0";"19,6";"20,9";"19,5";"1001,0";"1001,0";"1000,3";"1,5";"229,0";"4,4";"";"0,0"
"17/01/2025";"0900";"25,2";"25,7";"23,9";"72,0";"77,0";"69,0";"19,8";"20,4";"19,4";"1001,3";"1001,3";"1001,0";"1,3";"157,0";"3,9";"7,00";"0,0"
"17/01/2025";"1000";"26,9";"26,9";"24,7";"66,0";"75,0";"66,0";"20,1";"20,4";"19,7";"1001,6";"1001,7";"1001,3";"2,0";"199,0";"3,7";"285,70";"0,0"
"17/01/2025";"1100";"29,1";"29,3";"26,9";"57,0";"67,0";"57,0";"19,8";"20,6";"19,5";"1002,0";"1002,0";"1001,6";"2,2";"313,0";"5,3";"1063,10";"0,0"
"17/01/2025";"1200";"31,1";"31,5";"29,1";"50,0";"58,0";"50,0";"19,5";"20,6";"19,2";"1002,1";"1002,1";"1002,0";"1,4";"271,0";"5,3";"1806,50";"0,0"
"17/01/2025";"1300";"31,9";"32,2";"31,1";"49,0";"53,0";"47,0";"19,9";"20,9";"19,3";"1002,0";"1002,2";"1001,9";"4,5";"4,0";"8,1";"2483,00";"0,0"
"17/01/2025";"1400";"34,2";"34,3";"31,7";"44,0";"51,0";"43,0";"20,2";"21,0";"19,6";"1001,5";"1002,0";"1001,4";"2,4";"305,0";"7,7";"3021,40";"0,0"
"17/01/2025";"1500";"34,9";"35,4";"33,3";"41,0";"46,0";"41,0";"19,6";"21,0";"19,1";"1000,9";"1001,5";"1000,9";"2,0";"330,0";"6,9";"3375,80";"0,0"
"17/01/2025";"1600";"35,9";"36,5";"34,5";"36,0";"42,0";"35,0";"18,6";"20,2";"18,3";"999,7";"1000,9";"999,6";"2,2";"297,0";"5,5";"3610,20";"0,0"
"17/01/2025";"1700";"35,2";"37,2";"34,7";"37,0";"39,0";"33,0";"18,1";"20,4";"17,6";"998,5";"999,7";"998,4";"2,5";"244,0";"6,0";"2368,40";"0,0"
"17/01/2025";"1800";"31,5";"36,9";"31,3";"42,0";"46,0";"34,0";"17,2";"19,9";"16,6";"999,0";"999,0";"998,1";"2,9";"1,0";"7,6";"1463,20";"0,0"
"17/01/2025";"1900";"35,0";"35,9";"31,5";"40,0";"44,0";"39,0";"19,4";"20,4";"17,1";"998,6";"999,0";"998,6";"2,7";"266,0";"7,1";"2658,80";"0,0"
"17/01/2025";"2000";"33,6";"35,6";"32,7";"44,0";"49,0";"38,0";"19,6";"20,8";"18,8";"999,0";"999,0";"998,4";"2,9";"228,0";"8,4";"2259,20";"0,0"
"17/01/2025";"2100";"32,5";"33,7";"31,6";"50,0";"53,0";"43,0";"20,8";"21,3";"19,1";"998,6";"999,0";"998,2";"1,2";"245,0";"5,4";"1274,20";"0,0"
"17/01/2025";"2200";"30,9";"32,9";"30,9";"56,0";"56,0";"49,0";"21,0";"21,3";"20,3";"999,2";"999,2";"998,5";"0,8";"148,0";"2,6";"293,80";"0,0"
"17/01/2025";"2300";"28,2";"31,1";"28,2";"66,0";"66,0";"54,0";"21,3";"21,4";"20,8";"999,9";"1000,0";"999,2";"2,9";"120,0";"5,8";"47,50";"0,0"
"18/01/2025";"0000";"26,7";"28,2";"26,6";"74,0";"74,0";"66,0";"21,7";"21,7";"21,3";"999,9";"999,9";"999,5";"0,7";"122,0";"5,3";"";"0,0"
"18/01/2025";"0100";"26,0";"27,0";"26,0";"77,0";"77,0";"71,0";"21,7";"21,8";"20,7";"1000,7";"1000,8";"999,9";"2,2";"42,0";"3,3";"";"0,0"
"18/01/2025";"0200";"25,4";"26,2";"25,4";"80,0";"80,0";"76,0";"21,7";"21,7";"21,3";"999,9";"1000,7";"999,9";"0,9";"305,0";"3,7";"";"0,0"
"18/01/2025";"0300";"24,3";"25,4";"24,3";"84,0";"84,0";"80,0";"21,4";"22,0";"21,3";"1000,5";"1000,6";"999,8";"1,5";"344,0";"4,5";"";"0,0"
"18/01/2025";"0400";"23,9";"24,4";"23,9";"87,0";"88,0";"84,0";"21,7";"21,8";"21,4";"1000,2";"1000,6";"1000,2";"2,0";"15,0";"2,8";"";"0,0"
"18/01/2025";"0500";"22,8";"24,0";"22,8";"89,0";"89,0";"87,0";"20,9";"21,7";"20,9";"1000,3";"1000,3";"1000,2";"0,9";"124,0";"3,3";"";"0,0"
"18/01/2025";"0600";"23,1";"23,5";"22,8";"90,0";"91,0";"89,0";"21,4";"21,7";"21,0";"1000,1";"1000,3";"1000,0";"0,8";"204,0";"2,3";"";"0,0"
"18/01/2025";"0700";"22,5";"23,1";"22,5";"92,0";"92,0";"90,0";"21,1";"21,4";"21,1";"999,9";"1000,1";"999,9";"0,3";"319,0";"1,7";"";"0,0"
"18/01/2025";"0800";"22,3";"22,6";"22,2";"93,0";"93,0";"92,0";"21,1";"21,4";"21,0";"1000,2";"1000,2";"999,9";"0,8";"117,0";"2,0";"";"0,0"
"18/01/2025";"0900";"22,4";"22,5";"22,1";"93,0";"94,0";"92,0";"21,2";"21,4";"20,9";"1001,0";"1001,0";"1000,2";"0,9";"147,0";"1,5";"6,10";"0,0"
"18/01/2025";"1000";"23,2";"23,2";"22,4";"91,0";"93,0";"91,0";"21,6";"21,7";"21,2";"1001,9";"1001,9";"1001,0";"0,3";"311,0";"1,3";"100,40";"0,0"
"18/01/2025";"1100";"23,8";"24,1";"23,2";"89,0";"91,0";"89,0";"21,8";"22,3";"21,7";"1002,3";"1002,3";"1001,9";"1,3";"304,0";"2,4";"297,40";"0,0"
"18/01/2025";"1200";"26,9";"27,1";"23,8";"75,0";"89,0";"74,0";"22,1";"22,9";"21,9";"1002,5";"1002,5";"1002,3";"0,9";"284,0";"2,4";"1340,70";"0,0"
"18/01/2025";"1300";"28,3";"28,7";"26,6";"69,0";"75,0";"68,0";"22,2";"23,3";"21,5";"1002,8";"1002,8";"1002,5";"1,5";"163,0";"4,1";"2157,10";"0,0"
"18/01/2025";"1400";"30,0";"30,3";"28,3";"62,0";"70,0";"62,0";"22,0";"22,8";"21,5";"1002,8";"1002,8";"1002,7";"2,3";"228,0";"4,8";"2375,00";"0,0"
"18/01/2025";"1500";"31,7";"32,5";"30,0";"57,0";"63,0";"55,0";"22,2";"22,7";"21,4";"1002,2";"1002,8";"1002,2";"2,8";"231,0";"5,4";"3264,90";"0,0"
"18/01/2025";"1600";"32,1";"33,0";"30,8";"54,0";"59,0";"53,0";"21,6";"22,9";"21,1";"1001,4";"1002,2";"1001,4";"3,1";"185,0";"6,9";"3383,40";"0,0"
"18/01/2025";"1700";"33,1";"33,7";"31,0";"50,0";"56,0";"49,0";"21,4";"22,6";"20,5";"1000,9";"1001,4";"1000,9";"1,7";"231,0";"6,2";"2947,70";"0,0"
"18/01/2025";"1800";"33,8";"34,6";"32,2";"47,0";"53,0";"44,0";"20,9";"22,5";"19,9";"999,9";"1000,9";"999,9";"1,5";"252,0";"5,1";"2802,50";"0,0"
"18/01/2025";"1900";"33,3";"35,4";"33,3";"44,0";"48,0";"39,0";"19,3";"21,3";"19,0";"999,6";"1000,0";"999,5";"3,0";"211,0";"5,7";"2298,00";"0,0"
"18/01/2025";"2000";"33,8";"35,2";"33,1";"46,0";"47,0";"42,0";"20,5";"21,4";"19,3";"999,0";"999,6";"999,0";"3,3";"159,0";"6,6";"1697,60";"0,0"
"18/01/2025";"2100";"33,2";"34,1";"32,6";"53,0";"54,0";"46,0";"22,2";"22,3";"20,2";"998,9";"999,0";"998,7";"3,0";"151,0";"6,4";"1125,00";"0,0"
"18/01/2025";"2200";"30,6";"33,2";"30,6";"61,0";"61,0";"52,0";"22,1";"22,6";"21,8";"999,4";"999,4";"998,9";"2,3";"148,0";"8,0";"543,50";"0,0"
"18/01/2025";"2300";"28,5";"30,6";"28,5";"68,0";"68,0";"61,0";"21,9";"22,5";"21,9";"1000,3";"1000,3";"999,4";"2,3";"138,0";"6,1";"34,60";"0,0"
"19/01/2025";"0000";"27,5";"28,5";"27,5";"69,0";"71,0";"68,0";"21,4";"22,0";"21,4";"1001,3";"1001,3";"1000,3";"2,6";"125,0";"5,4";"";"0,0"
"19/01/2025";"0100";"26,2";"27,7";"26,2";"74,0";"74,0";"69,0";"21,2";"21,5";"21,1";"1002,1";"1002,1";"1001,3";"1,4";"152,0";"5,4";"";"0,0"
"19/01/2025";"0200";"25,8";"26,6";"25,7";"80,0";"80,0";"73,0";"22,0";"22,0";"21,2";"1002,5";"1002,5";"1002,1";"1,4";"143,0";"4,3";"";"0,0"
"19/01/2025";"0300";"25,0";"25,8";"25,0";"85,0";"85,0";"80,0";"22,3";"22,5";"21,9";"1002,5";"1002,7";"1002,5";"1,4";"152,0";"3,1";"";"0,0"
"19/01/2025";"0400";"24,5";"25,1";"24,5";"87,0";"87,0";"85,0";"22,2";"22,6";"22,2";"1002,2";"1002,7";"1002,2";"1,0";"133,0";"2,9";"";"0,0"
"19/01/2025";"0500";"23,8";"24,8";"23,8";"88,0";"88,0";"86,0";"21,7";"22,3";"21,6";"1001,3";"1002,2";"1001,3";"1,1";"127,0";"2,9";"";"0,0"
"19/01/2025";"0600";"23,4";"24,0";"23,3";"88,0";"89,0";"87,0";"21,4";"21,8";"21,2";"1001,4";"1001,5";"1001,2";"1,1";"108,0";"2,5";"";"0,0"
"19/01/2025";"0700";"22,9";"23,5";"22,7";"91,0";"91,0";"88,0";"21,3";"21,5";"21,0";"1000,8";"1001,4";"1000,8";"1,4";"75,0";"2,2";"";"0,0"
"19/01/2025";"0800";"22,4";"23,0";"22,3";"93,0";"93,0";"90,0";"21,2";"21,4";"20,8";"1000,8";"1001,0";"1000,8";"0,3";"70,0";"2,2";"";"0,0"
"19/01/2025";"0900";"23,0";"23,0";"22,4";"92,0";"93,0";"92,0";"21,7";"21,7";"21,2";"1001,1";"1001,2";"1000,7";"0,7";"348,0";"1,2";"3,70";"0,0"
"19/01/2025";"1000";"23,6";"23,6";"23,0";"90,0";"92,0";"90,0";"21,9";"22,0";"21,6";"1001,4";"1001,4";"1001,0";"1,1";"272,0";"1,8";"95,50";"0,0"
"19/01/2025";"1100";"24,4";"24,4";"23,6";"88,0";"90,0";"88,0";"22,3";"22,3";"21,7";"1001,9";"1001,9";"1001,4";"1,0";"268,0";"2,0";"276,60";"0,0"
"19/01/2025";"1200";"25,7";"25,8";"24,2";"81,0";"88,0";"81,0";"22,2";"22,4";"21,9";"1001,6";"1002,0";"1001,6";"0,5";"139,0";"2,1";"693,40";"0,0"
"19/01/2025";"1300";"28,1";"28,1";"25,7";"70,0";"81,0";"70,0";"22,2";"22,7";"21,5";"1001,6";"1001,6";"1001,5";"1,1";"296,0";"2,4";"1503,90";"0,0"
"19/01/2025";"1400";"29,6";"29,8";"27,3";"63,0";"72,0";"63,0";"21,8";"22,8";"21,4";"1001,1";"1001,6";"1001,1";"1,6";"237,0";"3,8";"1791,70";"0,0"
"19/01/2025";"1500";"31,0";"31,4";"29,2";"56,0";"65,0";"56,0";"21,2";"22,5";"21,1";"1000,5";"1001,1";"1000,5";"1,9";"199,0";"7,0";"3375,40";"0,0"
"19/01/2025";"1600";"33,5";"33,5";"30,8";"50,0";"58,0";"50,0";"21,7";"22,1";"20,7";"999,4";"1000,5";"999,4";"3,1";"222,0";"6,0";"3560,80";"0,0"
"19/01/2025";"1700";"34,3";"34,7";"32,9";"46,0";"50,0";"43,0";"21,0";"21,7";"19,7";"998,8";"999,4";"998,8";"2,1";"250,0";"6,0";"3411,10";"0,0"
"19/01/2025";"1800";"35,6";"35,8";"33,2";"37,0";"47,0";"37,0";"18,5";"21,2";"18,4";"997,6";"998,8";"997,6";"1,5";"226,0";"5,8";"3090,60";"0,0"
"19/01/2025";"1900";"35,1";"36,5";"34,9";"36,0";"38,0";"32,0";"17,7";"19,0";"16,4";"996,4";"997,6";"996,4";"2,0";"157,0";"6,1";"2692,80";"0,0"
"19/01/2025";"2000";"35,6";"36,2";"35,0";"34,0";"37,0";"32,0";"17,4";"18,3";"16,3";"996,2";"996,4";"996,2";"1,8";"162,0";"7,1";"2069,40";"0,0"
"19/01/2025";"2100";"34,8";"36,2";"34,5";"39,0";"39,0";"33,0";"18,6";"18,6";"17,0";"995,9";"996,2";"995,9";"2,4";"181,0";"5,8";"1263,80";"0,0"
"19/01/2025";"2200";"32,1";"34,9";"32,1";"47,0";"47,0";"37,0";"19,4";"19,4";"17,9";"996,1";"996,1";"995,8";"1,7";"147,0";"5,3";"421,60";"0,0"
"19/01/2025";"2300";"28,8";"32,1";"28,8";"64,0";"64,0";"47,0";"21,3";"21,3";"19,4";"997,1";"997,2";"996,1";"3,2";"133,0";"10,9";"15,70";"0,0"
"20/01/2025";"0000";"28,2";"28,8";"28,2";"65,0";"65,0";"64,0";"20,9";"21,4";"20,9";"997,8";"998,0";"997,0";"4,6";"168,0";"8,0";"";"0,0"
"20/01/2025";"0100";"23,4";"28,2";"23,4";"93,0";"93,0";"65,0";"22,1";"22,1";"20,4";"1000,8";"1000,8";"997,8";"4,1";"313,0";"8,9";"0,70";"3,6"
"20/01/2025";"0200";"23,2";"23,4";"23,0";"95,0";"95,0";"93,0";"22,3";"22,4";"22,0";"1000,1";"1000,9";"1000,1";"1,6";"80,0";"7,6";"";"10,8"
"20/01/2025";"0300";"23,5";"23,5";"23,2";"95,0";"95,0";"95,0";"22,6";"22,6";"22,3";"999,3";"1000,1";"999,3";"0,5";"316,0";"4,0";"";"0,6"
"20/01/2025";"0400";"23,2";"23,5";"23,2";"94,0";"95,0";"94,0";"22,3";"22,6";"22,2";"998,0";"999,3";"997,7";"1,2";"359,0";"2,5";"";"0,0"
"20/01/2025";"0500";"23,0";"23,5";"22,9";"94,0";"95,0";"94,0";"22,0";"22,5";"21,9";"996,6";"998,3";"996,6";"1,9";"316,0";"3,1";"";"0,0"
"20/01/2025";"0600";"22,8";"23,1";"22,8";"94,0";"94,0";"94,0";"21,9";"22,0";"21,8";"995,8";"996,6";"995,8";"1,1";"32,0";"2,7";"";"0,0"
"20/01/2025";"0700";"22,8";"22,9";"22,7";"94,0";"95,0";"94,0";"21,8";"22,0";"21,7";"995,8";"995,9";"995,6";"0,5";"257,0";"2,3";"";"0,0"
"20/01/2025";"0800";"22,9";"23,0";"22,8";"95,0";"95,0";"94,0";"22,0";"22,1";"21,8";"996,2";"996,2";"995,8";"1,1";"267,0";"1,8";"";"0,0"
"20/01/2025";"0900";"23,1";"23,1";"22,7";"93,0";"95,0";"93,0";"21,9";"22,0";"21,8";"997,3";"997,3";"996,2";"2,3";"307,0";"4,3";"2,50";"0,0"
"20/01/2025";"1000";"23,5";"23,5";"23,0";"92,0";"93,0";"92,0";"22,1";"22,3";"21,9";"997,7";"997,7";"997,3";"1,9";"317,0";"4,3";"121,20";"0,0"
"20/01/2025";"1100";"24,0";"24,1";"23,5";"90,0";"92,0";"89,0";"22,2";"22,3";"21,9";"997,9";"998,0";"997,7";"1,1";"303,0";"2,8";"322,20";"0,0"
"20/01/2025";"1200";"24,4";"24,7";"24,0";"88,0";"90,0";"86,0";"22,3";"22,4";"21,9";"998,0";"998,0";"997,8";"1,5";"281,0";"2,7";"647,10";"0,0"
"20/01/2025";"1300";"25,8";"26,0";"24,1";"84,0";"89,0";"84,0";"22,9";"23,7";"22,0";"997,4";"998,0";"997,3";"1,3";"207,0";"2,4";"838,00";"0,0"
"20/01/2025";"1400";"28,8";"28,8";"25,8";"74,0";"84,0";"70,0";"23,7";"24,1";"22,3";"997,0";"997,4";"996,9";"1,7";"290,0";"3,3";"2562,50";"0,0"
"20/01/2025";"1500";"28,7";"28,9";"27,6";"72,0";"76,0";"70,0";"23,2";"23,6";"22,3";"996,6";"997,1";"996,6";"3,3";"249,0";"5,9";"1620,60";"0,0"
"20/01/2025";"1600";"28,5";"30,9";"27,5";"68,0";"77,0";"62,0";"22,0";"23,9";"22,0";"996,3";"996,9";"996,2";"3,5";"234,0";"6,4";"2233,40";"0,0"
"20/01/2025";"1700";"30,0";"31,1";"28,0";"63,0";"72,0";"60,0";"22,2";"23,3";"21,8";"995,6";"996,4";"995,6";"3,7";"251,0";"7,6";"2838,00";"0,0"
"20/01/2025";"1800";"31,8";"32,1";"30,0";"57,0";"63,0";"54,0";"22,2";"22,9";"21,2";"995,0";"995,6";"995,0";"3,3";"263,0";"6,5";"3185,30";"0,0"
"20/01/2025";"1900";"31,0";"32,3";"28,4";"49,0";"59,0";"44,0";"19,1";"22,2";"17,4";"994,8";"995,3";"994,8";"4,3";"276,0";"11,4";"2531,80";"0,0"
"20/01/2025";"2000";"31,7";"32,1";"30,6";"48,0";"54,0";"47,0";"19,2";"20,9";"19,1";"994,5";"994,8";"994,4";"4,5";"270,0";"9,3";"2152,90";"0,0"
"20/01/2025";"2100";"30,6";"31,8";"30,6";"46,0";"49,0";"45,0";"17,7";"19,7";"17,6";"994,8";"994,8";"994,5";"5,1";"256,0";"8,7";"1425,30";"0,0"
"20/01/2025";"2200";"29,4";"30,6";"29,4";"49,0";"50,0";"46,0";"17,5";"18,6";"17,4";"995,5";"995,5";"994,8";"3,6";"269,0";"8,1";"441,40";"0,0"
"20/01/2025";"2300";"27,4";"29,4";"27,3";"59,0";"59,0";"49,0";"18,7";"18,7";"17,5";"996,1";"996,1";"995,5";"1,7";"351,0";"6,3";"46,40";"0,0"
"21/01/2025";"0000";"25,2";"27,4";"25,2";"69,0";"72,0";"58,0";"19,2";"19,9";"18,1";"996,7";"996,7";"996,1";"1,6";"17,0";"2,9";"";"0,0"
"21/01/2025";"0100";"23,6";"25,9";"23,4";"77,0";"77,0";"63,0";"19,3";"19,4";"18,2";"997,4";"997,4";"996,7";"1,6";"153,0";"2,5";"";"0,0"
"21/01/2025";"0200";"22,9";"23,9";"22,9";"83,0";"83,0";"76,0";"19,9";"19,9";"19,2";"997,7";"997,7";"997,4";"2,2";"148,0";"3,4";"";"0,0"
"21/01/2025";"0300";"22,3";"23,2";"22,3";"85,0";"85,0";"82,0";"19,6";"19,9";"19,5";"997,6";"997,7";"997,5";"1,7";"154,0";"3,4";"";"0,0"
"21/01/2025";"0400";"22,0";"22,6";"21,9";"85,0";"86,0";"83,0";"19,3";"19,7";"19,3";"997,5";"997,6";"997,4";"1,7";"301,0";"4,9";"";"0,0"
"21/01/2025";"0500";"21,3";"22,2";"21,3";"87,0";"87,0";"82,0";"19,1";"19,3";"19,0";"997,3";"997,5";"997,3";"1,7";"62,0";"3,3";"";"0,0"
"21/01/2025";"0600";"20,7";"21,4";"20,6";"89,0";"90,0";"87,0";"18,9";"19,1";"18,8";"997,5";"997,5";"997,2";"1,7";"157,0";"2,9";"";"0,0"
"21/01/2025";"0700";"20,5";"20,7";"20,2";"90,0";"91,0";"89,0";"18,7";"18,9";"18,6";"998,0";"998,0";"997,5";"1,6";"192,0";"2,9";"";"0,0"
"21/01/2025";"0800";"20,0";"20,5";"19,8";"90,0";"91,0";"88,0";"18,4";"18,7";"18,1";"998,7";"998,7";"998,0";"1,7";"8,0";"2,7";"";"0,0"
"21/01/2025";"0900";"19,7";"20,1";"19,7";"90,0";"91,0";"89,0";"18,0";"18,4";"18,0";"999,5";"999,5";"998,7";"0,8";"72,0";"3,0";"6,00";"0,0"
"21/01/2025";"1000";"21,2";"21,2";"19,5";"87,0";"93,0";"87,0";"19,0";"19,2";"17,9";"1000,3";"1000,3";"999,5";"1,5";"124,0";"2,2";"275,90";"0,0"
"21/01/2025";"1100";"23,7";"23,8";"21,2";"76,0";"87,0";"74,0";"19,2";"19,9";"18,7";"1000,7";"1000,7";"1000,3";"1,3";"259,0";"2,2";"1045,10";"0,0"
"21/01/2025";"1200";"26,3";"26,3";"23,7";"65,0";"77,0";"65,0";"19,2";"19,7";"18,8";"1001,0";"1001,0";"1000,7";"2,0";"275,0";"3,3";"1830,40";"0,0"
"21/01/2025";"1300";"28,5";"28,6";"26,1";"56,0";"66,0";"56,0";"18,8";"19,6";"18,3";"1001,2";"1001,2";"1000,9";"2,7";"310,0";"6,5";"2505,20";"0,0"
"21/01/2025";"1400";"29,5";"29,9";"27,8";"52,0";"59,0";"51,0";"18,5";"19,4";"18,1";"1001,2";"1001,4";"1001,2";"2,8";"235,0";"6,5";"3048,40";"0,0"
"21/01/2025";"1500";"30,3";"31,4";"28,9";"52,0";"57,0";"49,0";"19,5";"20,4";"18,3";"1001,2";"1001,2";"1001,1";"3,9";"252,0";"6,6";"3470,20";"0,0"
"21/01/2025";"1600";"31,2";"31,7";"29,5";"49,0";"55,0";"48,0";"19,4";"20,6";"18,6";"1001,0";"1001,2";"1001,0";"2,8";"271,0";"7,8";"2958,50";"0,0"
"21/01/2025";"1700";"31,8";"32,0";"30,0";"46,0";"53,0";"46,0";"18,8";"19,8";"18,3";"1000,7";"1001,1";"1000,7";"3,1";"249,0";"6,2";"3077,80";"0,0"
"21/01/2025";"1800";"31,9";"32,1";"30,6";"44,0";"50,0";"42,0";"18,1";"19,5";"17,4";"1000,4";"1000,7";"1000,4";"3,0";"209,0";"7,5";"2600,90";"0,0"
"21/01/2025";"1900";"32,3";"33,4";"31,4";"43,0";"45,0";"39,0";"18,1";"19,2";"16,8";"1000,0";"1000,4";"1000,0";"3,2";"265,0";"5,8";"2626,60";"0,0"
"21/01/2025";"2000";"32,9";"32,9";"30,8";"42,0";"45,0";"40,0";"18,1";"18,8";"16,9";"999,8";"1000,1";"999,8";"1,5";"261,0";"6,3";"1836,20";"0,0"
"21/01/2025";"2100";"31,4";"33,0";"30,8";"43,0";"49,0";"40,0";"17,3";"18,9";"16,9";"999,9";"999,9";"999,8";"1,6";"237,0";"4,8";"873,30";"0,0"
"21/01/2025";"2200";"30,8";"32,1";"30,8";"45,0";"46,0";"41,0";"17,7";"18,1";"17,0";"1000,2";"1000,2";"999,9";"2,0";"223,0";"4,1";"562,00";"0,0"
"21/01/2025";"2300";"27,0";"30,8";"27,0";"69,0";"69,0";"45,0";"20,9";"20,9";"17,6";"1001,4";"1001,4";"1000,2";"3,5";"126,0";"7,8";"34,20";"0,0"
"22/01/2025";"0000";"26,0";"27,0";"26,0";"69,0";"70,0";"68,0";"20,0";"20,9";"20,0";"1002,4";"1002,5";"1001,4";"4,8";"117,0";"7,4";"";"0,0"
"22/01/2025";"0100";"25,0";"26,0";"24,9";"75,0";"75,0";"69,0";"20,3";"20,3";"20,0";"1003,2";"1003,3";"1002,4";"2,4";"133,0";"7,4";"";"0,0"
"22/01/2025";"0200";"24,4";"25,1";"24,4";"77,0";"78,0";"75,0";"20,2";"20,4";"20,2";"1003,7";"1003,7";"1003,2";"2,8";"127,0";"5,5";"";"0,0"
"22/01/2025";"0300";"23,8";"24,5";"23,7";"80,0";"81,0";"77,0";"20,3";"20,4";"20,1";"1003,7";"1003,8";"1003,6";"1,9";"131,0";"5,5";"";"0,0"
"22/01/2025";"0400";"23,1";"23,9";"23,1";"84,0";"84,0";"80,0";"20,3";"20,5";"20,2";"1003,6";"1003,7";"1003,6";"1,0";"152,0";"4,0";"";"0,0"
"22/01/2025";"0500";"22,4";"23,1";"22,2";"88,0";"88,0";"84,0";"20,3";"20,4";"20,0";"1003,4";"1003,6";"1003,4";"1,0";"24,0";"1,6";"";"0,0"
"22/01/2025";"0600";"21,6";"22,5";"21,6";"91,0";"91,0";"87,0";"20,1";"20,3";"19,9";"1003,5";"1003,5";"1003,4";"0,7";"28,0";"1,4";"";"0,0"
"22/01/2025";"0700";"21,3";"21,6";"21,2";"92,0";"93,0";"91,0";"20,0";"20,2";"19,9";"1003,9";"1003,9";"1003,5";"0,4";"46,0";"1,4";"";"0,0"
"22/01/2025";"0800";"21,1";"21,4";"20,9";"93,0";"93,0";"92,0";"19,9";"20,3";"19,7";"1004,5";"1004,5";"1003,9";"0,6";"84,0";"1,3";"";"0,0"
"22/01/2025";"0900";"20,5";"21,1";"20,5";"94,0";"94,0";"93,0";"19,5";"20,0";"19,4";"1005,3";"1005,3";"1004,5";"0,4";"254,0";"1,6";"7,00";"0,0"
"22/01/2025";"1000";"23,0";"23,0";"20,5";"91,0";"94,0";"91,0";"21,4";"21,4";"19,5";"1005,9";"1005,9";"1005,3";"0,5";"76,0";"1,0";"261,90";"0,0"
"22/01/2025";"1100";"23,7";"24,6";"23,0";"84,0";"90,0";"82,0";"21,0";"21,8";"20,7";"1006,2";"1006,2";"1005,9";"0,8";"191,0";"1,5";"684,60";"0,0"
"22/01/2025";"1200";"24,3";"24,5";"23,6";"83,0";"85,0";"81,0";"21,2";"21,4";"20,8";"1006,3";"1006,3";"1006,2";"1,3";"232,0";"2,3";"525,70";"0,0"
"22/01/2025";"1300";"28,0";"28,2";"24,3";"65,0";"83,0";"65,0";"20,9";"22,4";"20,9";"1006,1";"1006,3";"1006,1";"1,1";"96,0";"2,5";"2335,70";"0,0"
"22/01/2025";"1400";"31,1";"31,2";"28,0";"56,0";"67,0";"56,0";"21,2";"22,2";"20,6";"1005,9";"1006,1";"1005,9";"1,0";"289,0";"2,9";"2940,90";"0,0"
"22/01/2025";"1500";"32,0";"32,3";"30,0";"47,0";"57,0";"47,0";"19,4";"21,2";"19,4";"1005,6";"1005,9";"1005,6";"2,2";"318,0";"3,9";"3438,20";"0,0"
"22/01/2025";"1600";"34,2";"34,6";"31,9";"40,0";"51,0";"39,0";"18,8";"21,1";"18,0";"1004,7";"1005,5";"1004,7";"3,5";"219,0";"5,9";"3713,10";"0,0"
"22/01/2025";"1700";"33,5";"35,1";"32,6";"40,0";"41,0";"35,0";"17,9";"19,2";"16,3";"1004,0";"1004,7";"1004,0";"2,9";"275,0";"5,9";"3110,80";"0,0"
"22/01/2025";"1800";"35,2";"35,4";"32,7";"35,0";"41,0";"34,0";"17,2";"18,6";"16,1";"1003,5";"1004,0";"1003,5";"2,8";"231,0";"6,7";"2194,90";"0,0"
"22/01/2025";"1900";"35,2";"36,1";"33,5";"36,0";"39,0";"33,0";"17,8";"18,6";"16,1";"1003,0";"1003,5";"1003,0";"3,4";"142,0";"6,0";"2957,40";"0,0"
"22/01/2025";"2000";"35,6";"35,8";"34,6";"33,0";"38,0";"32,0";"17,0";"18,4";"16,1";"1002,6";"1003,0";"1002,5";"2,3";"217,0";"9,8";"2348,80";"0,0"
"22/01/2025";"2100";"34,3";"35,7";"34,1";"34,0";"36,0";"33,0";"16,3";"17,2";"15,9";"1002,6";"1002,7";"1002,5";"2,4";"231,0";"9,8";"1440,90";"0,0"
"22/01/2025";"2200";"32,3";"34,4";"32,3";"38,0";"38,0";"34,0";"16,0";"16,7";"15,6";"1002,9";"1002,9";"1002,6";"2,2";"160,0";"5,0";"569,10";"0,0"
"22/01/2025";"2300";"29,3";"32,3";"29,2";"59,0";"59,0";"38,0";"20,5";"20,5";"15,9";"1003,7";"1003,7";"1002,9";"2,5";"142,0";"7,8";"36,40";"0,0"
"23/01/2025";"0000";"27,9";"29,3";"27,8";"67,0";"67,0";"59,0";"21,3";"21,3";"20,5";"1004,6";"1004,6";"1003,7";"3,0";"117,0";"5,6";"";"0,0"
"23/01/2025";"0100";"26,8";"27,9";"26,8";"73,0";"73,0";"67,0";"21,5";"21,6";"21,3";"1005,1";"1005,1";"1004,6";"3,7";"128,0";"7,2";"";"0,0"
"23/01/2025";"0200";"25,8";"26,8";"25,8";"77,0";"77,0";"73,0";"21,5";"21,6";"21,4";"1005,4";"1005,5";"1005,1";"2,2";"139,0";"7,0";"";"0,0"
"23/01/2025";"0300";"24,7";"26,0";"24,7";"81,0";"81,0";"77,0";"21,3";"21,6";"21,3";"1005,2";"1005,4";"1005,1";"1,0";"141,0";"4,9";"";"0,0"
"23/01/2025";"0400";"23,8";"24,7";"23,6";"87,0";"87,0";"81,0";"21,5";"21,5";"21,2";"1005,1";"1005,3";"1005,0";"1,3";"330,0";"3,2";"";"0,0"
"23/01/2025";"0500";"23,3";"23,9";"23,3";"88,0";"89,0";"86,0";"21,2";"21,6";"21,1";"1005,1";"1005,2";"1005,0";"1,7";"306,0";"3,0";"";"0,0"
"23/01/2025";"0600";"23,0";"23,6";"23,0";"89,0";"89,0";"88,0";"21,0";"21,4";"21,0";"1005,2";"1005,3";"1005,1";"0,5";"244,0";"3,5";"";"0,0"
"23/01/2025";"0700";"22,1";"23,0";"22,0";"92,0";"92,0";"89,0";"20,7";"21,2";"20,6";"1005,2";"1005,3";"1005,1";"1,2";"116,0";"1,8";"";"0,0"
"23/01/2025";"0800";"21,4";"22,1";"21,4";"94,0";"94,0";"92,0";"20,4";"20,8";"20,4";"1005,3";"1005,4";"1005,1";"1,2";"139,0";"1,7";"";"0,0"
"23/01/2025";"0900";"21,2";"21,4";"21,2";"94,0";"94,0";"94,0";"20,3";"20,4";"20,2";"1005,9";"1005,9";"1005,3";"0,7";"147,0";"1,7";"8,90";"0,0"
"23/01/2025";"1000";"22,4";"22,4";"21,1";"94,0";"94,0";"94,0";"21,4";"21,4";"20,1";"1006,4";"1006,4";"1005,9";"0,3";"235,0";"1,9";"272,20";"0,0"
"23/01/2025";"1100";"25,0";"25,0";"22,4";"82,0";"94,0";"82,0";"21,7";"21,9";"21,0";"1006,5";"1006,6";"1006,4";"0,7";"240,0";"1,8";"884,10";"0,0"
"23/01/2025";"1200";"28,0";"28,0";"24,6";"65,0";"83,0";"65,0";"20,9";"21,9";"20,9";"1006,5";"1006,6";"1006,4";"1,1";"251,0";"2,1";"1682,80";"0,0"
"23/01/2025";"1300";"30,1";"30,2";"27,9";"59,0";"67,0";"59,0";"21,1";"21,8";"20,7";"1006,4";"1006,5";"1006,4";"1,7";"186,0";"3,3";"2423,90";"0,0"
"23/01/2025";"1400";"31,9";"32,5";"29,9";"51,0";"61,0";"51,0";"20,4";"22,0";"20,4";"1006,1";"1006,4";"1006,1";"1,9";"185,0";"4,1";"2945,80";"0,0"
"23/01/2025";"1500";"34,2";"34,5";"31,8";"45,0";"52,0";"42,0";"20,7";"21,2";"19,6";"1005,6";"1006,1";"1005,6";"1,9";"280,0";"4,1";"3314,80";"0,0"
"23/01/2025";"1600";"35,0";"36,0";"33,7";"34,0";"45,0";"33,0";"16,9";"20,3";"16,9";"1005,2";"1005,6";"1005,2";"2,5";"251,0";"5,3";"3545,60";"0,0"
"23/01/2025";"1700";"36,4";"37,5";"35,0";"25,0";"35,0";"24,0";"13,4";"18,2";"12,7";"1004,4";"1005,2";"1004,4";"1,5";"183,0";"4,8";"3443,60";"0,0"
"23/01/2025";"1800";"37,2";"38,0";"36,4";"28,0";"30,0";"22,0";"15,6";"16,5";"12,2";"1003,5";"1004,4";"1003,5";"2,1";"227,0";"4,7";"3092,70";"0,0"
"23/01/2025";"1900";"38,0";"38,4";"36,7";"28,0";"30,0";"27,0";"16,1";"16,8";"15,0";"1001,8";"1003,5";"1001,8";"2,2";"189,0";"5,3";"2756,80";"0,0"
"23/01/2025";"2000";"37,1";"38,6";"36,2";"26,0";"31,0";"26,0";"14,3";"16,9";"14,3";"1001,3";"1001,8";"1001,1";"2,6";"202,0";"6,7";"1857,80";"0,0"
"23/01/2025";"2100";"34,8";"37,4";"34,8";"36,0";"36,0";"25,0";"17,4";"17,4";"13,9";"1001,6";"1001,9";"1001,3";"3,7";"160,0";"8,2";"1189,40";"0,0"
"23/01/2025";"2200";"31,7";"34,8";"31,7";"54,0";"54,0";"35,0";"21,3";"21,3";"17,3";"1001,9";"1001,9";"1001,4";"4,0";"156,0";"9,4";"491,20";"0,0"
"23/01/2025";"2300";"30,2";"31,7";"30,1";"62,0";"63,0";"54,0";"22,2";"22,3";"21,4";"1002,4";"1002,4";"1001,9";"3,4";"128,0";"8,6";"16,40";"0,0"
"24/01/2025";"0000";"29,6";"30,2";"29,3";"59,0";"63,0";"59,0";"20,7";"22,2";"20,7";"1003,7";"1003,7";"1002,4";"4,5";"119,0";"8,6";"";"0,0"
"24/01/2025";"0100";"28,4";"29,5";"28,4";"62,0";"62,0";"59,0";"20,4";"20,6";"20,3";"1004,4";"1004,4";"1003,6";"1,8";"133,0";"7,6";"";"0,0"
"24/01/2025";"0200";"27,4";"28,4";"27,3";"66,0";"67,0";"62,0";"20,5";"20,6";"20,3";"1004,2";"1004,5";"1004,2";"1,1";"147,0";"3,8";"";"0,0"
"24/01/2025";"0300";"26,0";"27,5";"25,9";"75,0";"76,0";"66,0";"21,4";"21,4";"20,5";"1004,5";"1004,6";"1004,1";"1,0";"284,0";"2,3";"";"0,0"
"24/01/2025";"0400";"25,7";"26,2";"25,3";"77,0";"79,0";"74,0";"21,3";"21,5";"21,2";"1004,1";"1004,6";"1004,1";"2,2";"263,0";"3,9";"";"0,0"
"24/01/2025";"0500";"25,5";"25,7";"24,8";"79,0";"81,0";"77,0";"21,6";"21,7";"21,1";"1004,4";"1004,4";"1003,8";"2,3";"288,0";"3,9";"";"0,0"
"24/01/2025";"0600";"26,7";"26,9";"25,5";"70,0";"79,0";"69,0";"20,8";"21,6";"20,8";"1004,7";"1004,9";"1004,4";"4,1";"318,0";"8,0";"";"0,0"
"24/01/2025";"0700";"25,9";"26,7";"25,7";"69,0";"71,0";"67,0";"19,9";"20,9";"19,6";"1004,2";"1004,7";"1004,2";"2,2";"337,0";"8,0";"";"0,0"
"24/01/2025";"0800";"25,5";"26,0";"25,1";"70,0";"73,0";"68,0";"19,7";"19,9";"19,7";"1004,0";"1004,2";"1003,9";"1,3";"328,0";"5,6";"";"0,0"
"24/01/2025";"0900";"25,6";"26,2";"25,1";"67,0";"73,0";"63,0";"18,9";"20,1";"18,7";"1004,4";"1004,5";"1003,8";"1,1";"309,0";"2,9";"0,80";"0,0"
"24/01/2025";"1000";"25,6";"26,0";"25,0";"69,0";"73,0";"64,0";"19,4";"19,8";"18,5";"1004,8";"1004,8";"1004,4";"1,9";"21,0";"4,2";"91,50";"0,0"
"24/01/2025";"1100";"26,1";"26,1";"25,5";"68,0";"71,0";"66,0";"19,6";"19,9";"19,1";"1005,1";"1005,2";"1004,8";"2,2";"346,0";"3,9";"302,10";"0,0"
"24/01/2025";"1200";"27,2";"27,3";"26,1";"62,0";"69,0";"62,0";"19,4";"20,3";"19,3";"1004,9";"1005,1";"1004,9";"2,9";"335,0";"4,6";"780,50";"0,0"
"24/01/2025";"1300";"28,0";"28,3";"27,2";"63,0";"66,0";"62,0";"20,3";"20,8";"19,5";"1005,2";"1005,3";"1004,9";"2,2";"325,0";"4,6";"1239,70";"0,0"
"24/01/2025";"1400";"29,4";"29,6";"28,1";"55,0";"63,0";"54,0";"19,5";"20,7";"19,1";"1004,7";"1005,2";"1004,6";"2,6";"357,0";"4,9";"1660,80";"0,0"
"24/01/2025";"1500";"29,5";"29,7";"29,2";"55,0";"58,0";"51,0";"19,5";"20,2";"18,4";"1004,8";"1004,9";"1004,6";"2,7";"358,0";"4,9";"1323,70";"0,0"
"24/01/2025";"1600";"30,9";"31,0";"29,5";"51,0";"58,0";"49,0";"19,4";"20,8";"18,6";"1004,2";"1004,8";"1004,2";"1,8";"349,0";"4,7";"1869,70";"0,0"
"24/01/2025";"1700";"32,8";"33,8";"30,7";"44,0";"53,0";"43,0";"19,0";"20,3";"18,5";"1003,1";"1004,2";"1003,1";"3,0";"36,0";"5,7";"3471,40";"0,0"
"24/01/2025";"1800";"31,6";"33,2";"31,3";"49,0";"51,0";"41,0";"19,6";"20,0";"17,7";"1002,2";"1003,1";"1002,2";"2,6";"336,0";"6,4";"2054,00";"0,0"
"24/01/2025";"1900";"32,9";"32,9";"31,4";"48,0";"51,0";"47,0";"20,6";"20,6";"19,4";"1001,6";"1002,2";"1001,6";"2,8";"36,0";"5,5";"1645,20";"0,0"
"24/01/2025";"2000";"29,5";"33,1";"29,5";"59,0";"59,0";"47,0";"20,6";"20,7";"19,2";"1001,4";"1001,6";"1001,4";"3,4";"68,0";"7,6";"771,10";"0,0"
"24/01/2025";"2100";"29,3";"29,8";"29,3";"57,0";"59,0";"55,0";"19,9";"20,6";"19,6";"1001,5";"1001,5";"1001,2";"1,4";"81,0";"5,5";"424,80";"0,0"
"24/01/2025";"2200";"28,2";"29,3";"28,2";"62,0";"62,0";"56,0";"20,2";"20,3";"19,6";"1001,9";"1001,9";"1001,5";"0,8";"186,0";"4,6";"57,90";"0,0"
"24/01/2025";"2300";"27,1";"28,6";"27,1";"68,0";"68,0";"58,0";"20,7";"20,7";"19,5";"1002,0";"1002,0";"1001,8";"1,7";"171,0";"3,9";"2,50";"0,0"
"25/01/2025";"0000";"26,6";"27,1";"26,4";"72,0";"72,0";"67,0";"21,1";"21,2";"20,3";"1002,9";"1003,0";"1002,0";"0,6";"111,0";"3,1";"";"0,0"
"25/01/2025";"0100";"27,5";"27,6";"26,2";"65,0";"73,0";"64,0";"20,2";"21,1";"20,2";"1003,2";"1003,2";"1002,8";"2,1";"325,0";"5,2";"";"0,0"
"25/01/2025";"0200";"26,6";"27,5";"26,6";"69,0";"70,0";"65,0";"20,5";"20,6";"20,1";"1003,2";"1003,4";"1003,1";"1,8";"344,0";"5,2";"";"0,0"
"25/01/2025";"0300";"25,5";"27,0";"25,5";"77,0";"77,0";"68,0";"21,2";"21,2";"20,4";"1002,1";"1003,3";"1002,1";"1,2";"151,0";"3,9";"";"0,0"
"25/01/2025";"0400";"24,6";"25,8";"24,6";"83,0";"84,0";"77,0";"21,6";"21,7";"21,2";"1001,3";"1002,1";"1001,2";"1,6";"123,0";"4,8";"";"0,0"
"25/01/2025";"0500";"25,2";"25,7";"24,7";"79,0";"83,0";"78,0";"21,3";"21,8";"21,3";"1000,9";"1001,5";"1000,9";"1,5";"290,0";"3,7";"";"0,0"
"25/01/2025";"0600";"24,2";"25,2";"24,2";"85,0";"85,0";"79,0";"21,5";"21,5";"21,2";"1000,6";"1000,9";"1000,5";"2,2";"324,0";"3,6";"";"0,0"
"25/01/2025";"0700";"23,7";"24,4";"23,7";"88,0";"88,0";"84,0";"21,7";"21,8";"21,5";"1000,7";"1000,8";"1000,4";"2,3";"313,0";"3,6";"";"0,0"
"25/01/2025";"0800";"24,9";"25,0";"23,7";"82,0";"89,0";"81,0";"21,5";"21,9";"21,5";"1000,9";"1000,9";"1000,7";"0,9";"321,0";"3,7";"";"0,0"
"25/01/2025";"0900";"24,1";"24,9";"24,0";"87,0";"88,0";"82,0";"21,9";"21,9";"21,4";"1002,1";"1002,1";"1000,9";"2,4";"264,0";"3,4";"1,20";"0,0"
"25/01/2025";"1000";"24,7";"24,7";"24,1";"87,0";"87,0";"86,0";"22,4";"22,4";"21,9";"1003,2";"1003,2";"1002,1";"2,6";"329,0";"4,3";"103,70";"0,0"
"25/01/2025";"1100";"25,8";"25,8";"24,7";"76,0";"87,0";"75,0";"21,2";"22,5";"21,2";"1003,6";"1003,6";"1003,2";"2,7";"327,0";"5,3";"438,20";"0,0"
"25/01/2025";"1200";"26,2";"26,3";"25,8";"69,0";"76,0";"69,0";"20,1";"21,3";"19,9";"1004,1";"1004,2";"1003,5";"4,6";"335,0";"6,5";"829,90";"0,0"
"25/01/2025";"1300";"27,7";"28,0";"26,1";"64,0";"70,0";"63,0";"20,3";"21,0";"19,7";"1004,1";"1004,1";"1003,8";"4,3";"354,0";"8,5";"1667,60";"0,0"
"25/01/2025";"1400";"28,8";"29,9";"27,4";"60,0";"65,0";"57,0";"20,3";"21,3";"19,4";"1004,3";"1004,4";"1004,1";"3,9";"326,0";"8,5";"2439,80";"0,0"
"25/01/2025";"1500";"29,4";"31,3";"28,6";"57,0";"62,0";"51,0";"20,0";"20,8";"19,0";"1003,6";"1004,3";"1003,6";"3,0";"291,0";"6,1";"2672,70";"0,0"
"25/01/2025";"1600";"30,7";"31,9";"29,4";"53,0";"57,0";"50,0";"19,9";"21,4";"19,1";"1003,3";"1003,6";"1003,3";"3,3";"263,0";"6,6";"2537,90";"0,0"
"25/01/2025";"1700";"31,9";"33,0";"30,4";"48,0";"54,0";"46,0";"19,4";"21,0";"19,4";"1002,8";"1003,3";"1002,7";"4,7";"270,0";"8,3";"3253,40";"0,0"
"25/01/2025";"1800";"32,5";"33,6";"31,2";"42,0";"50,0";"42,0";"18,0";"20,2";"18,0";"1002,1";"1002,8";"1002,0";"4,9";"249,0";"11,0";"3136,40";"0,0"
"25/01/2025";"1900";"32,3";"33,5";"31,7";"46,0";"47,0";"41,0";"19,1";"19,6";"18,1";"1002,1";"1002,1";"1001,8";"2,9";"247,0";"7,9";"2266,00";"0,0"
"25/01/2025";"2000";"29,1";"32,5";"29,1";"61,0";"61,0";"44,0";"20,7";"20,8";"18,5";"1002,0";"1002,2";"1001,6";"4,5";"209,0";"9,9";"999,40";"0,0"
"25/01/2025";"2100";"25,3";"29,1";"25,3";"77,0";"77,0";"61,0";"21,0";"21,2";"20,1";"1003,6";"1003,7";"1002,0";"4,5";"231,0";"11,6";"193,50";"0,0"
"25/01/2025";"2200";"24,9";"25,4";"24,8";"81,0";"81,0";"77,0";"21,4";"21,4";"21,0";"1003,9";"1004,0";"1003,6";"0,6";"124,0";"8,7";"72,50";"0,0"
"25/01/2025";"2300";"24,3";"25,2";"24,3";"87,0";"87,0";"80,0";"21,9";"21,9";"21,3";"1004,9";"1004,9";"1003,9";"1,5";"277,0";"2,5";"9,90";"0,0"
"26/01/2025";"0000";"23,6";"24,3";"23,6";"90,0";"90,0";"87,0";"21,8";"22,0";"21,8";"1005,6";"1005,6";"1004,9";"1,2";"307,0";"2,5";"";"0,0"
"26/01/2025";"0100";"23,4";"23,7";"23,4";"90,0";"90,0";"89,0";"21,7";"21,8";"21,6";"1005,8";"1005,9";"1005,6";"0,4";"309,0";"1,9";"";"0,0"
"26/01/2025";"0200";"23,2";"23,4";"23,0";"91,0";"92,0";"90,0";"21,7";"21,7";"21,5";"1005,7";"1005,9";"1005,7";"0,8";"50,0";"1,4";"";"0,0"
"26/01/2025";"0300";"23,3";"23,3";"23,2";"90,0";"91,0";"90,0";"21,6";"21,7";"21,5";"1005,6";"1005,9";"1005,6";"0,4";"300,0";"1,3";"";"0,0"
"26/01/2025";"0400";"23,2";"23,4";"23,0";"92,0";"92,0";"90,0";"21,9";"21,9";"21,5";"1005,4";"1005,6";"1005,4";"0,6";"275,0";"1,5";"";"0,0"
"26/01/2025";"0500";"23,2";"23,3";"23,1";"93,0";"93,0";"92,0";"22,0";"22,0";"21,8";"1005,0";"1005,4";"1004,9";"1,9";"256,0";"2,6";"";"0,0"
"26/01/2025";"0600";"23,2";"23,2";"23,1";"93,0";"93,0";"93,0";"21,9";"22,1";"21,9";"1005,0";"1005,1";"1005,0";"1,8";"244,0";"3,5";"";"0,0"
"26/01/2025";"0700";"23,1";"23,2";"23,1";"92,0";"93,0";"92,0";"21,7";"21,9";"21,7";"1005,2";"1005,3";"1005,0";"1,3";"247,0";"3,2";"";"0,0"
"26/01/2025";"0800";"23,1";"23,2";"23,1";"91,0";"92,0";"91,0";"21,6";"21,8";"21,6";"1005,8";"1005,8";"1005,2";"2,0";"234,0";"4,0";"";"0,0"
"26/01/2025";"0900";"22,9";"23,1";"22,9";"92,0";"92,0";"91,0";"21,5";"21,6";"21,5";"1006,1";"1006,2";"1005,8";"1,9";"258,0";"3,5";"";"0,0"
"26/01/2025";"1000";"22,9";"23,1";"22,8";"91,0";"92,0";"91,0";"21,4";"21,5";"21,4";"1006,7";"1006,7";"1006,1";"2,3";"241,0";"3,8";"44,50";"0,0"
"26/01/2025";"1100";"22,9";"23,0";"22,8";"92,0";"92,0";"91,0";"21,5";"21,6";"21,4";"1007,1";"1007,1";"1006,7";"1,4";"238,0";"3,8";"111,40";"1,8"
"26/01/2025";"1200";"25,2";"25,2";"22,7";"89,0";"93,0";"87,0";"23,3";"23,3";"21,5";"1007,1";"1007,2";"1006,9";"0,8";"160,0";"3,3";"610,30";"1,6"
"26/01/2025";"1300";"26,4";"26,5";"25,2";"78,0";"89,0";"77,0";"22,1";"23,5";"21,6";"1007,3";"1007,4";"1007,1";"1,0";"7,0";"3,6";"1813,80";"0,0"
"26/01/2025";"1400";"29,2";"29,3";"26,4";"62,0";"79,0";"62,0";"21,2";"22,5";"20,7";"1007,0";"1007,3";"1007,0";"2,0";"147,0";"4,2";"2292,80";"0,0"
"26/01/2025";"1500";"29,9";"30,9";"28,4";"54,0";"66,0";"52,0";"19,7";"22,2";"19,3";"1006,7";"1007,0";"1006,6";"3,0";"152,0";"6,1";"2465,80";"0,0"
"26/01/2025";"1600";"30,2";"31,9";"29,3";"52,0";"59,0";"46,0";"19,2";"21,2";"18,8";"1006,3";"1006,7";"1006,2";"3,5";"159,0";"6,1";"2479,70";"0,0"
"26/01/2025";"1700";"30,6";"31,8";"29,9";"52,0";"56,0";"49,0";"19,8";"20,6";"19,0";"1005,4";"1006,3";"1005,4";"3,6";"136,0";"7,1";"2289,40";"0,0"
"26/01/2025";"1800";"31,3";"31,7";"29,5";"53,0";"58,0";"50,0";"20,5";"21,0";"19,2";"1004,8";"1005,4";"1004,8";"2,8";"151,0";"7,3";"1960,30";"0,0"
"26/01/2025";"1900";"30,0";"32,2";"30,0";"54,0";"54,0";"49,0";"19,7";"20,8";"18,9";"1004,4";"1004,8";"1004,4";"3,4";"144,0";"7,5";"2119,10";"0,0"
"26/01/2025";"2000";"28,9";"30,7";"28,9";"56,0";"58,0";"53,0";"19,4";"20,8";"19,3";"1003,7";"1004,4";"1003,7";"6,1";"165,0";"9,3";"1459,90";"0,0"
"26/01/2025";"2100";"27,8";"29,3";"27,7";"61,0";"61,0";"56,0";"19,6";"20,1";"19,2";"1004,0";"1004,2";"1003,7";"5,4";"164,0";"10,3";"1022,10";"0,0"
"26/01/2025";"2200";"26,5";"27,8";"26,5";"66,0";"66,0";"61,0";"19,6";"19,9";"19,4";"1004,3";"1004,5";"1004,0";"4,0";"148,0";"9,3";"338,70";"0,0"
"26/01/2025";"2300";"25,2";"26,5";"25,2";"69,0";"69,0";"66,0";"19,2";"19,5";"19,2";"1004,4";"1004,7";"1004,2";"3,1";"148,0";"9,8";"18,00";"0,0"
"27/01/2025";"0000";"24,3";"25,2";"24,3";"73,0";"73,0";"69,0";"19,2";"19,3";"19,1";"1004,8";"1004,8";"1004,2";"2,7";"144,0";"7,0";"";"0,0"
"27/01/2025";"0100";"23,6";"24,3";"23,6";"76,0";"76,0";"73,0";"19,2";"19,3";"19,1";"1005,5";"1005,5";"1004,8";"1,8";"142,0";"6,9";"";"0,0"
"27/01/2025";"0200";"23,7";"23,7";"23,4";"77,0";"78,0";"76,0";"19,4";"19,4";"19,1";"1006,1";"1006,1";"1005,5";"1,7";"139,0";"4,8";"";"0,0"
"27/01/2025";"0300";"22,9";"23,7";"22,9";"81,0";"81,0";"77,0";"19,6";"19,6";"19,3";"1005,8";"1006,2";"1005,7";"2,4";"152,0";"5,3";"";"0,0"
"27/01/2025";"0400";"22,3";"22,9";"22,2";"85,0";"85,0";"81,0";"19,6";"19,7";"19,4";"1005,5";"1005,8";"1005,5";"1,7";"159,0";"5,3";"";"0,0"
"27/01/2025";"0500";"21,4";"22,3";"21,4";"88,0";"88,0";"85,0";"19,3";"19,6";"19,3";"1004,7";"1005,5";"1004,7";"0,9";"137,0";"3,2";"";"0,0"
"27/01/2025";"0600";"20,7";"21,4";"20,6";"92,0";"92,0";"88,0";"19,3";"19,5";"19,1";"1004,1";"1004,7";"1004,1";"0,9";"56,0";"1,8";"";"0,0"
"27/01/2025";"0700";"20,2";"20,9";"20,2";"93,0";"93,0";"91,0";"19,0";"19,6";"19,0";"1003,4";"1004,1";"1003,4";"0,8";"63,0";"1,4";"";"0,0"
"27/01/2025";"0800";"20,1";"20,4";"20,0";"93,0";"94,0";"93,0";"19,0";"19,3";"18,9";"1003,1";"1003,4";"1003,1";"0,5";"77,0";"2,1";"";"0,0"
"27/01/2025";"0900";"19,9";"20,2";"19,7";"94,0";"94,0";"93,0";"19,0";"19,1";"18,7";"1003,5";"1003,5";"1003,0";"0,6";"331,0";"1,2";"2,90";"0,0"
"27/01/2025";"1000";"21,7";"21,7";"19,9";"92,0";"94,0";"92,0";"20,3";"20,3";"19,0";"1003,5";"1003,7";"1003,4";"0,6";"241,0";"1,4";"286,10";"0,0"
"27/01/2025";"1100";"22,6";"22,6";"21,6";"86,0";"92,0";"86,0";"20,2";"20,4";"19,7";"1003,8";"1004,0";"1003,5";"1,2";"230,0";"2,2";"693,60";"0,0"
"27/01/2025";"1200";"24,9";"25,1";"22,3";"75,0";"86,0";"75,0";"20,3";"20,9";"19,8";"1003,8";"1004,0";"1003,7";"1,2";"254,0";"3,2";"1219,30";"0,0"
"27/01/2025";"1300";"26,9";"28,3";"24,9";"63,0";"76,0";"60,0";"19,3";"21,0";"19,3";"1003,3";"1003,8";"1003,2";"1,0";"281,0";"3,6";"2232,90";"0,0"
"27/01/2025";"1400";"30,1";"30,5";"26,8";"55,0";"66,0";"55,0";"20,2";"20,9";"19,7";"1003,0";"1003,3";"1003,0";"2,2";"251,0";"5,5";"2844,10";"0,0"
"27/01/2025";"1500";"32,2";"32,5";"29,9";"48,0";"56,0";"48,0";"19,9";"20,9";"19,6";"1002,3";"1003,0";"1002,3";"1,4";"145,0";"5,5";"3251,10";"0,0"
"27/01/2025";"1600";"33,5";"33,9";"31,6";"45,0";"52,0";"44,0";"19,9";"21,6";"19,3";"1001,6";"1002,3";"1001,6";"2,1";"221,0";"5,0";"2757,40";"0,0"
"27/01/2025";"1700";"34,0";"35,4";"32,5";"44,0";"48,0";"40,0";"20,1";"21,0";"19,3";"1000,7";"1001,6";"1000,7";"2,0";"153,0";"5,0";"2418,10";"0,0"
"27/01/2025";"1800";"31,7";"34,0";"31,7";"55,0";"55,0";"43,0";"21,6";"21,6";"19,2";"999,8";"1000,7";"999,7";"1,4";"155,0";"5,9";"857,90";"0,0"
"27/01/2025";"1900";"25,7";"31,7";"25,4";"80,0";"82,0";"55,0";"22,0";"22,8";"21,1";"1000,5";"1000,5";"999,4";"2,6";"77,0";"11,9";"442,30";"0,8"
"27/01/2025";"2000";"23,0";"25,8";"23,0";"90,0";"90,0";"79,0";"21,3";"22,6";"20,5";"1000,7";"1001,2";"1000,5";"1,7";"140,0";"7,2";"61,50";"1,2"
"27/01/2025";"2100";"24,5";"24,6";"23,0";"90,0";"91,0";"87,0";"22,7";"22,8";"21,2";"1001,0";"1001,0";"1000,1";"1,8";"176,0";"6,1";"327,40";"0,0"
"27/01/2025";"2200";"23,9";"24,5";"23,9";"89,0";"90,0";"87,0";"22,1";"22,7";"22,0";"1001,9";"1002,0";"1000,9";"1,4";"16,0";"3,9";"120,70";"0,4"
"27/01/2025";"2300";"23,5";"23,9";"23,4";"92,0";"93,0";"89,0";"22,1";"22,3";"22,0";"1002,3";"1002,3";"1001,7";"1,8";"19,0";"2,7";"8,00";"0,0"
"28/01/2025";"0000";"23,2";"23,5";"23,1";"93,0";"93,0";"92,0";"22,1";"22,2";"22,0";"1002,6";"1002,8";"1002,3";"1,1";"137,0";"3,0";"";"0,0"
"28/01/2025";"0100";"23,2";"23,3";"23,0";"93,0";"94,0";"93,0";"22,1";"22,1";"21,9";"1003,3";"1003,3";"1002,5";"0,3";"284,0";"2,1";"";"0,0"
"28/01/2025";"0200";"23,1";"23,3";"23,1";"93,0";"93,0";"93,0";"21,9";"22,1";"21,9";"1003,6";"1003,9";"1003,3";"0,4";"179,0";"1,5";"";"0,0"
"28/01/2025";"0300";"22,9";"23,1";"22,8";"94,0";"94,0";"93,0";"21,9";"22,0";"21,9";"1002,6";"1003,8";"1002,6";"0,9";"118,0";"2,1";"";"0,0"
"28/01/2025";"0400";"22,7";"22,9";"22,6";"95,0";"95,0";"94,0";"21,8";"21,9";"21,7";"1002,0";"1002,7";"1001,9";"0,5";"268,0";"2,3";"";"0,0"
"28/01/2025";"0500";"22,7";"22,9";"22,5";"95,0";"95,0";"95,0";"21,9";"22,0";"21,6";"1001,2";"1002,0";"1001,2";"0,6";"162,0";"2,1";"";"0,0"
"28/01/2025";"0600";"22,3";"22,7";"22,3";"95,0";"95,0";"95,0";"21,5";"21,8";"21,5";"1001,1";"1001,2";"1000,9";"1,2";"162,0";"2,0";"";"0,0"
"28/01/2025";"0700";"22,4";"22,5";"22,3";"95,0";"95,0";"95,0";"21,6";"21,7";"21,5";"1001,3";"1001,3";"1001,1";"1,1";"74,0";"2,4";"";"0,0"
"28/01/2025";"0800";"22,6";"22,7";"22,4";"95,0";"95,0";"95,0";"21,8";"21,8";"21,6";"1001,7";"1001,7";"1001,2";"0,4";"148,0";"1,7";"0,10";"0,0"
"28/01/2025";"0900";"22,6";"22,7";"22,5";"95,0";"95,0";"95,0";"21,7";"21,9";"21,7";"1002,5";"1002,5";"1001,7";"0,7";"92,0";"1,3";"3,70";"0,0"
"28/01/2025";"1000";"22,9";"23,0";"22,6";"95,0";"95,0";"95,0";"22,0";"22,1";"21,7";"1003,3";"1003,3";"1002,5";"0,7";"102,0";"1,3";"102,50";"0,0"
"28/01/2025";"1100";"23,8";"23,9";"22,9";"92,0";"95,0";"92,0";"22,5";"22,6";"22,0";"1003,7";"1003,7";"1003,2";"1,1";"297,0";"1,8";"392,10";"0,0"
"28/01/2025";"1200";"25,6";"25,9";"23,8";"81,0";"92,0";"81,0";"22,1";"23,1";"22,1";"1003,7";"1003,7";"1003,5";"1,3";"55,0";"2,4";"1159,50";"0,0"
"28/01/2025";"1300";"26,7";"26,9";"25,5";"76,0";"82,0";"75,0";"22,2";"22,6";"21,7";"1003,6";"1003,8";"1003,6";"0,8";"185,0";"2,4";"1305,70";"0,0"
"28/01/2025";"1400";"29,0";"29,8";"26,4";"69,0";"77,0";"65,0";"22,7";"23,7";"21,5";"1002,9";"1003,7";"1002,9";"1,3";"269,0";"2,9";"2684,60";"0,2"
"28/01/2025";"1500";"30,3";"30,8";"28,5";"61,0";"70,0";"60,0";"21,9";"23,0";"21,3";"1002,8";"1002,9";"1002,7";"3,2";"276,0";"6,3";"2983,90";"0,0"
"28/01/2025";"1600";"31,4";"31,6";"29,5";"55,0";"64,0";"55,0";"21,4";"22,6";"21,3";"1002,3";"1002,8";"1002,3";"2,7";"246,0";"6,3";"3580,10";"0,0"
"28/01/2025";"1700";"32,7";"33,0";"31,1";"50,0";"57,0";"50,0";"21,1";"22,1";"20,7";"1001,7";"1002,4";"1001,7";"2,7";"231,0";"5,6";"3296,00";"0,0"
"28/01/2025";"1800";"31,7";"34,0";"31,4";"52,0";"54,0";"46,0";"20,7";"21,8";"20,1";"1000,9";"1001,7";"1000,9";"2,8";"204,0";"6,0";"2751,10";"0,0"
"28/01/2025";"1900";"31,6";"32,9";"31,4";"54,0";"56,0";"49,0";"21,3";"22,0";"20,5";"1001,0";"1001,0";"1000,7";"2,9";"248,0";"5,8";"1160,80";"0,0"
"28/01/2025";"2000";"30,7";"31,9";"30,7";"57,0";"58,0";"54,0";"21,2";"22,0";"21,2";"1000,8";"1001,0";"1000,7";"2,7";"241,0";"5,8";"656,50";"0,0"
"28/01/2025";"2100";"25,5";"30,7";"24,1";"88,0";"91,0";"57,0";"23,4";"23,5";"21,3";"1001,3";"1001,5";"1000,8";"3,0";"98,0";"10,0";"558,60";"12,0"
"28/01/2025";"2200";"25,0";"26,0";"25,0";"85,0";"89,0";"82,0";"22,3";"23,7";"22,3";"1001,8";"1001,9";"1001,3";"1,7";"136,0";"6,1";"417,40";"0,0"
"28/01/2025";"2300";"23,9";"25,0";"23,7";"86,0";"87,0";"83,0";"21,4";"22,4";"21,3";"1002,1";"1002,1";"1001,8";"0,3";"144,0";"4,8";"20,60";"0,0"
"29/01/2025";"0000";"23,0";"23,9";"23,0";"91,0";"91,0";"86,0";"21,5";"21,5";"21,0";"1003,6";"1003,6";"1002,1";"1,4";"57,0";"3,0";"";"0,0"
"29/01/2025";"0100";"22,4";"23,0";"22,4";"93,0";"93,0";"91,0";"21,3";"21,6";"21,3";"1004,1";"1004,1";"1003,6";"1,3";"153,0";"2,6";"";"0,0"
"29/01/2025";"0200";"22,0";"22,4";"22,0";"94,0";"94,0";"93,0";"21,0";"21,4";"21,0";"1004,2";"1004,2";"1004,0";"0,4";"150,0";"2,1";"";"0,0"
"29/01/2025";"0300";"21,6";"22,1";"21,6";"94,0";"95,0";"94,0";"20,7";"21,2";"20,7";"1003,7";"1004,3";"1003,6";"0,7";"134,0";"2,9";"";"0,0"
"29/01/2025";"0400";"21,4";"21,7";"21,3";"95,0";"95,0";"94,0";"20,5";"20,8";"20,4";"1003,5";"1003,7";"1003,4";"1,0";"122,0";"2,2";"";"0,0"
"29/01/2025";"0500";"21,1";"21,4";"21,0";"95,0";"95,0";"94,0";"20,2";"20,5";"20,1";"1003,0";"1003,6";"1002,9";"0,6";"40,0";"2,1";"";"0,0"
"29/01/2025";"0600";"21,0";"21,3";"20,7";"95,0";"95,0";"95,0";"20,2";"20,5";"19,9";"1002,9";"1003,0";"1002,6";"0,7";"86,0";"1,5";"";"0,0"
"29/01/2025";"0700";"21,1";"21,2";"21,0";"95,0";"95,0";"95,0";"20,3";"20,4";"20,2";"1002,3";"1002,9";"1002,3";"1,1";"125,0";"2,4";"";"0,0"
"29/01/2025";"0800";"20,6";"21,1";"20,5";"96,0";"96,0";"95,0";"19,8";"20,3";"19,7";"1002,7";"1002,7";"1002,2";"1,2";"116,0";"2,6";"";"0,0"
"29/01/2025";"0900";"20,6";"20,7";"20,4";"96,0";"96,0";"95,0";"19,9";"20,0";"19,6";"1003,5";"1003,5";"1002,7";"0,7";"98,0";"1,8";"2,00";"0,0"
"29/01/2025";"1000";"21,6";"21,6";"20,6";"96,0";"96,0";"96,0";"20,9";"20,9";"19,8";"1004,5";"1004,5";"1003,5";"0,4";"296,0";"1,6";"208,60";"0,0"
"29/01/2025";"1100";"22,3";"22,5";"21,6";"95,0";"96,0";"95,0";"21,6";"21,8";"21,0";"1004,9";"1004,9";"1004,5";"0,6";"154,0";"1,3";"326,50";"0,0"
"29/01/2025";"1200";"23,4";"23,4";"22,3";"94,0";"96,0";"93,0";"22,3";"22,3";"21,6";"1005,2";"1005,2";"1004,8";"0,5";"248,0";"1,5";"397,50";"0,0"
"29/01/2025";"1300";"25,3";"25,5";"23,3";"82,0";"94,0";"82,0";"22,0";"23,0";"21,9";"1005,4";"1005,5";"1005,2";"0,9";"162,0";"2,1";"1156,00";"0,0"
"29/01/2025";"1400";"27,9";"27,9";"25,2";"72,0";"84,0";"71,0";"22,4";"23,0";"21,1";"1004,7";"1005,4";"1004,6";"2,1";"118,0";"4,9";"2887,20";"0,0"
"29/01/2025";"1500";"29,2";"29,7";"27,6";"65,0";"74,0";"63,0";"22,0";"23,3";"20,9";"1004,3";"1004,7";"1004,3";"1,4";"261,0";"4,0";"2514,80";"0,0"
"29/01/2025";"1600";"31,1";"31,5";"28,8";"55,0";"67,0";"54,0";"21,1";"23,0";"20,6";"1003,6";"1004,3";"1003,6";"1,8";"241,0";"4,9";"3175,60";"0,2"
"29/01/2025";"1700";"31,9";"32,1";"30,0";"56,0";"64,0";"53,0";"21,9";"23,4";"20,5";"1003,1";"1003,6";"1003,1";"2,4";"215,0";"6,0";"2530,70";"0,0"
"29/01/2025";"1800";"29,1";"32,2";"29,1";"66,0";"66,0";"54,0";"22,2";"23,0";"20,7";"1002,5";"1003,1";"1002,5";"3,8";"184,0";"7,7";"1464,50";"0,0"
"29/01/2025";"1900";"29,4";"30,6";"28,5";"62,0";"72,0";"61,0";"21,4";"23,4";"21,4";"1002,1";"1002,6";"1002,1";"4,2";"156,0";"9,8";"2100,10";"0,0"
"29/01/2025";"2000";"29,6";"30,2";"28,7";"62,0";"65,0";"60,0";"21,4";"22,7";"20,9";"1001,9";"1002,2";"1001,8";"";"";"9,8";"1893,70";"0,0"
"29/01/2025";"2100";"28,0";"29,6";"28,0";"68,0";"68,0";"61,0";"21,5";"21,9";"20,8";"1001,7";"1001,9";"1001,6";"2,6";"132,0";"9,0";"748,40";"0,0"
"29/01/2025";"2200";"26,1";"28,0";"26,0";"74,0";"74,0";"68,0";"21,1";"21,5";"21,1";"1002,8";"1002,8";"1001,4";"5,4";"163,0";"9,3";"91,00";"0,0"
"29/01/2025";"2300";"23,8";"26,1";"23,8";"86,0";"86,0";"74,0";"21,2";"21,3";"21,0";"1003,9";"1004,1";"1002,9";"4,0";"154,0";"9,9";"2,10";"0,8"
"30/01/2025";"0000";"23,1";"23,8";"22,9";"90,0";"90,0";"86,0";"21,4";"21,4";"21,1";"1004,5";"1004,5";"1003,8";"2,3";"106,0";"8,0";"";"2,2"
"30/01/2025";"0100";"23,1";"23,1";"22,8";"90,0";"92,0";"90,0";"21,3";"21,6";"21,2";"1004,9";"1004,9";"1004,3";"1,9";"191,0";"3,8";"0,30";"0,0"
"30/01/2025";"0200";"22,6";"23,2";"22,6";"90,0";"90,0";"89,0";"20,9";"21,3";"20,9";"1004,6";"1004,9";"1004,5";"1,6";"150,0";"5,4";"0,50";"0,0"
"30/01/2025";"0300";"22,2";"22,7";"22,2";"91,0";"91,0";"89,0";"20,6";"20,9";"20,6";"1004,3";"1004,6";"1004,3";"1,1";"190,0";"3,9";"";"0,0"
"30/01/2025";"0400";"22,6";"22,7";"22,2";"87,0";"91,0";"87,0";"20,4";"20,6";"20,4";"1004,3";"1004,4";"1004,0";"1,9";"188,0";"4,8";"0,60";"0,0"
"30/01/2025";"0500";"22,6";"22,7";"22,5";"86,0";"87,0";"86,0";"20,2";"20,4";"20,2";"1003,8";"1004,3";"1003,7";"2,3";"166,0";"4,7";"2,60";"0,0"
"30/01/2025";"0600";"22,5";"22,6";"22,4";"86,0";"87,0";"86,0";"20,0";"20,2";"20,0";"1003,6";"1003,8";"1003,6";"1,8";"150,0";"4,0";"3,20";"0,0"
"30/01/2025";"0700";"22,3";"22,6";"22,3";"88,0";"88,0";"85,0";"20,1";"20,2";"19,9";"1003,4";"1003,6";"1003,3";"2,3";"165,0";"3,8";"2,60";"0,0"
"30/01/2025";"0800";"22,1";"22,3";"22,0";"88,0";"89,0";"87,0";"20,0";"20,2";"20,0";"1003,6";"1003,6";"1003,2";"2,4";"154,0";"5,4";"1,80";"0,0"
"30/01/2025";"0900";"22,0";"22,2";"22,0";"86,0";"88,0";"86,0";"19,6";"20,0";"19,6";"1003,9";"1004,0";"1003,6";"2,1";"145,0";"5,1";"3,00";"0,0"
"30/01/2025";"1000";"22,4";"22,4";"21,8";"85,0";"87,0";"85,0";"19,7";"19,8";"19,5";"1004,4";"1004,4";"1003,8";"2,0";"136,0";"5,5";"117,00";"0,0"
"30/01/2025";"1100";"22,6";"22,7";"22,4";"83,0";"85,0";"82,0";"19,5";"20,1";"19,4";"1004,8";"1004,8";"1004,4";"2,1";"138,0";"5,0";"263,90";"0,0"
"30/01/2025";"1200";"23,2";"23,2";"22,6";"83,0";"84,0";"82,0";"20,1";"20,1";"19,5";"1005,0";"1005,0";"1004,8";"2,4";"133,0";"5,5";"293,90";"0,0"
"30/01/2025";"1300";"23,4";"23,7";"23,2";"78,0";"83,0";"78,0";"19,4";"20,2";"19,4";"1005,4";"1005,4";"1005,0";"2,5";"150,0";"7,2";"589,70";"0,0"
"30/01/2025";"1400";"24,0";"24,4";"23,4";"77,0";"80,0";"76,0";"19,8";"20,5";"19,5";"1005,5";"1005,6";"1005,4";"2,1";"149,0";"6,3";"619,20";"0,0"
"30/01/2025";"1500";"25,4";"25,6";"24,0";"72,0";"79,0";"69,0";"19,9";"20,8";"19,4";"1004,8";"1005,5";"1004,8";"2,8";"144,0";"6,5";"1322,70";"0,0"
"30/01/2025";"1600";"25,0";"26,5";"25,0";"70,0";"72,0";"66,0";"19,1";"20,4";"19,1";"1004,4";"1004,8";"1004,4";"3,0";"163,0";"7,0";"1109,20";"0,0"
"30/01/2025";"1700";"26,4";"26,4";"24,8";"64,0";"73,0";"64,0";"19,0";"20,5";"19,0";"1003,8";"1004,4";"1003,8";"3,0";"137,0";"7,1";"798,20";"0,0"
"30/01/2025";"1800";"25,8";"28,1";"25,8";"67,0";"67,0";"58,0";"19,1";"20,1";"18,2";"1003,5";"1003,8";"1003,4";"2,5";"139,0";"7,8";"2052,00";"0,0"
"30/01/2025";"1900";"24,4";"25,9";"24,2";"74,0";"76,0";"67,0";"19,4";"20,0";"19,1";"1003,2";"1003,5";"1003,2";"2,4";"145,0";"6,2";"536,90";"0,0"
"30/01/2025";"2000";"24,9";"25,0";"24,3";"75,0";"76,0";"74,0";"20,2";"20,3";"19,3";"1002,8";"1003,2";"1002,8";"";"";"5,6";"504,40";"0,0"
"30/01/2025";"2100";"25,5";"25,6";"24,9";"71,0";"75,0";"69,0";"19,8";"20,4";"19,5";"1002,5";"1002,8";"1002,5";"1,6";"139,0";"4,4";"492,90";"0,0"
"30/01/2025";"2200";"24,2";"25,5";"24,2";"78,0";"78,0";"70,0";"20,2";"20,2";"19,6";"1002,7";"1002,7";"1002,4";"1,7";"148,0";"4,2";"188,00";"0,0"
"30/01/2025";"2300";"23,6";"24,2";"23,5";"79,0";"80,0";"78,0";"19,7";"20,2";"19,7";"1003,0";"1003,0";"1002,7";"1,8";"141,0";"5,0";"2,70";"0,0"
"31/01/2025";"0000";"23,2";"23,6";"23,1";"82,0";"82,0";"79,0";"19,9";"19,9";"19,5";"1003,2";"1003,2";"1003,0";"1,6";"145,0";"4,4";"";"0,0"
"31/01/2025";"0100";"23,1";"23,4";"23,1";"80,0";"82,0";"78,0";"19,5";"19,9";"19,3";"1003,8";"1003,9";"1003,2";"2,4";"150,0";"6,7";"";"0,0"
"31/01/2025";"0200";"22,4";"23,1";"22,4";"81,0";"81,0";"77,0";"18,9";"19,5";"18,6";"1003,8";"1004,0";"1003,7";"1,8";"155,0";"6,4";"";"0,0"
"31/01/2025";"0300";"22,1";"22,4";"21,9";"81,0";"83,0";"80,0";"18,7";"19,0";"18,7";"1003,2";"1003,8";"1003,2";"0,9";"206,0";"3,3";"";"0,0"
"31/01/2025";"0400";"21,5";"22,2";"21,5";"84,0";"85,0";"79,0";"18,7";"18,9";"18,3";"1002,8";"1003,2";"1002,8";"1,2";"245,0";"2,2";"";"0,0"
"31/01/2025";"0500";"20,9";"21,5";"20,9";"87,0";"88,0";"84,0";"18,7";"18,9";"18,6";"1002,1";"1002,8";"1002,1";"0,3";"256,0";"2,1";"";"0,0"
"31/01/2025";"0600";"20,0";"20,9";"20,0";"91,0";"91,0";"87,0";"18,4";"18,7";"18,4";"1001,7";"1002,1";"1001,7";"0,7";"87,0";"1,5";"";"0,0"
"31/01/2025";"0700";"19,1";"20,0";"19,1";"93,0";"93,0";"91,0";"17,9";"18,4";"17,9";"1001,4";"1001,7";"1001,4";"1,0";"100,0";"1,8";"";"0,0"
"31/01/2025";"0800";"18,6";"19,1";"18,6";"94,0";"94,0";"93,0";"17,6";"17,9";"17,6";"1001,3";"1001,4";"1001,2";"1,1";"154,0";"1,9";"";"0,0"
"31/01/2025";"0900";"18,4";"18,6";"18,1";"95,0";"95,0";"94,0";"17,6";"17,7";"17,2";"1001,8";"1001,8";"1001,3";"1,1";"148,0";"2,2";"1,20";"0,0"
"31/01/2025";"1000";"19,4";"19,4";"18,4";"94,0";"95,0";"94,0";"18,5";"18,5";"17,6";"1002,4";"1002,4";"1001,8";"0,3";"302,0";"2,1";"234,40";"0,0"
"31/01/2025";"1100";"20,8";"20,8";"19,4";"89,0";"94,0";"89,0";"19,0";"19,0";"18,3";"1002,8";"1002,8";"1002,4";"0,6";"230,0";"1,4";"484,10";"0,0"
"31/01/2025";"1200";"22,8";"22,9";"20,7";"79,0";"89,0";"79,0";"19,0";"19,8";"18,7";"1002,9";"1003,0";"1002,8";"1,0";"233,0";"2,8";"1241,40";"0,0"
"31/01/2025";"1300";"24,6";"24,9";"22,8";"72,0";"80,0";"70,0";"19,1";"19,9";"18,6";"1002,7";"1002,9";"1002,7";"1,6";"246,0";"3,2";"1992,80";"0,0"
"31/01/2025";"1400";"26,0";"26,0";"24,4";"70,0";"72,0";"67,0";"20,2";"20,2";"18,6";"1002,4";"1002,7";"1002,4";"2,3";"181,0";"4,6";"1800,10";"0,0"
"31/01/2025";"1500";"27,6";"27,8";"25,5";"64,0";"70,0";"64,0";"20,3";"21,0";"19,1";"1001,5";"1002,4";"1001,5";"2,6";"166,0";"5,1";"2047,60";"0,0"
"31/01/2025";"1600";"26,9";"28,5";"26,7";"66,0";"67,0";"60,0";"20,1";"20,8";"19,2";"1000,9";"1001,5";"1000,9";"2,3";"167,0";"5,7";"2084,70";"0,0"
"31/01/2025";"1700";"28,3";"28,8";"26,6";"60,0";"68,0";"59,0";"19,8";"21,0";"19,2";"1000,1";"1000,9";"1000,1";"2,4";"169,0";"5,2";"1920,30";"0,0"
"31/01/2025";"1800";"28,5";"29,3";"27,7";"65,0";"65,0";"57,0";"21,2";"21,2";"19,1";"999,6";"1000,1";"999,6";"2,6";"160,0";"5,2";"2136,50";"0,0"
"31/01/2025";"1900";"28,6";"30,0";"28,0";"57,0";"65,0";"55,0";"19,1";"21,0";"18,9";"998,7";"999,6";"998,7";"2,4";"229,0";"4,9";"1681,60";"0,0"
"31/01/2025";"2000";"29,2";"29,5";"28,1";"55,0";"61,0";"55,0";"19,3";"20,5";"19,0";"998,3";"998,7";"998,2";"2,8";"164,0";"5,8";"1369,00";"0,0"
"31/01/2025";"2100";"28,6";"29,5";"27,9";"56,0";"60,0";"55,0";"19,1";"20,2";"18,9";"998,1";"998,3";"998,1";"2,7";"155,0";"5,8";"987,70";"0,0"
"31/01/2025";"2200";"27,1";"28,6";"27,1";"62,0";"62,0";"56,0";"19,1";"19,5";"18,6";"998,3";"998,3";"998,1";"1,8";"142,0";"5,0";"502,80";"0,0"
"31/01/2025";"2300";"24,5";"27,1";"24,5";"73,0";"73,0";"62,0";"19,5";"19,5";"19,0";"999,0";"999,0";"998,3";"1,1";"145,0";"4,8";"20,50";"0,0"
"01/02/2025";"0000";"24,0";"24,8";"24,0";"73,0";"75,0";"71,0";"18,7";"19,6";"18,7";"999,9";"999,9";"999,0";"2,3";"149,0";"5,8";"";"0,0"
"01/02/2025";"0100";"22,9";"24,0";"22,9";"77,0";"77,0";"72,0";"18,6";"18,9";"18,6";"1000,4";"1000,4";"999,9";"1,5";"145,0";"5,4";"";"0,0"
"01/02/2025";"0200";"22,3";"22,9";"22,2";"81,0";"81,0";"77,0";"18,9";"19,0";"18,5";"1000,9";"1000,9";"1000,4";"1,5";"103,0";"3,7";"";"0,0"
"01/02/2025";"0300";"21,2";"22,3";"21,0";"87,0";"88,0";"81,0";"19,0";"19,0";"18,7";"1000,8";"1000,9";"1000,7";"1,1";"126,0";"2,1";"";"0,0"
"01/02/2025";"0400";"20,6";"21,2";"20,6";"88,0";"89,0";"87,0";"18,6";"19,0";"18,6";"1000,6";"1000,8";"1000,5";"0,9";"75,0";"1,6";"";"0,0"
"01/02/2025";"0500";"19,8";"20,6";"19,8";"92,0";"92,0";"88,0";"18,3";"18,7";"18,3";"1000,3";"1000,6";"1000,3";"0,7";"45,0";"1,4";"";"0,0"
"01/02/2025";"0600";"19,2";"19,9";"19,1";"93,0";"93,0";"92,0";"18,1";"18,6";"17,9";"1000,0";"1000,3";"1000,0";"0,6";"108,0";"1,5";"";"0,0"
"01/02/2025";"0700";"19,1";"19,6";"18,7";"94,0";"94,0";"93,0";"18,1";"18,7";"17,6";"1000,0";"1000,1";"999,8";"0,5";"351,0";"1,3";"";"0,0"
"01/02/2025";"0800";"18,5";"19,2";"18,4";"95,0";"95,0";"93,0";"17,6";"18,2";"17,5";"999,9";"1000,1";"999,8";"1,4";"83,0";"1,8";"";"0,0"
"01/02/2025";"0900";"18,3";"18,6";"18,0";"95,0";"95,0";"94,0";"17,5";"17,7";"17,2";"1000,1";"1000,1";"999,8";"0,3";"61,0";"1,8";"0,50";"0,0"
"01/02/2025";"1000";"19,8";"19,8";"18,2";"95,0";"95,0";"95,0";"19,0";"19,0";"17,4";"1000,8";"1000,8";"1000,1";"0,1";"14,0";"0,8";"212,40";"0,0"
"01/02/2025";"1100";"21,3";"21,4";"19,8";"90,0";"96,0";"88,0";"19,6";"20,4";"18,9";"1001,5";"1001,5";"1000,8";"1,5";"264,0";"2,4";"724,20";"0,0"
"01/02/2025";"1200";"23,5";"23,7";"21,2";"79,0";"91,0";"79,0";"19,6";"20,2";"19,2";"1001,6";"1001,7";"1001,5";"1,0";"291,0";"2,8";"1608,70";"0,0"
"01/02/2025";"1300";"26,4";"27,4";"23,5";"65,0";"80,0";"64,0";"19,4";"21,0";"19,2";"1001,4";"1001,6";"1001,4";"2,3";"245,0";"3,8";"2416,20";"0,0"
"01/02/2025";"1400";"27,5";"28,5";"26,1";"62,0";"69,0";"59,0";"19,5";"20,4";"18,9";"1000,9";"1001,4";"1000,9";"1,1";"217,0";"3,9";"2548,60";"0,0"
"01/02/2025";"1500";"29,7";"29,9";"27,0";"55,0";"66,0";"55,0";"19,8";"21,0";"19,3";"1000,3";"1000,9";"1000,3";"1,3";"279,0";"3,3";"2044,90";"0,0"
"01/02/2025";"1600";"29,3";"30,6";"28,6";"59,0";"59,0";"53,0";"20,3";"20,9";"18,9";"999,6";"1000,3";"999,6";"2,0";"138,0";"5,0";"2247,10";"0,0"
"01/02/2025";"1700";"31,7";"32,6";"29,3";"48,0";"59,0";"46,0";"19,3";"21,6";"19,0";"998,6";"999,6";"998,6";"2,5";"216,0";"5,2";"3070,60";"0,0"
"01/02/2025";"1800";"30,7";"32,5";"30,1";"52,0";"53,0";"47,0";"19,7";"20,5";"18,7";"998,0";"998,6";"998,0";"2,6";"192,0";"6,7";"2356,40";"0,0"
"01/02/2025";"1900";"32,0";"32,7";"30,3";"47,0";"54,0";"44,0";"19,4";"20,9";"18,7";"997,5";"998,0";"997,5";"3,1";"178,0";"6,5";"2055,70";"0,0"
"01/02/2025";"2000";"30,2";"33,0";"30,2";"51,0";"52,0";"44,0";"19,0";"20,2";"18,4";"997,2";"997,5";"997,1";"3,6";"164,0";"7,7";"1436,10";"0,0"
"01/02/2025";"2100";"29,9";"30,8";"29,2";"54,0";"57,0";"51,0";"19,7";"20,0";"18,9";"997,3";"997,4";"997,1";"2,0";"140,0";"6,8";"661,30";"0,0"
"01/02/2025";"2200";"28,3";"30,3";"28,3";"60,0";"60,0";"51,0";"19,8";"19,9";"18,8";"998,0";"998,0";"997,2";"3,6";"134,0";"8,2";"506,20";"0,0"
"01/02/2025";"2300";"26,6";"28,3";"26,6";"67,0";"67,0";"60,0";"20,0";"20,1";"19,8";"998,6";"998,6";"998,0";"2,4";"137,0";"7,2";"23,70";"0,0"
"02/02/2025";"0000";"25,0";"26,6";"25,0";"76,0";"76,0";"67,0";"20,5";"20,6";"19,9";"999,1";"999,1";"998,6";"1,4";"133,0";"4,9";"";"0,0"
"02/02/2025";"0100";"24,5";"25,3";"24,4";"77,0";"79,0";"75,0";"20,3";"20,8";"20,2";"1000,0";"1000,0";"999,1";"1,3";"138,0";"6,4";"";"0,0"
"02/02/2025";"0200";"23,3";"24,5";"23,2";"83,0";"83,0";"77,0";"20,1";"20,3";"20,0";"1000,5";"1000,5";"1000,0";"1,4";"157,0";"4,1";"";"0,0"
"02/02/2025";"0300";"23,0";"23,6";"22,8";"84,0";"84,0";"81,0";"20,2";"20,3";"19,7";"1000,4";"1000,5";"1000,3";"0,7";"24,0";"3,3";"";"0,0"
"02/02/2025";"0400";"22,0";"23,3";"21,9";"89,0";"89,0";"83,0";"20,1";"20,4";"19,7";"1000,3";"1000,5";"1000,3";"0,9";"55,0";"1,4";"";"0,0"
"02/02/2025";"0500";"21,3";"22,0";"21,3";"92,0";"92,0";"89,0";"19,9";"20,3";"19,8";"999,9";"1000,4";"999,9";"0,8";"27,0";"1,7";"";"0,0"
"02/02/2025";"0600";"20,9";"21,6";"20,9";"90,0";"92,0";"90,0";"19,3";"20,3";"19,3";"999,7";"999,9";"999,7";"0,6";"315,0";"2,5";"";"0,0"
"02/02/2025";"0700";"20,5";"21,1";"20,5";"93,0";"93,0";"90,0";"19,4";"19,9";"19,3";"999,8";"999,9";"999,7";"0,5";"17,0";"2,0";"";"0,0"
"02/02/2025";"0800";"20,2";"20,5";"19,9";"95,0";"95,0";"93,0";"19,3";"19,4";"18,9";"999,7";"999,8";"999,5";"0,8";"170,0";"1,6";"";"0,0"
"02/02/2025";"0900";"19,7";"20,2";"19,7";"95,0";"95,0";"94,0";"18,9";"19,3";"18,8";"1000,4";"1000,4";"999,7";"0,7";"310,0";"1,5";"";"0,0"
"02/02/2025";"1000";"21,4";"21,4";"19,7";"95,0";"96,0";"95,0";"20,7";"20,7";"19,0";"1000,9";"1001,0";"1000,4";"0,4";"144,0";"1,0";"211,10";"0,0"
"02/02/2025";"1100";"23,6";"23,8";"21,4";"85,0";"95,0";"83,0";"21,0";"21,4";"20,3";"1001,4";"1001,4";"1000,9";"0,8";"266,0";"1,8";"926,80";"0,0"
"02/02/2025";"1200";"25,8";"26,2";"23,6";"74,0";"85,0";"73,0";"20,7";"21,5";"20,5";"1001,5";"1001,6";"1001,4";"1,1";"253,0";"2,9";"1703,90";"0,0"
"02/02/2025";"1300";"28,7";"29,2";"25,8";"60,0";"74,0";"60,0";"20,2";"21,4";"20,2";"1001,3";"1001,6";"1001,3";"1,1";"252,0";"2,9";"2369,80";"0,0"
"02/02/2025";"1400";"30,8";"30,8";"28,7";"55,0";"62,0";"54,0";"20,6";"21,3";"20,0";"1000,7";"1001,3";"1000,7";"1,3";"155,0";"4,0";"2855,70";"0,0"
"02/02/2025";"1500";"33,0";"33,2";"30,6";"48,0";"56,0";"47,0";"20,5";"21,2";"19,6";"1000,2";"1000,7";"1000,2";"2,2";"240,0";"6,0";"3348,50";"0,0"
"02/02/2025";"1600";"33,0";"33,7";"32,2";"46,0";"50,0";"43,0";"19,9";"21,2";"18,7";"999,5";"1000,2";"999,5";"2,5";"266,0";"6,0";"3687,40";"0,0"
"02/02/2025";"1700";"34,5";"35,2";"33,0";"41,0";"47,0";"38,0";"19,2";"20,4";"17,7";"998,7";"999,5";"998,7";"1,9";"159,0";"5,8";"3288,10";"0,0"
"02/02/2025";"1800";"34,9";"35,8";"33,8";"45,0";"45,0";"36,0";"21,0";"21,0";"17,5";"997,8";"998,7";"997,8";"2,4";"157,0";"4,7";"2863,40";"0,0"
"02/02/2025";"1900";"34,3";"35,4";"32,9";"45,0";"49,0";"39,0";"20,6";"21,7";"18,4";"996,9";"997,8";"996,9";"3,2";"146,0";"8,4";"1960,10";"0,0"
"02/02/2025";"2000";"32,4";"34,3";"32,4";"48,0";"49,0";"45,0";"19,9";"20,8";"19,5";"996,8";"997,0";"996,8";"3,3";"155,0";"6,9";"631,30";"0,0"
"02/02/2025";"2100";"32,5";"33,4";"32,3";"50,0";"50,0";"45,0";"20,7";"20,8";"19,4";"996,8";"996,9";"996,6";"3,5";"136,0";"7,4";"886,10";"0,0"
"02/02/2025";"2200";"30,3";"32,5";"30,3";"58,0";"58,0";"50,0";"21,2";"21,5";"20,6";"997,1";"997,3";"996,8";"4,4";"128,0";"8,7";"452,60";"0,0"
"02/02/2025";"2300";"28,3";"30,3";"28,3";"66,0";"66,0";"58,0";"21,4";"21,5";"21,2";"997,6";"997,6";"997,1";"1,6";"134,0";"8,7";"18,40";"0,0"
"03/02/2025";"0000";"26,8";"28,3";"26,8";"72,0";"72,0";"66,0";"21,4";"21,5";"21,3";"998,5";"998,5";"997,6";"1,4";"152,0";"3,9";"";"0,0"
"03/02/2025";"0100";"26,0";"26,8";"26,0";"75,0";"75,0";"72,0";"21,3";"21,5";"21,2";"999,2";"999,2";"998,5";"0,6";"8,0";"3,3";"";"0,0"
"03/02/2025";"0200";"25,1";"26,4";"25,0";"80,0";"80,0";"74,0";"21,4";"21,6";"21,3";"999,7";"999,7";"999,2";"1,4";"82,0";"2,5";"";"0,0"
"03/02/2025";"0300";"24,9";"25,4";"24,3";"81,0";"84,0";"79,0";"21,5";"21,8";"21,2";"999,4";"999,7";"999,4";"1,9";"166,0";"2,7";"";"0,0"
"03/02/2025";"0400";"24,1";"24,9";"23,8";"84,0";"85,0";"81,0";"21,2";"21,5";"21,1";"999,1";"999,4";"999,1";"1,0";"147,0";"3,8";"";"0,0"
"03/02/2025";"0500";"23,2";"24,1";"23,1";"87,0";"87,0";"84,0";"20,9";"21,2";"20,8";"999,0";"999,1";"999,0";"0,7";"334,0";"2,1";"";"0,0"
"03/02/2025";"0600";"22,3";"23,5";"22,3";"90,0";"90,0";"86,0";"20,6";"21,2";"20,4";"999,0";"999,1";"999,0";"1,2";"160,0";"2,1";"";"0,0"
"03/02/2025";"0700";"21,7";"22,3";"21,5";"92,0";"92,0";"90,0";"20,4";"20,7";"20,1";"999,2";"999,3";"999,0";"0,8";"116,0";"2,1";"";"0,0"
"03/02/2025";"0800";"21,2";"21,8";"21,0";"93,0";"94,0";"92,0";"20,1";"20,5";"19,7";"999,7";"999,7";"999,2";"0,8";"135,0";"2,1";"";"0,0"
"03/02/2025";"0900";"21,2";"21,3";"20,8";"94,0";"94,0";"93,0";"20,2";"20,3";"19,6";"1000,1";"1000,1";"999,7";"0,9";"286,0";"1,9";"0,50";"0,0"
"03/02/2025";"1000";"22,2";"22,2";"21,1";"92,0";"94,0";"92,0";"20,9";"20,9";"20,0";"1000,6";"1000,6";"1000,1";"0,7";"297,0";"2,0";"210,10";"0,0"
"03/02/2025";"1100";"25,5";"25,5";"22,2";"80,0";"93,0";"79,0";"21,8";"21,9";"21,1";"1001,0";"1001,1";"1000,6";"1,9";"227,0";"3,0";"904,20";"0,0"
"03/02/2025";"1200";"29,1";"29,1";"25,6";"62,0";"80,0";"62,0";"21,0";"22,1";"20,9";"1001,1";"1001,3";"1001,0";"1,4";"259,0";"3,5";"1701,70";"0,0"
"03/02/2025";"1300";"31,4";"31,8";"29,0";"51,0";"62,0";"50,0";"20,0";"21,3";"19,8";"1000,8";"1001,1";"1000,8";"3,1";"348,0";"7,0";"2403,00";"0,0"
"03/02/2025";"1400";"33,4";"33,4";"31,4";"46,0";"52,0";"45,0";"20,1";"20,9";"19,4";"1000,4";"1000,8";"1000,4";"3,3";"330,0";"6,0";"2927,70";"0,0"
"03/02/2025";"1500";"35,2";"35,2";"32,9";"39,0";"47,0";"37,0";"19,1";"20,4";"17,9";"999,9";"1000,4";"999,9";"1,9";"252,0";"6,0";"3347,40";"0,0"
"03/02/2025";"1600";"35,1";"36,1";"34,4";"35,0";"39,0";"35,0";"17,5";"19,2";"17,5";"999,6";"1000,0";"999,6";"2,0";"201,0";"6,3";"3650,30";"0,0"
"03/02/2025";"1700";"35,6";"37,6";"34,4";"34,0";"40,0";"32,0";"17,2";"19,7";"17,1";"998,8";"999,6";"998,8";"2,5";"211,0";"4,9";"2782,90";"0,0"
"03/02/2025";"1800";"36,5";"37,3";"35,0";"35,0";"41,0";"33,0";"18,7";"21,0";"16,6";"997,8";"998,8";"997,8";"2,9";"193,0";"7,2";"3106,00";"0,0"
"03/02/2025";"1900";"35,1";"37,8";"35,1";"37,0";"38,0";"32,0";"18,2";"20,0";"17,5";"997,4";"997,8";"997,4";"2,3";"140,0";"7,5";"2415,50";"0,0"
"03/02/2025";"2000";"34,4";"36,8";"34,2";"42,0";"43,0";"35,0";"19,5";"20,0";"18,2";"997,1";"997,4";"997,1";"3,1";"153,0";"6,5";"1039,80";"0,0"
"03/02/2025";"2100";"34,4";"35,1";"33,7";"39,0";"43,0";"38,0";"18,2";"20,0";"18,1";"997,1";"997,2";"997,1";"2,5";"137,0";"6,8";"888,80";"0,0"
"03/02/2025";"2200";"32,1";"34,4";"32,1";"53,0";"53,0";"38,0";"21,4";"21,4";"17,8";"998,1";"998,1";"997,1";"2,5";"137,0";"7,3";"442,60";"0,0"
"03/02/2025";"2300";"29,9";"32,1";"29,9";"62,0";"62,0";"54,0";"21,8";"21,9";"21,4";"998,8";"998,8";"998,1";"2,7";"132,0";"7,4";"17,90";"0,0"
"04/02/2025";"0000";"28,7";"29,9";"28,5";"67,0";"67,0";"62,0";"22,0";"22,0";"21,8";"999,6";"999,6";"998,8";"2,4";"119,0";"5,7";"";"0,0"
"04/02/2025";"0100";"27,0";"28,7";"27,0";"74,0";"74,0";"67,0";"22,0";"22,1";"21,7";"1000,4";"1000,4";"999,6";"0,7";"230,0";"4,0";"";"0,0"
"04/02/2025";"0200";"25,9";"27,1";"25,8";"80,0";"80,0";"74,0";"22,2";"22,2";"21,9";"1000,7";"1000,8";"1000,4";"1,7";"55,0";"2,4";"";"0,0"
"04/02/2025";"0300";"25,0";"26,0";"24,8";"85,0";"85,0";"80,0";"22,2";"22,3";"22,0";"1000,4";"1000,7";"1000,4";"0,5";"70,0";"2,6";"";"0,0"
"04/02/2025";"0400";"24,2";"25,3";"24,1";"88,0";"88,0";"83,0";"22,0";"22,3";"21,6";"999,9";"1000,4";"999,9";"0,8";"227,0";"2,8";"";"0,0"
"04/02/2025";"0500";"24,1";"24,6";"23,8";"87,0";"88,0";"85,0";"21,7";"22,1";"21,5";"999,9";"1000,0";"999,9";"0,5";"24,0";"2,6";"";"0,0"
"04/02/2025";"0600";"24,0";"24,5";"23,6";"87,0";"89,0";"85,0";"21,7";"22,2";"21,1";"999,2";"999,9";"999,2";"1,7";"219,0";"3,0";"";"0,0"
"04/02/2025";"0700";"23,7";"25,0";"23,4";"87,0";"89,0";"82,0";"21,4";"22,0";"21,0";"999,1";"999,4";"999,1";"2,4";"218,0";"5,0";"";"0,0"
"04/02/2025";"0800";"24,6";"24,6";"23,2";"83,0";"89,0";"83,0";"21,5";"21,8";"21,0";"999,0";"999,3";"998,8";"2,9";"217,0";"3,8";"";"0,0"
"04/02/2025";"0900";"25,7";"26,0";"24,2";"73,0";"83,0";"72,0";"20,6";"21,4";"20,2";"999,3";"999,3";"999,0";"2,4";"206,0";"4,3";"";"0,0"
"04/02/2025";"1000";"25,2";"25,7";"24,6";"77,0";"78,0";"73,0";"20,9";"21,0";"20,2";"1000,3";"1000,3";"999,3";"2,9";"228,0";"4,4";"208,10";"0,0"
"04/02/2025";"1100";"27,6";"27,6";"25,2";"71,0";"78,0";"70,0";"22,0";"22,0";"20,9";"1001,0";"1001,0";"1000,3";"1,6";"228,0";"4,1";"931,60";"0,0"
"04/02/2025";"1200";"30,4";"30,8";"27,6";"58,0";"72,0";"57,0";"21,1";"22,2";"20,4";"1000,9";"1001,0";"1000,9";"2,7";"13,0";"5,1";"1699,50";"0,0"
"04/02/2025";"1300";"32,1";"32,1";"30,2";"52,0";"58,0";"51,0";"21,1";"21,2";"20,0";"1000,8";"1000,9";"1000,7";"2,6";"13,0";"6,9";"2402,70";"0,0"
"04/02/2025";"1400";"34,1";"34,1";"31,8";"46,0";"52,0";"45,0";"20,8";"21,4";"19,6";"1000,4";"1000,8";"1000,4";"2,5";"357,0";"5,3";"2918,80";"0,0"
"04/02/2025";"1500";"34,7";"35,0";"33,1";"42,0";"48,0";"41,0";"19,7";"21,0";"19,5";"999,9";"1000,4";"999,9";"2,1";"237,0";"5,6";"3333,80";"0,0"
"04/02/2025";"1600";"37,0";"37,1";"34,7";"32,0";"43,0";"32,0";"17,7";"20,7";"17,2";"999,6";"999,9";"999,6";"3,0";"248,0";"5,5";"3423,50";"0,0"
"04/02/2025";"1700";"36,8";"37,6";"36,1";"33,0";"36,0";"29,0";"18,1";"19,4";"15,7";"999,1";"999,6";"999,1";"2,1";"293,0";"5,9";"3431,90";"0,0"
"04/02/2025";"1800";"37,6";"38,4";"36,1";"28,0";"35,0";"27,0";"16,1";"19,2";"15,7";"998,5";"999,1";"998,5";"3,3";"272,0";"8,5";"2822,30";"0,0"
"04/02/2025";"1900";"38,5";"39,0";"37,2";"26,0";"30,0";"24,0";"15,4";"16,9";"13,9";"997,8";"998,5";"997,8";"2,6";"245,0";"8,4";"2663,10";"0,0"
"04/02/2025";"2000";"38,0";"38,7";"37,3";"30,0";"30,0";"25,0";"17,5";"17,9";"15,1";"996,9";"997,8";"996,9";"2,4";"167,0";"6,3";"2029,60";"0,0"
"04/02/2025";"2100";"37,4";"38,2";"37,1";"27,0";"30,0";"25,0";"15,1";"16,9";"14,3";"996,7";"996,9";"996,6";"1,8";"193,0";"6,6";"1270,80";"0,0"
"04/02/2025";"2200";"34,1";"37,5";"34,1";"35,0";"37,0";"27,0";"16,3";"18,6";"14,6";"997,5";"997,5";"996,6";"2,9";"132,0";"6,8";"472,40";"0,0"
"04/02/2025";"2300";"31,5";"34,1";"31,5";"44,0";"44,0";"34,0";"17,6";"17,6";"16,0";"998,2";"998,2";"997,5";"2,4";"118,0";"6,0";"16,40";"0,0"
"05/02/2025";"0000";"31,0";"32,0";"31,0";"54,0";"54,0";"44,0";"20,7";"20,8";"17,7";"999,7";"999,7";"998,2";"2,6";"129,0";"6,8";"";"0,0"
"05/02/2025";"0100";"30,4";"31,0";"30,2";"58,0";"58,0";"54,0";"21,0";"21,2";"20,7";"1000,3";"1000,3";"999,7";"3,5";"118,0";"6,1";"";"0,0"
"05/02/2025";"0200";"27,9";"30,4";"27,6";"68,0";"69,0";"58,0";"21,4";"21,5";"20,9";"1000,4";"1000,5";"1000,3";"1,3";"146,0";"6,0";"";"0,0"
"05/02/2025";"0300";"27,7";"28,6";"27,1";"67,0";"71,0";"64,0";"21,1";"21,5";"20,9";"1000,5";"1000,6";"1000,4";"0,7";"222,0";"2,3";"";"0,0"
"05/02/2025";"0400";"27,1";"28,3";"26,8";"69,0";"71,0";"65,0";"20,9";"21,3";"20,8";"999,8";"1000,5";"999,8";"1,5";"230,0";"2,9";"";"0,0"
"05/02/2025";"0500";"25,5";"27,6";"25,5";"75,0";"75,0";"65,0";"20,7";"21,2";"20,3";"999,8";"999,8";"999,6";"2,0";"239,0";"3,2";"";"0,0"
"05/02/2025";"0600";"24,7";"26,0";"24,6";"79,0";"79,0";"72,0";"20,9";"21,0";"20,4";"999,5";"999,8";"999,4";"1,5";"155,0";"3,2";"";"0,0"
"05/02/2025";"0700";"24,0";"24,9";"23,7";"80,0";"83,0";"78,0";"20,4";"21,4";"20,3";"999,9";"999,9";"999,4";"1,2";"127,0";"3,5";"";"0,0"
"05/02/2025";"0800";"23,4";"24,2";"23,0";"84,0";"85,0";"80,0";"20,6";"20,6";"20,1";"1000,5";"1000,5";"999,9";"0,9";"74,0";"2,0";"";"0,0"
"05/02/2025";"0900";"22,7";"23,4";"22,5";"87,0";"87,0";"84,0";"20,3";"20,6";"20,1";"1001,2";"1001,2";"1000,5";"0,9";"113,0";"1,8";"";"0,0"
"05/02/2025";"1000";"24,1";"24,1";"21,9";"82,0";"89,0";"82,0";"20,9";"21,2";"19,8";"1001,5";"1001,5";"1001,2";"0,5";"346,0";"2,5";"204,80";"0,0"
"05/02/2025";"1100";"26,7";"26,7";"23,8";"70,0";"83,0";"70,0";"20,8";"21,2";"20,5";"1001,6";"1001,8";"1001,5";"1,1";"238,0";"2,7";"917,00";"0,0"
"05/02/2025";"1200";"28,9";"29,2";"26,7";"59,0";"70,0";"58,0";"20,0";"21,1";"20,0";"1001,4";"1001,6";"1001,4";"1,3";"255,0";"3,0";"1701,30";"0,0"
"05/02/2025";"1300";"31,6";"31,9";"28,9";"50,0";"60,0";"49,0";"19,8";"20,7";"19,2";"1000,9";"1001,4";"1000,9";"0,7";"277,0";"2,8";"2381,00";"0,0"
"05/02/2025";"1400";"33,6";"33,6";"31,5";"44,0";"50,0";"43,0";"19,6";"20,2";"18,6";"1000,4";"1000,9";"1000,4";"1,9";"222,0";"3,7";"2872,50";"0,0"
"05/02/2025";"1500";"35,0";"35,3";"33,2";"38,0";"44,0";"38,0";"18,6";"20,2";"18,2";"999,5";"1000,4";"999,5";"2,8";"269,0";"6,1";"3313,50";"0,0"
"05/02/2025";"1600";"36,3";"36,3";"33,9";"35,0";"42,0";"34,0";"18,2";"20,1";"17,3";"998,4";"999,5";"998,4";"2,2";"263,0";"4,7";"3533,00";"0,0"
"05/02/2025";"1700";"37,3";"38,1";"36,0";"30,0";"36,0";"29,0";"16,6";"19,0";"16,1";"997,4";"998,4";"997,4";"2,3";"214,0";"5,5";"3460,10";"0,0"
"05/02/2025";"1800";"37,7";"38,6";"36,3";"27,0";"31,0";"23,0";"15,7";"16,8";"13,0";"996,7";"997,4";"996,7";"1,8";"336,0";"4,4";"3039,00";"0,0"
"05/02/2025";"1900";"37,7";"38,8";"37,4";"29,0";"30,0";"25,0";"16,9";"17,3";"15,2";"995,9";"996,7";"995,9";"3,4";"200,0";"5,9";"2679,70";"0,0"
"05/02/2025";"2000";"37,1";"38,1";"36,8";"32,0";"34,0";"28,0";"17,6";"18,7";"15,8";"995,0";"995,9";"995,0";"2,8";"198,0";"7,7";"1987,70";"0,0"
"05/02/2025";"2100";"35,6";"37,3";"35,5";"36,0";"36,0";"32,0";"18,4";"18,7";"17,4";"994,7";"995,0";"994,7";"3,5";"162,0";"7,0";"1193,40";"0,0"
"05/02/2025";"2200";"33,3";"35,8";"33,3";"42,0";"42,0";"35,0";"18,5";"18,8";"17,6";"995,1";"995,1";"994,6";"1,5";"144,0";"6,8";"380,30";"0,0"
"05/02/2025";"2300";"31,8";"33,3";"31,6";"48,0";"48,0";"42,0";"19,4";"19,4";"18,5";"995,4";"995,4";"995,0";"3,4";"115,0";"6,0";"15,10";"0,0"
"06/02/2025";"0000";"29,7";"31,8";"29,6";"58,0";"58,0";"48,0";"20,5";"20,5";"19,3";"996,4";"996,4";"995,4";"0,8";"156,0";"5,5";"";"0,0"
"06/02/2025";"0100";"28,7";"29,8";"28,7";"62,0";"62,0";"58,0";"20,8";"21,0";"20,5";"997,7";"997,7";"996,4";"1,4";"65,0";"3,1";"";"0,0"
"06/02/2025";"0200";"27,6";"28,7";"27,3";"67,0";"69,0";"62,0";"20,9";"21,3";"20,7";"998,4";"998,4";"997,7";"1,0";"302,0";"2,8";"";"0,0"
"06/02/2025";"0300";"26,9";"27,9";"26,6";"70,0";"72,0";"66,0";"21,0";"21,4";"20,7";"997,8";"998,5";"997,8";"1,1";"112,0";"3,5";"";"0,0"
"06/02/2025";"0400";"25,7";"26,9";"25,5";"78,0";"78,0";"70,0";"21,5";"21,5";"21,1";"997,9";"998,0";"997,7";"0,8";"293,0";"2,8";"";"0,0"
"06/02/2025";"0500";"26,6";"27,2";"25,3";"72,0";"79,0";"70,0";"21,1";"21,6";"21,1";"998,1";"998,2";"997,7";"3,9";"321,0";"9,5";"";"0,0"
"06/02/2025";"0600";"26,3";"27,1";"26,3";"80,0";"80,0";"71,0";"22,5";"22,5";"21,1";"999,4";"999,4";"998,1";"0,7";"336,0";"7,8";"";"0,0"
"06/02/2025";"0700";"25,7";"26,4";"25,7";"83,0";"83,0";"80,0";"22,6";"22,7";"22,5";"999,3";"999,6";"999,3";"1,4";"305,0";"2,9";"";"0,0"
"06/02/2025";"0800";"25,5";"25,8";"25,5";"85,0";"85,0";"83,0";"22,7";"22,8";"22,6";"999,0";"999,4";"998,7";"1,4";"340,0";"2,6";"";"0,0"
"06/02/2025";"0900";"20,8";"25,8";"20,8";"94,0";"94,0";"76,0";"19,8";"22,8";"18,9";"1002,6";"1002,8";"999,0";"3,2";"309,0";"17,5";"4,20";"6,2"
"06/02/2025";"1000";"21,5";"21,5";"20,7";"91,0";"95,0";"91,0";"20,0";"20,2";"19,7";"1001,7";"1002,6";"1001,1";"4,7";"349,0";"8,4";"35,30";"0,4"
"06/02/2025";"1100";"22,2";"22,2";"21,4";"88,0";"91,0";"88,0";"20,2";"20,4";"19,8";"1001,5";"1001,7";"1000,2";"3,3";"251,0";"8,4";"131,60";"0,2"
"06/02/2025";"1200";"26,2";"26,6";"22,2";"71,0";"89,0";"70,0";"20,6";"21,9";"20,2";"1001,8";"1001,9";"1001,4";"2,1";"344,0";"5,4";"1478,60";"0,0"
"06/02/2025";"1300";"22,6";"26,2";"22,0";"91,0";"92,0";"68,0";"21,0";"21,4";"19,6";"1001,7";"1002,7";"1001,7";"3,4";"116,0";"10,1";"518,80";"7,0"
"06/02/2025";"1400";"26,0";"26,6";"22,2";"80,0";"93,0";"76,0";"22,4";"23,3";"20,8";"1001,3";"1002,3";"1001,1";"1,8";"202,0";"6,1";"1540,70";"4,2"
"06/02/2025";"1500";"30,1";"30,2";"25,3";"66,0";"86,0";"66,0";"23,2";"24,4";"22,1";"1000,9";"1001,5";"1000,9";"4,3";"342,0";"7,1";"2441,50";"0,0"
"06/02/2025";"1600";"32,3";"32,3";"30,1";"62,0";"68,0";"61,0";"24,2";"24,6";"22,8";"1000,5";"1000,9";"1000,5";"3,2";"334,0";"7,5";"2800,50";"0,0"
"06/02/2025";"1700";"33,2";"33,9";"32,2";"54,0";"63,0";"53,0";"22,7";"24,9";"22,7";"999,9";"1000,5";"999,7";"4,2";"286,0";"7,9";"2857,90";"0,2"
"06/02/2025";"1800";"30,9";"33,2";"30,8";"69,0";"69,0";"52,0";"24,6";"25,1";"22,0";"999,8";"1000,0";"999,8";"4,0";"229,0";"8,8";"1778,00";"0,0"
"06/02/2025";"1900";"29,4";"31,0";"29,3";"75,0";"75,0";"67,0";"24,4";"24,7";"23,8";"1000,4";"1000,6";"999,8";"1,7";"255,0";"6,8";"503,80";"0,0"
"06/02/2025";"2000";"28,4";"29,4";"28,4";"77,0";"80,0";"74,0";"24,1";"24,7";"23,6";"1000,4";"1000,4";"999,9";"1,0";"293,0";"3,5";"145,70";"0,0"
"06/02/2025";"2100";"28,2";"28,5";"28,2";"76,0";"79,0";"73,0";"23,5";"24,3";"23,2";"1000,7";"1000,8";"1000,4";"1,1";"252,0";"3,8";"279,20";"0,0"
"06/02/2025";"2200";"27,3";"28,2";"27,3";"82,0";"82,0";"75,0";"23,8";"24,0";"23,4";"1000,8";"1000,8";"1000,4";"1,3";"51,0";"1,9";"101,00";"0,0"
"06/02/2025";"2300";"26,5";"27,4";"26,5";"85,0";"85,0";"80,0";"23,7";"23,8";"23,6";"1001,4";"1001,4";"1000,8";"0,9";"89,0";"2,6";"21,20";"0,0"
"07/02/2025";"0000";"25,9";"26,5";"25,3";"89,0";"90,0";"85,0";"23,9";"24,1";"23,3";"1002,6";"1002,7";"1001,4";"2,2";"147,0";"5,3";"";"0,0"
"07/02/2025";"0100";"25,7";"26,1";"25,7";"81,0";"89,0";"80,0";"22,2";"23,9";"22,1";"1003,9";"1003,9";"1002,6";"2,4";"139,0";"7,2";"";"0,0"
"07/02/2025";"0200";"25,4";"25,7";"25,3";"77,0";"83,0";"77,0";"21,0";"22,2";"21,0";"1004,7";"1004,7";"1003,9";"2,0";"150,0";"5,1";"";"0,0"
"07/02/2025";"0300";"24,3";"25,4";"24,1";"78,0";"78,0";"76,0";"20,2";"21,0";"20,1";"1004,6";"1004,8";"1004,6";"2,5";"159,0";"5,1";"";"0,0"
"07/02/2025";"0400";"24,0";"24,4";"23,7";"81,0";"81,0";"77,0";"20,5";"20,5";"19,9";"1004,5";"1004,7";"1004,5";"2,5";"170,0";"5,6";"";"0,0"
"07/02/2025";"0500";"24,1";"24,3";"24,0";"80,0";"81,0";"80,0";"20,6";"20,7";"20,5";"1004,4";"1004,7";"1004,4";"3,1";"168,0";"6,4";"";"0,0"
"07/02/2025";"0600";"23,8";"24,2";"23,7";"81,0";"82,0";"80,0";"20,4";"20,6";"20,4";"1004,3";"1004,4";"1004,2";"2,1";"165,0";"5,9";"";"0,0"
"07/02/2025";"0700";"23,6";"23,8";"23,5";"81,0";"82,0";"80,0";"20,2";"20,5";"20,1";"1004,7";"1004,7";"1004,3";"1,8";"127,0";"6,2";"";"0,0"
"07/02/2025";"0800";"23,2";"23,6";"23,2";"84,0";"85,0";"81,0";"20,4";"20,5";"20,2";"1005,1";"1005,1";"1004,7";"1,7";"189,0";"3,9";"";"0,0"
"07/02/2025";"0900";"22,7";"23,3";"22,5";"86,0";"88,0";"84,0";"20,2";"20,5";"20,1";"1006,0";"1006,0";"1005,1";"1,3";"227,0";"2,6";"";"0,0"
"07/02/2025";"1000";"23,0";"23,0";"22,6";"87,0";"89,0";"85,0";"20,7";"20,7";"20,1";"1006,7";"1006,7";"1006,0";"1,0";"250,0";"1,7";"78,90";"0,0"
"07/02/2025";"1100";"25,9";"25,9";"23,0";"76,0";"87,0";"75,0";"21,3";"21,3";"20,6";"1007,2";"1007,2";"1006,7";"1,1";"168,0";"2,3";"789,00";"0,0"
"07/02/2025";"1200";"26,0";"27,2";"25,3";"71,0";"76,0";"68,0";"20,3";"22,0";"19,8";"1008,0";"1008,0";"1007,2";"2,0";"135,0";"4,4";"1331,00";"0,0"
"07/02/2025";"1300";"27,0";"27,7";"25,8";"67,0";"71,0";"63,0";"20,4";"21,0";"19,5";"1008,3";"1008,4";"1007,9";"2,0";"140,0";"5,9";"1262,00";"0,0"
"07/02/2025";"1400";"28,7";"29,8";"26,6";"60,0";"69,0";"58,0";"20,1";"22,0";"19,5";"1008,4";"1008,4";"1008,3";"2,1";"125,0";"5,9";"1997,20";"0,0"
"07/02/2025";"1500";"28,9";"30,3";"28,3";"56,0";"63,0";"55,0";"19,2";"21,7";"19,0";"1008,0";"1008,5";"1008,0";"2,1";"121,0";"5,7";"2751,60";"0,0"
"07/02/2025";"1600";"30,1";"31,2";"28,5";"54,0";"62,0";"52,0";"19,8";"21,5";"19,1";"1007,7";"1008,0";"1007,7";"1,6";"50,0";"4,8";"2418,00";"0,0"
"07/02/2025";"1700";"30,7";"32,1";"29,3";"49,0";"58,0";"45,0";"18,6";"21,6";"18,1";"1007,3";"1007,7";"1007,3";"2,8";"212,0";"6,5";"2207,80";"0,0"
"07/02/2025";"1800";"32,4";"32,4";"29,7";"50,0";"55,0";"47,0";"20,6";"21,0";"18,2";"1006,7";"1007,4";"1006,7";"2,2";"160,0";"7,2";"1900,80";"0,0"
"07/02/2025";"1900";"31,4";"32,9";"30,3";"50,0";"53,0";"44,0";"19,9";"20,8";"18,0";"1006,2";"1006,7";"1006,2";"4,1";"149,0";"8,7";"2343,50";"0,0"
"07/02/2025";"2000";"30,3";"31,8";"29,6";"51,0";"55,0";"49,0";"19,1";"20,9";"18,6";"1006,2";"1006,3";"1006,1";"4,3";"150,0";"9,5";"1722,70";"0,0"
"07/02/2025";"2100";"29,2";"30,7";"29,1";"57,0";"57,0";"49,0";"19,9";"20,0";"18,8";"1006,5";"1006,5";"1006,1";"4,1";"154,0";"8,9";"1221,70";"0,0"
"07/02/2025";"2200";"27,0";"29,2";"27,0";"67,0";"67,0";"57,0";"20,3";"20,7";"19,9";"1007,0";"1007,0";"1006,5";"3,9";"157,0";"9,5";"481,60";"0,0"
"07/02/2025";"2300";"26,2";"27,0";"25,9";"67,0";"71,0";"67,0";"19,6";"20,3";"19,6";"1007,7";"1007,7";"1007,0";"2,8";"139,0";"9,3";"14,50";"0,0"
"08/02/2025";"0000";"24,8";"26,2";"24,8";"71,0";"71,0";"67,0";"19,1";"19,6";"19,1";"1008,4";"1008,4";"1007,7";"2,5";"143,0";"7,8";"";"0,0"
"08/02/2025";"0100";"24,1";"24,9";"24,0";"73,0";"74,0";"71,0";"18,8";"19,2";"18,8";"1008,8";"1008,8";"1008,3";"3,4";"138,0";"10,8";"";"0,0"
"08/02/2025";"0200";"23,6";"24,1";"23,2";"73,0";"76,0";"73,0";"18,5";"19,0";"18,5";"1009,3";"1009,3";"1008,8";"4,7";"123,0";"9,1";"";"0,0"
"08/02/2025";"0300";"22,0";"23,6";"22,0";"80,0";"80,0";"73,0";"18,4";"18,5";"18,3";"1009,4";"1009,5";"1009,3";"0,7";"139,0";"7,9";"";"0,0"
"08/02/2025";"0400";"21,6";"22,0";"21,6";"82,0";"82,0";"80,0";"18,5";"18,7";"18,3";"1009,1";"1009,4";"1009,1";"1,0";"105,0";"2,1";"";"0,0"
"08/02/2025";"0500";"20,4";"21,6";"20,3";"88,0";"89,0";"82,0";"18,2";"18,6";"18,1";"1008,6";"1009,1";"1008,5";"1,6";"105,0";"3,0";"";"0,0"
"08/02/2025";"0600";"19,4";"20,6";"19,4";"90,0";"90,0";"88,0";"17,7";"18,6";"17,7";"1008,1";"1008,6";"1008,1";"1,1";"110,0";"2,9";"";"0,0"
"08/02/2025";"0700";"18,5";"19,5";"18,4";"93,0";"93,0";"90,0";"17,4";"18,3";"17,2";"1008,1";"1008,2";"1008,0";"1,3";"86,0";"1,8";"";"0,0"
"08/02/2025";"0800";"18,4";"19,0";"18,3";"94,0";"94,0";"93,0";"17,4";"18,0";"17,3";"1008,4";"1008,4";"1008,0";"0,7";"139,0";"2,1";"";"0,0"
"08/02/2025";"0900";"18,2";"18,6";"18,1";"95,0";"95,0";"94,0";"17,3";"17,7";"17,2";"1008,4";"1008,4";"1008,2";"0,2";"116,0";"2,2";"";"0,0"
"08/02/2025";"1000";"19,9";"19,9";"18,2";"94,0";"95,0";"94,0";"18,9";"18,9";"17,3";"1008,9";"1009,0";"1008,4";"0,6";"85,0";"1,7";"190,10";"0,0"
"08/02/2025";"1100";"21,7";"21,8";"19,9";"86,0";"94,0";"86,0";"19,2";"19,7";"18,7";"1009,1";"1009,1";"1008,9";"1,5";"269,0";"2,6";"898,00";"0,0"
"08/02/2025";"1200";"24,3";"24,6";"21,7";"72,0";"87,0";"72,0";"18,9";"20,1";"18,9";"1009,3";"1009,4";"1009,1";"1,2";"285,0";"2,4";"1692,30";"0,0"
"08/02/2025";"1300";"27,5";"27,5";"24,3";"62,0";"73,0";"60,0";"19,5";"20,1";"18,7";"1009,1";"1009,3";"1009,1";"1,1";"281,0";"3,7";"2384,30";"0,0"
"08/02/2025";"1400";"29,8";"29,8";"27,4";"57,0";"63,0";"55,0";"20,4";"20,4";"19,1";"1008,2";"1009,1";"1008,2";"1,2";"189,0";"3,6";"2854,60";"0,0"
"08/02/2025";"1500";"31,4";"32,0";"29,6";"52,0";"59,0";"50,0";"20,5";"21,3";"19,4";"1007,3";"1008,2";"1007,3";"1,7";"259,0";"4,4";"3272,00";"0,0"
"08/02/2025";"1600";"33,3";"33,4";"31,4";"48,0";"54,0";"47,0";"20,8";"21,5";"19,8";"1006,3";"1007,3";"1006,3";"2,1";"279,0";"4,9";"3522,10";"0,0"
"08/02/2025";"1700";"34,4";"34,8";"32,7";"43,0";"49,0";"42,0";"19,9";"21,7";"19,4";"1005,6";"1006,3";"1005,6";"1,9";"259,0";"5,8";"3399,50";"0,0"
"08/02/2025";"1800";"35,0";"35,9";"34,1";"45,0";"45,0";"39,0";"21,3";"21,3";"19,0";"1004,7";"1005,6";"1004,7";"2,0";"173,0";"4,9";"3179,40";"0,0"
"08/02/2025";"1900";"34,9";"35,4";"33,7";"40,0";"45,0";"39,0";"19,5";"20,8";"19,1";"1003,8";"1004,7";"1003,8";"2,1";"135,0";"4,9";"2400,90";"0,0"
"08/02/2025";"2000";"34,7";"35,4";"34,4";"42,0";"44,0";"40,0";"19,8";"21,2";"19,1";"1003,5";"1003,8";"1003,4";"3,0";"174,0";"6,5";"2038,40";"0,0"
"08/02/2025";"2100";"33,2";"34,8";"33,2";"44,0";"46,0";"42,0";"19,5";"20,9";"19,1";"1003,4";"1003,5";"1003,4";"3,4";"162,0";"7,9";"1241,30";"0,0"
"08/02/2025";"2200";"30,5";"33,3";"30,5";"54,0";"54,0";"44,0";"20,2";"20,2";"19,0";"1004,2";"1004,2";"1003,4";"3,5";"167,0";"7,5";"447,60";"0,0"
"08/02/2025";"2300";"28,0";"30,5";"28,0";"65,0";"65,0";"54,0";"20,7";"20,8";"20,3";"1004,9";"1004,9";"1004,2";"1,5";"132,0";"7,6";"12,90";"0,0"
"09/02/2025";"0000";"26,7";"28,1";"26,7";"70,0";"70,0";"65,0";"20,7";"21,0";"20,7";"1005,3";"1005,3";"1004,9";"1,8";"133,0";"5,0";"";"0,0"
"09/02/2025";"0100";"26,1";"26,8";"26,0";"71,0";"72,0";"69,0";"20,4";"20,8";"20,4";"1005,9";"1006,0";"1005,3";"1,2";"164,0";"4,2";"";"0,0"
"09/02/2025";"0200";"24,6";"26,4";"24,6";"80,0";"80,0";"70,0";"20,9";"21,1";"20,3";"1006,3";"1006,3";"1005,9";"1,5";"317,0";"2,4";"";"0,0"
"09/02/2025";"0300";"24,1";"24,6";"24,0";"81,0";"83,0";"80,0";"20,6";"21,0";"20,6";"1006,4";"1006,5";"1006,3";"1,0";"279,0";"2,9";"";"0,0"
"09/02/2025";"0400";"23,3";"24,2";"23,3";"85,0";"85,0";"80,0";"20,7";"20,9";"20,4";"1006,2";"1006,4";"1006,2";"0,9";"119,0";"1,5";"";"0,0"
"09/02/2025";"0500";"22,7";"23,3";"22,7";"88,0";"88,0";"85,0";"20,6";"20,9";"20,4";"1006,1";"1006,2";"1006,1";"0,4";"127,0";"1,9";"";"0,0"
"09/02/2025";"0600";"22,0";"22,7";"22,0";"91,0";"91,0";"88,0";"20,4";"20,9";"20,4";"1005,7";"1006,1";"1005,7";"1,1";"87,0";"2,1";"";"0,0"
"09/02/2025";"0700";"21,9";"22,3";"21,8";"92,0";"92,0";"90,0";"20,5";"20,8";"20,2";"1005,8";"1005,8";"1005,6";"0,6";"179,0";"2,0";"";"0,0"
"09/02/2025";"0800";"21,9";"22,0";"21,7";"92,0";"93,0";"91,0";"20,6";"20,7";"20,3";"1006,1";"1006,1";"1005,7";"0,8";"313,0";"1,2";"";"0,0"
"09/02/2025";"0900";"21,7";"22,1";"21,4";"93,0";"93,0";"92,0";"20,5";"20,8";"20,1";"1006,4";"1006,4";"1006,1";"1,0";"103,0";"1,6";"";"0,0"
"09/02/2025";"1000";"22,5";"22,5";"21,2";"92,0";"93,0";"92,0";"21,2";"21,2";"20,0";"1007,3";"1007,3";"1006,4";"0,6";"337,0";"2,0";"192,40";"0,0"
"09/02/2025";"1100";"26,2";"26,2";"22,5";"76,0";"92,0";"75,0";"21,6";"22,3";"21,3";"1007,6";"1007,6";"1007,3";"1,8";"217,0";"2,8";"812,20";"0,0"
"09/02/2025";"1200";"30,6";"30,6";"26,2";"59,0";"77,0";"58,0";"21,7";"22,1";"20,3";"1007,6";"1007,7";"1007,5";"1,0";"137,0";"3,6";"1633,70";"0,0"
"09/02/2025";"1300";"31,4";"31,6";"30,4";"54,0";"60,0";"53,0";"21,0";"22,2";"20,2";"1007,8";"1007,8";"1007,5";"2,8";"345,0";"5,5";"2344,40";"0,0"
"09/02/2025";"1400";"32,6";"33,4";"31,3";"50,0";"56,0";"48,0";"20,9";"22,1";"20,1";"1007,3";"1007,8";"1007,3";"3,1";"310,0";"5,5";"2874,50";"0,0"
"09/02/2025";"1500";"35,2";"35,6";"32,5";"42,0";"51,0";"41,0";"20,3";"22,3";"20,0";"1006,5";"1007,3";"1006,5";"1,9";"307,0";"5,1";"3314,40";"0,0"
"09/02/2025";"1600";"36,1";"36,2";"34,9";"38,0";"43,0";"33,0";"19,7";"20,6";"16,8";"1005,8";"1006,5";"1005,8";"2,3";"198,0";"5,0";"3569,90";"0,0"
"09/02/2025";"1700";"37,3";"37,3";"35,9";"28,0";"39,0";"26,0";"15,9";"20,3";"14,6";"1005,2";"1005,8";"1005,2";"3,0";"234,0";"6,8";"3571,30";"0,0"
"09/02/2025";"1800";"36,5";"37,4";"36,3";"31,0";"34,0";"25,0";"16,4";"18,0";"13,8";"1004,5";"1005,2";"1004,5";"2,2";"216,0";"6,6";"2988,80";"0,0"
"09/02/2025";"1900";"37,0";"37,7";"36,5";"28,0";"31,0";"26,0";"15,5";"17,6";"14,7";"1003,8";"1004,5";"1003,8";"3,1";"223,0";"6,9";"2668,10";"0,0"
"09/02/2025";"2000";"36,8";"37,5";"36,3";"29,0";"31,0";"28,0";"15,6";"17,0";"15,3";"1003,3";"1003,8";"1003,3";"3,0";"235,0";"6,4";"2030,00";"0,0"
"09/02/2025";"2100";"35,7";"36,9";"35,7";"28,0";"30,0";"26,0";"14,2";"16,3";"13,7";"1003,3";"1003,3";"1003,2";"2,6";"208,0";"6,8";"1273,50";"0,0"
"09/02/2025";"2200";"31,2";"35,7";"31,2";"45,0";"50,0";"28,0";"18,1";"21,0";"14,4";"1004,1";"1004,2";"1003,3";"3,7";"142,0";"8,9";"452,70";"0,0"
"09/02/2025";"2300";"28,9";"31,2";"28,9";"25,0";"45,0";"23,0";"7,1";"17,9";"6,7";"1005,0";"1005,0";"1004,1";"1,5";"144,0";"8,0";"10,70";"0,0"
"10/02/2025";"0000";"27,4";"28,9";"27,4";"38,0";"38,0";"25,0";"11,8";"11,8";"7,2";"1005,4";"1005,4";"1005,0";"2,7";"112,0";"4,1";"";"0,0"
"10/02/2025";"0100";"25,4";"27,4";"25,4";"49,0";"49,0";"38,0";"13,9";"13,9";"11,8";"1006,0";"1006,0";"1005,4";"1,5";"150,0";"4,1";"";"0,0"
"10/02/2025";"0200";"24,7";"25,6";"24,3";"52,0";"56,0";"49,0";"14,3";"15,0";"14,0";"1006,4";"1006,4";"1006,0";"0,4";"335,0";"2,3";"";"0,0"
"10/02/2025";"0300";"23,3";"25,1";"23,3";"63,0";"63,0";"50,0";"15,8";"15,8";"13,9";"1006,2";"1006,4";"1006,2";"0,5";"54,0";"2,1";"";"0,0"
"10/02/2025";"0400";"22,0";"23,3";"21,8";"65,0";"68,0";"60,0";"15,2";"16,0";"14,8";"1006,0";"1006,3";"1006,0";"1,0";"106,0";"2,0";"";"0,0"
"10/02/2025";"0500";"20,9";"22,3";"20,8";"69,0";"72,0";"65,0";"15,0";"15,8";"15,0";"1005,2";"1006,0";"1005,2";"1,8";"73,0";"2,7";"";"0,0"
"10/02/2025";"0600";"19,6";"21,0";"19,6";"81,0";"81,0";"68,0";"16,2";"16,3";"14,9";"1004,8";"1005,2";"1004,8";"0,4";"101,0";"2,7";"";"0,0"
"10/02/2025";"0700";"19,8";"20,3";"19,6";"81,0";"82,0";"77,0";"16,5";"16,7";"15,9";"1004,8";"1004,8";"1004,6";"0,4";"156,0";"1,6";"";"0,0"
"10/02/2025";"0800";"18,8";"19,8";"18,7";"85,0";"85,0";"81,0";"16,2";"16,8";"16,0";"1005,1";"1005,1";"1004,8";"1,3";"31,0";"1,6";"";"0,0"
"10/02/2025";"0900";"18,8";"19,6";"18,3";"85,0";"87,0";"84,0";"16,3";"17,0";"16,0";"1005,6";"1005,7";"1005,1";"2,0";"91,0";"2,4";"";"0,0"
"10/02/2025";"1000";"20,4";"20,4";"18,8";"85,0";"87,0";"85,0";"17,9";"17,9";"16,3";"1006,4";"1006,4";"1005,6";"0,9";"144,0";"2,4";"180,90";"0,0"
"10/02/2025";"1100";"23,4";"23,4";"20,4";"70,0";"85,0";"69,0";"17,7";"18,5";"17,0";"1006,5";"1006,6";"1006,4";"0,6";"324,0";"1,5";"851,80";"0,0"
"10/02/2025";"1200";"27,0";"27,4";"23,4";"59,0";"70,0";"57,0";"18,4";"18,8";"17,3";"1006,0";"1006,5";"1006,0";"1,0";"272,0";"2,4";"1639,80";"0,0"
"10/02/2025";"1300";"29,8";"30,0";"26,7";"48,0";"60,0";"46,0";"17,7";"18,7";"15,8";"1005,4";"1006,0";"1005,4";"1,4";"286,0";"2,8";"2341,20";"0,0"
"10/02/2025";"1400";"32,9";"33,3";"29,7";"45,0";"50,0";"45,0";"19,5";"20,4";"17,4";"1004,4";"1005,4";"1004,4";"1,8";"197,0";"3,6";"2843,70";"0,0"
"10/02/2025";"1500";"35,2";"35,6";"32,9";"41,0";"47,0";"41,0";"20,1";"21,2";"19,5";"1003,4";"1004,4";"1003,4";"2,1";"226,0";"4,9";"3260,50";"0,0"
"10/02/2025";"1600";"37,5";"37,6";"34,8";"29,0";"44,0";"28,0";"16,4";"21,5";"15,9";"1002,1";"1003,4";"1002,1";"3,2";"344,0";"5,3";"3453,70";"0,0"
"10/02/2025";"1700";"37,8";"38,5";"37,0";"30,0";"33,0";"27,0";"17,0";"18,2";"15,5";"1001,0";"1002,1";"1001,0";"0,9";"164,0";"6,6";"3210,90";"0,0"
"10/02/2025";"1800";"38,2";"39,2";"37,2";"29,0";"31,0";"27,0";"17,2";"18,2";"15,9";"999,8";"1001,0";"999,8";"2,6";"145,0";"4,8";"3028,70";"0,0"
"10/02/2025";"1900";"39,1";"39,3";"38,2";"24,0";"30,0";"24,0";"15,1";"17,5";"14,8";"998,6";"999,8";"998,6";"1,0";"288,0";"5,4";"2651,90";"0,0"
"10/02/2025";"2000";"36,9";"39,3";"36,8";"38,0";"38,0";"24,0";"20,2";"20,3";"14,4";"998,1";"998,6";"998,1";"4,0";"171,0";"8,2";"1991,10";"0,0"
"10/02/2025";"2100";"32,3";"37,0";"32,3";"44,0";"45,0";"37,0";"18,7";"20,7";"18,5";"1000,1";"1000,1";"998,1";"6,9";"301,0";"10,7";"418,50";"0,0"
"10/02/2025";"2200";"26,0";"32,3";"25,3";"81,0";"82,0";"45,0";"22,4";"22,7";"18,8";"999,7";"1000,7";"999,3";"2,6";"1,0";"12,5";"125,00";"0,6"
"10/02/2025";"2300";"25,1";"26,7";"25,0";"86,0";"86,0";"76,0";"22,7";"22,7";"21,8";"1000,0";"1000,1";"999,6";"1,9";"255,0";"4,1";"23,00";"0,0"
"11/02/2025";"0000";"24,9";"25,7";"24,6";"86,0";"89,0";"83,0";"22,5";"22,8";"22,4";"1000,4";"1000,4";"1000,0";"0,8";"108,0";"4,0";"";"0,0"
"11/02/2025";"0100";"24,8";"25,0";"24,5";"85,0";"89,0";"85,0";"22,2";"22,8";"22,2";"1001,1";"1001,1";"1000,4";"0,5";"22,0";"1,8";"";"0,0"
"11/02/2025";"0200";"24,2";"25,1";"24,0";"89,0";"89,0";"85,0";"22,2";"22,3";"21,8";"1001,0";"1001,2";"1001,0";"0,5";"4,0";"1,5";"";"0,0"
"11/02/2025";"0300";"24,0";"25,1";"23,5";"89,0";"91,0";"84,0";"22,0";"22,4";"21,5";"1000,8";"1001,2";"1000,8";"1,1";"256,0";"2,2";"";"0,0"
"11/02/2025";"0400";"23,7";"24,8";"23,3";"89,0";"91,0";"84,0";"21,7";"22,3";"21,1";"1000,6";"1000,9";"1000,6";"1,3";"345,0";"2,4";"";"0,0"
"11/02/2025";"0500";"23,0";"23,8";"23,0";"89,0";"90,0";"88,0";"21,2";"21,8";"21,1";"999,7";"1000,6";"999,7";"0,9";"102,0";"1,9";"";"0,0"
"11/02/2025";"0600";"22,8";"23,1";"22,6";"91,0";"92,0";"89,0";"21,3";"21,7";"21,0";"999,3";"999,8";"999,3";"0,6";"124,0";"1,4";"";"0,0"
"11/02/2025";"0700";"22,6";"22,9";"22,3";"91,0";"92,0";"90,0";"21,1";"21,4";"20,8";"999,1";"999,3";"999,0";"0,7";"159,0";"2,3";"";"0,0"
"11/02/2025";"0800";"22,3";"22,8";"22,2";"92,0";"92,0";"91,0";"20,9";"21,4";"20,7";"999,0";"999,2";"998,9";"1,1";"110,0";"2,6";"";"0,0"
"11/02/2025";"0900";"22,8";"24,0";"22,1";"89,0";"93,0";"86,0";"21,0";"22,1";"20,8";"999,6";"999,7";"999,0";"1,7";"274,0";"4,3";"";"0,0"
"11/02/2025";"1000";"24,2";"24,3";"22,7";"85,0";"90,0";"85,0";"21,6";"21,7";"20,8";"1000,2";"1000,2";"999,6";"1,2";"185,0";"3,2";"180,40";"0,0"
"11/02/2025";"1100";"29,9";"29,9";"24,2";"57,0";"85,0";"56,0";"20,4";"22,8";"20,1";"1000,6";"1000,6";"1000,1";"1,4";"19,0";"5,0";"822,30";"0,0"
"11/02/2025";"1200";"31,7";"31,7";"29,9";"51,0";"62,0";"50,0";"20,2";"21,8";"19,8";"1000,1";"1000,6";"1000,1";"5,3";"8,0";"9,7";"1615,40";"0,0"
"11/02/2025";"1300";"33,4";"33,4";"31,6";"45,0";"51,0";"44,0";"19,9";"20,7";"19,3";"1000,3";"1000,4";"1000,1";"6,2";"356,0";"10,9";"2335,00";"0,0"
"11/02/2025";"1400";"35,3";"35,4";"33,3";"41,0";"46,0";"40,0";"20,1";"20,4";"19,2";"1000,3";"1000,4";"1000,3";"5,1";"7,0";"10,9";"2878,50";"0,0"
"11/02/2025";"1500";"36,5";"37,5";"34,9";"39,0";"43,0";"38,0";"20,3";"21,7";"19,8";"999,7";"1000,3";"999,7";"3,6";"346,0";"8,6";"3236,90";"0,0"
"11/02/2025";"1600";"38,4";"38,8";"36,3";"33,0";"41,0";"33,0";"19,3";"21,6";"19,2";"999,0";"999,8";"998,9";"5,1";"303,0";"9,1";"3315,60";"0,0"
"11/02/2025";"1700";"34,6";"39,5";"34,6";"47,0";"48,0";"32,0";"21,6";"21,7";"18,8";"998,1";"999,0";"998,1";"4,1";"59,0";"10,4";"2247,10";"0,0"
"11/02/2025";"1800";"28,6";"34,6";"28,2";"75,0";"76,0";"47,0";"23,7";"24,0";"21,8";"997,9";"998,4";"997,9";"2,7";"87,0";"9,2";"715,80";"1,6"
"11/02/2025";"1900";"29,3";"30,3";"28,6";"74,0";"77,0";"67,0";"24,3";"24,8";"23,4";"997,3";"998,2";"997,2";"2,4";"110,0";"6,3";"923,00";"0,0"
"11/02/2025";"2000";"22,3";"29,8";"21,1";"94,0";"94,0";"62,0";"21,3";"24,3";"18,7";"1000,6";"1001,2";"997,1";"10,9";"250,0";"";"157,80";"16,8"
"11/02/2025";"2100";"23,9";"23,9";"21,8";"83,0";"95,0";"83,0";"20,8";"22,7";"20,8";"999,1";"1000,6";"999,1";"4,2";"98,0";"20,3";"34,90";"2,6"
"11/02/2025";"2200";"23,0";"24,0";"22,8";"91,0";"91,0";"82,0";"21,5";"21,5";"20,7";"997,1";"999,2";"997,0";"1,1";"132,0";"5,9";"23,80";"0,0"
"11/02/2025";"2300";"23,5";"23,8";"23,0";"88,0";"92,0";"86,0";"21,3";"21,7";"21,2";"1000,8";"1000,8";"997,1";"2,8";"276,0";"9,7";"4,50";"0,0"
"12/02/2025";"0000";"23,3";"23,7";"23,2";"89,0";"90,0";"87,0";"21,4";"21,7";"21,3";"1002,2";"1002,2";"1000,7";"1,7";"123,0";"7,6";"1,20";"1,6"
"12/02/2025";"0100";"23,1";"24,0";"22,8";"93,0";"94,0";"87,0";"22,0";"22,0";"21,2";"1003,4";"1004,1";"1002,2";"4,2";"104,0";"7,5";"1,30";"7,6"
"12/02/2025";"0200";"23,7";"23,7";"23,1";"91,0";"94,0";"91,0";"22,0";"22,3";"21,8";"1004,1";"1004,3";"1003,3";"2,2";"108,0";"7,5";"";"0,0"
"12/02/2025";"0300";"23,5";"24,0";"23,4";"89,0";"91,0";"87,0";"21,6";"22,0";"21,4";"1002,3";"1004,1";"1002,3";"1,1";"300,0";"4,6";"1,70";"0,0"
"12/02/2025";"0400";"23,5";"24,0";"23,0";"88,0";"91,0";"84,0";"21,5";"22,0";"21,1";"1001,6";"1002,3";"1001,4";"2,1";"171,0";"4,0";"0,40";"0,0"
"12/02/2025";"0500";"22,7";"23,7";"22,7";"93,0";"93,0";"88,0";"21,5";"21,7";"21,3";"1000,1";"1001,7";"1000,1";"1,0";"35,0";"3,6";"";"0,0"
"12/02/2025";"0600";"22,6";"23,0";"22,6";"93,0";"93,0";"92,0";"21,3";"21,6";"21,3";"1000,1";"1000,2";"999,9";"1,2";"97,0";"2,4";"";"0,0"
"12/02/2025";"0700";"22,5";"22,6";"22,4";"94,0";"94,0";"93,0";"21,4";"21,6";"21,3";"999,8";"1000,2";"999,7";"1,1";"145,0";"2,4";"";"0,0"
"12/02/2025";"0800";"22,6";"22,7";"22,3";"94,0";"94,0";"94,0";"21,6";"21,7";"21,4";"1000,1";"1000,1";"999,8";"0,4";"233,0";"2,7";"";"0,0"
"12/02/2025";"0900";"23,2";"23,7";"22,6";"92,0";"94,0";"92,0";"21,9";"22,6";"21,7";"1000,6";"1000,6";"1000,0";"0,9";"260,0";"2,0";"";"0,0"
"12/02/2025";"1000";"24,5";"24,7";"23,1";"85,0";"92,0";"85,0";"21,8";"22,3";"21,5";"1000,6";"1000,7";"1000,4";"1,9";"195,0";"3,3";"100,40";"0,0"
"12/02/2025";"1100";"24,4";"25,4";"24,4";"85,0";"86,0";"78,0";"21,7";"22,1";"21,2";"1003,1";"1003,1";"1000,6";"1,6";"152,0";"6,0";"182,10";"0,0"
"12/02/2025";"1200";"24,9";"24,9";"24,0";"83,0";"88,0";"83,0";"21,9";"21,9";"21,7";"1003,7";"1003,8";"1003,1";"2,5";"99,0";"6,8";"311,10";"0,0"
"12/02/2025";"1300";"26,8";"26,8";"24,9";"81,0";"83,0";"78,0";"23,2";"23,2";"21,7";"1003,6";"1003,7";"1003,4";"1,6";"140,0";"4,8";"971,40";"0,0"
"12/02/2025";"1400";"28,8";"29,0";"26,8";"67,0";"81,0";"67,0";"22,0";"23,3";"21,6";"1003,9";"1003,9";"1003,5";"2,2";"179,0";"4,9";"2397,20";"0,0"
"12/02/2025";"1500";"28,7";"28,9";"27,6";"69,0";"74,0";"65,0";"22,4";"22,9";"20,8";"1003,9";"1004,4";"1003,9";"2,9";"219,0";"5,8";"1852,80";"0,0"
"12/02/2025";"1600";"30,0";"30,2";"28,3";"63,0";"74,0";"60,0";"22,3";"23,5";"21,2";"1002,9";"1004,0";"1002,9";"3,4";"194,0";"6,1";"2900,80";"0,0"
"12/02/2025";"1700";"29,9";"31,3";"29,3";"65,0";"67,0";"59,0";"22,6";"23,5";"21,3";"1002,2";"1002,9";"1001,9";"3,8";"161,0";"7,0";"2911,10";"0,0"
"12/02/2025";"1800";"29,0";"30,1";"28,9";"65,0";"67,0";"62,0";"21,8";"22,8";"21,3";"1003,3";"1003,3";"1002,2";"2,4";"148,0";"7,4";"1492,90";"0,0"
"12/02/2025";"1900";"25,6";"29,0";"25,6";"80,0";"80,0";"64,0";"21,9";"22,2";"21,3";"1002,8";"1003,3";"1002,8";"3,2";"135,0";"8,3";"420,80";"0,0"
"12/02/2025";"2000";"24,8";"25,6";"24,6";"79,0";"87,0";"79,0";"20,9";"22,5";"20,9";"1003,3";"1003,3";"1002,6";"3,3";"120,0";"7,4";"334,90";"0,2"
"12/02/2025";"2100";"23,2";"24,8";"23,1";"90,0";"90,0";"79,0";"21,5";"21,5";"20,4";"1002,6";"1003,6";"1002,3";"3,2";"113,0";"6,8";"99,30";"1,4"
"12/02/2025";"2200";"23,2";"23,4";"23,1";"92,0";"92,0";"90,0";"21,8";"22,0";"21,5";"1005,0";"1005,0";"1002,6";"2,4";"343,0";"5,4";"46,30";"0,2"
"12/02/2025";"2300";"23,2";"23,3";"23,1";"93,0";"93,0";"92,0";"22,0";"22,1";"21,7";"1004,4";"1005,0";"1004,3";"0,8";"226,0";"3,6";"0,60";"0,2"
"13/02/2025";"0000";"23,4";"23,4";"23,1";"94,0";"94,0";"93,0";"22,4";"22,4";"21,9";"1004,3";"1004,4";"1003,9";"2,4";"228,0";"3,4";"";"0,4"
"13/02/2025";"0100";"23,0";"23,7";"23,0";"94,0";"94,0";"93,0";"22,1";"22,6";"22,0";"1004,9";"1004,9";"1004,1";"1,6";"257,0";"3,4";"";"0,2"
"13/02/2025";"0200";"22,8";"23,1";"22,8";"95,0";"95,0";"94,0";"21,9";"22,1";"21,9";"1004,6";"1005,2";"1004,6";"0,9";"42,0";"2,6";"";"0,0"
"13/02/2025";"0300";"22,7";"22,9";"22,5";"95,0";"95,0";"95,0";"21,8";"21,9";"21,7";"1003,7";"1004,6";"1003,6";"1,1";"145,0";"2,7";"";"0,0"
"13/02/2025";"0400";"22,5";"22,7";"22,3";"95,0";"95,0";"95,0";"21,7";"21,8";"21,5";"1002,9";"1003,7";"1002,9";"1,5";"93,0";"2,5";"";"0,0"
"13/02/2025";"0500";"22,9";"23,1";"22,3";"94,0";"95,0";"94,0";"21,9";"22,2";"21,5";"1002,1";"1002,9";"1002,1";"1,8";"213,0";"3,5";"";"0,0"
"13/02/2025";"0600";"23,3";"25,4";"23,0";"84,0";"94,0";"73,0";"20,4";"22,8";"19,9";"1002,1";"1002,2";"1001,9";"1,9";"175,0";"4,4";"3,60";"0,0"
"13/02/2025";"0700";"22,3";"23,6";"22,2";"92,0";"92,0";"83,0";"20,9";"21,0";"20,3";"1003,2";"1003,2";"1002,0";"2,7";"229,0";"5,9";"";"0,0"
"13/02/2025";"0800";"22,1";"22,5";"21,9";"93,0";"93,0";"90,0";"20,9";"21,0";"20,5";"1004,5";"1004,5";"1003,2";"0,8";"3,0";"4,0";"";"0,0"
"13/02/2025";"0900";"21,9";"22,1";"21,9";"94,0";"94,0";"93,0";"20,9";"21,0";"20,8";"1005,0";"1005,0";"1004,5";"0,1";"24,0";"1,7";"";"0,0"
"13/02/2025";"1000";"22,3";"22,3";"21,9";"94,0";"94,0";"94,0";"21,3";"21,3";"20,9";"1005,7";"1005,8";"1005,0";"0,7";"282,0";"1,2";"90,60";"0,0"
"13/02/2025";"1100";"23,5";"23,6";"22,3";"89,0";"94,0";"89,0";"21,6";"21,8";"21,3";"1006,5";"1006,5";"1005,7";"0,8";"281,0";"1,5";"495,40";"0,0"
"13/02/2025";"1200";"24,8";"25,1";"23,5";"83,0";"89,0";"83,0";"21,8";"22,7";"21,5";"1007,0";"1007,0";"1006,5";"1,4";"267,0";"2,9";"1262,50";"0,0"
"13/02/2025";"1300";"24,7";"25,4";"24,7";"84,0";"86,0";"80,0";"21,7";"22,3";"21,2";"1007,5";"1007,5";"1006,9";"2,2";"283,0";"3,1";"828,40";"0,0"
"13/02/2025";"1400";"25,3";"25,3";"24,6";"84,0";"86,0";"82,0";"22,5";"22,6";"21,7";"1007,4";"1007,6";"1007,4";"3,9";"357,0";"5,7";"701,50";"0,0"
"13/02/2025";"1500";"27,1";"27,1";"25,3";"75,0";"85,0";"73,0";"22,2";"23,2";"21,5";"1006,9";"1007,4";"1006,8";"1,8";"251,0";"5,7";"1405,00";"0,0"
"13/02/2025";"1600";"25,7";"27,3";"25,5";"83,0";"84,0";"74,0";"22,6";"22,9";"21,9";"1006,7";"1006,9";"1006,7";"2,5";"228,0";"5,3";"1402,30";"0,0"
"13/02/2025";"1700";"27,3";"27,6";"25,7";"72,0";"84,0";"71,0";"21,9";"22,9";"21,7";"1006,2";"1006,7";"1006,2";"1,7";"215,0";"4,2";"1441,90";"0,0"
"13/02/2025";"1800";"28,4";"29,0";"27,3";"67,0";"74,0";"66,0";"21,7";"23,0";"20,8";"1005,5";"1006,2";"1005,5";"2,6";"252,0";"4,2";"2038,80";"0,2"
"13/02/2025";"1900";"28,3";"29,2";"27,3";"68,0";"75,0";"66,0";"21,9";"23,0";"21,3";"1005,0";"1005,5";"1005,0";"1,8";"225,0";"5,0";"1428,90";"0,0"
"13/02/2025";"2000";"24,8";"28,5";"24,8";"79,0";"79,0";"67,0";"20,9";"22,5";"20,2";"1005,0";"1005,1";"1004,6";"3,1";"145,0";"11,2";"373,50";"0,0"
"13/02/2025";"2100";"24,8";"24,9";"24,7";"80,0";"82,0";"79,0";"21,2";"21,4";"20,9";"1005,2";"1005,3";"1005,0";"2,5";"128,0";"6,6";"192,90";"0,0"
"13/02/2025";"2200";"24,7";"25,0";"24,6";"82,0";"82,0";"79,0";"21,4";"21,4";"21,1";"1005,6";"1005,6";"1005,2";"1,4";"140,0";"6,1";"42,30";"0,0"
"13/02/2025";"2300";"24,4";"24,8";"24,4";"82,0";"82,0";"80,0";"21,2";"21,4";"21,1";"1006,2";"1006,2";"1005,6";"3,1";"123,0";"5,6";"2,20";"0,0"
"14/02/2025";"0000";"24,0";"24,5";"23,9";"83,0";"84,0";"82,0";"21,0";"21,2";"21,0";"1007,0";"1007,0";"1006,2";"2,6";"124,0";"5,3";"";"0,0"
"14/02/2025";"0100";"23,7";"24,1";"23,7";"86,0";"86,0";"82,0";"21,2";"21,2";"20,8";"1007,3";"1007,3";"1007,0";"0,8";"136,0";"4,7";"";"0,0"
"14/02/2025";"0200";"23,6";"23,8";"23,6";"85,0";"87,0";"85,0";"20,9";"21,4";"20,9";"1007,2";"1007,5";"1007,2";"1,4";"150,0";"3,7";"";"0,0"
"14/02/2025";"0300";"23,3";"23,6";"23,1";"85,0";"86,0";"84,0";"20,7";"20,9";"20,5";"1006,8";"1007,2";"1006,8";"1,0";"143,0";"3,8";"";"0,0"
"14/02/2025";"0400";"23,3";"23,4";"23,3";"86,0";"86,0";"84,0";"20,8";"20,8";"20,6";"1006,4";"1006,8";"1006,4";"1,3";"159,0";"3,2";"";"0,0"
"14/02/2025";"0500";"23,1";"23,3";"23,1";"87,0";"87,0";"86,0";"20,7";"20,8";"20,7";"1005,8";"1006,4";"1005,8";"1,9";"172,0";"3,1";"";"0,0"
"14/02/2025";"0600";"22,8";"23,2";"22,8";"88,0";"88,0";"86,0";"20,8";"20,8";"20,7";"1005,9";"1005,9";"1005,8";"0,8";"141,0";"3,4";"";"0,0"
"14/02/2025";"0700";"21,6";"22,8";"21,6";"91,0";"91,0";"88,0";"20,1";"20,8";"20,1";"1005,4";"1005,9";"1005,4";"1,1";"130,0";"2,7";"";"0,0"
"14/02/2025";"0800";"21,2";"21,6";"21,2";"92,0";"92,0";"91,0";"19,9";"20,3";"19,9";"1005,5";"1005,5";"1005,4";"1,0";"146,0";"3,0";"";"0,0"
"14/02/2025";"0900";"20,7";"21,2";"20,7";"93,0";"93,0";"92,0";"19,6";"19,9";"19,5";"1005,9";"1005,9";"1005,5";"1,0";"129,0";"2,1";"";"0,0"
"14/02/2025";"1000";"22,2";"22,2";"20,7";"90,0";"93,0";"90,0";"20,5";"20,6";"19,5";"1006,5";"1006,5";"1005,8";"1,2";"104,0";"2,9";"162,80";"0,0"
"14/02/2025";"1100";"24,0";"24,2";"22,2";"78,0";"90,0";"78,0";"20,0";"20,9";"19,9";"1006,7";"1006,7";"1006,5";"1,7";"131,0";"3,5";"834,20";"0,0"
"14/02/2025";"1200";"24,7";"24,9";"24,0";"73,0";"80,0";"73,0";"19,6";"20,9";"19,3";"1006,8";"1007,0";"1006,7";"1,4";"155,0";"3,6";"1240,10";"0,0"
"14/02/2025";"1300";"25,9";"26,9";"24,6";"68,0";"75,0";"67,0";"19,5";"21,0";"19,2";"1006,6";"1006,8";"1006,6";"1,4";"140,0";"3,6";"2080,90";"0,0"
"14/02/2025";"1400";"27,4";"27,9";"25,9";"68,0";"71,0";"63,0";"20,9";"21,7";"19,6";"1005,9";"1006,5";"1005,9";"1,6";"214,0";"4,0";"2177,10";"0,0"
"14/02/2025";"1500";"29,1";"29,1";"27,0";"69,0";"70,0";"62,0";"22,8";"22,8";"20,2";"1005,2";"1005,9";"1005,2";"2,1";"169,0";"4,2";"1926,60";"0,0"
"14/02/2025";"1600";"29,1";"30,0";"28,1";"62,0";"69,0";"60,0";"21,2";"22,4";"20,6";"1004,6";"1005,2";"1004,5";"2,1";"134,0";"5,7";"2709,60";"0,0"
"14/02/2025";"1700";"28,9";"30,3";"28,6";"64,0";"66,0";"60,0";"21,5";"22,9";"20,9";"1003,9";"1004,6";"1003,9";"3,1";"171,0";"5,6";"1853,00";"0,0"
"14/02/2025";"1800";"29,9";"30,8";"28,7";"61,0";"66,0";"58,0";"21,6";"23,0";"20,9";"1003,1";"1003,9";"1003,1";"3,0";"149,0";"6,2";"2162,00";"0,0"
"14/02/2025";"1900";"29,4";"31,0";"28,9";"62,0";"65,0";"57,0";"21,2";"23,0";"20,6";"1002,2";"1003,1";"1002,1";"2,3";"145,0";"6,8";"1966,20";"0,0"
"14/02/2025";"2000";"28,9";"30,5";"28,7";"64,0";"64,0";"59,0";"21,3";"22,4";"20,5";"1001,6";"1002,2";"1001,6";"3,4";"155,0";"7,2";"1208,40";"0,0"
"14/02/2025";"2100";"28,6";"29,7";"28,6";"63,0";"64,0";"59,0";"20,9";"21,7";"20,7";"1001,4";"1001,6";"1001,4";"3,1";"160,0";"7,1";"978,20";"0,0"
"14/02/2025";"2200";"27,0";"28,7";"27,0";"66,0";"66,0";"62,0";"20,2";"21,2";"20,2";"1001,4";"1001,5";"1001,4";"3,0";"150,0";"6,9";"276,90";"0,0"
"14/02/2025";"2300";"25,6";"27,0";"25,6";"71,0";"71,0";"66,0";"19,9";"20,2";"19,9";"1001,9";"1001,9";"1001,3";"2,4";"155,0";"6,3";"4,70";"0,0"
"15/02/2025";"0000";"24,2";"25,7";"24,2";"76,0";"76,0";"71,0";"19,7";"20,0";"19,7";"1002,4";"1002,4";"1001,9";"2,1";"152,0";"4,9";"";"0,0"
"15/02/2025";"0100";"23,5";"24,2";"23,3";"80,0";"80,0";"76,0";"19,8";"19,9";"19,7";"1003,0";"1003,0";"1002,4";"1,0";"149,0";"4,4";"";"0,0"
"15/02/2025";"0200";"22,4";"23,5";"22,4";"86,0";"86,0";"80,0";"19,9";"20,0";"19,6";"1003,5";"1003,5";"1002,9";"0,8";"337,0";"3,5";"";"0,0"
"15/02/2025";"0300";"21,9";"22,7";"21,8";"89,0";"89,0";"85,0";"19,9";"20,0";"19,8";"1003,7";"1003,8";"1003,3";"0,9";"332,0";"1,4";"";"0,0"
"15/02/2025";"0400";"21,4";"21,9";"21,4";"91,0";"91,0";"89,0";"19,9";"19,9";"19,8";"1003,7";"1003,8";"1003,7";"0,8";"324,0";"1,6";"";"0,0"
"15/02/2025";"0500";"21,2";"21,4";"21,2";"91,0";"92,0";"91,0";"19,7";"19,9";"19,7";"1003,1";"1003,7";"1003,1";"1,5";"1,0";"2,4";"";"0,0"
"15/02/2025";"0600";"21,0";"21,3";"20,9";"92,0";"92,0";"91,0";"19,6";"19,8";"19,5";"1002,6";"1003,1";"1002,5";"1,2";"206,0";"2,0";"";"0,0"
"15/02/2025";"0700";"20,5";"21,0";"20,4";"94,0";"94,0";"92,0";"19,6";"19,7";"19,4";"1002,0";"1002,6";"1002,0";"0,7";"318,0";"1,7";"";"0,0"
"15/02/2025";"0800";"20,5";"20,6";"20,4";"94,0";"95,0";"94,0";"19,6";"19,7";"19,5";"1001,8";"1002,0";"1001,6";"1,2";"238,0";"1,5";"";"0,0"
"15/02/2025";"0900";"20,4";"20,6";"20,3";"95,0";"95,0";"94,0";"19,5";"19,6";"19,4";"1001,4";"1001,8";"1001,2";"0,7";"21,0";"1,5";"";"0,0"
"15/02/2025";"1000";"21,1";"21,1";"20,3";"94,0";"95,0";"94,0";"20,1";"20,2";"19,5";"1001,3";"1001,7";"1001,3";"0,6";"63,0";"2,0";"132,20";"0,0"
"15/02/2025";"1100";"23,6";"23,6";"21,1";"84,0";"94,0";"84,0";"20,8";"21,1";"20,2";"1001,5";"1001,5";"1001,3";"2,8";"227,0";"4,3";"855,20";"0,0"
"15/02/2025";"1200";"26,2";"26,2";"23,6";"73,0";"84,0";"73,0";"21,0";"21,8";"20,5";"1001,9";"1002,0";"1001,5";"2,6";"213,0";"5,6";"1375,00";"0,0"
"15/02/2025";"1300";"29,7";"29,7";"26,1";"64,0";"74,0";"62,0";"22,1";"22,6";"21,0";"1001,7";"1002,0";"1001,6";"1,5";"259,0";"3,9";"2004,90";"0,0"
"15/02/2025";"1400";"31,8";"32,1";"29,8";"56,0";"64,0";"55,0";"22,0";"23,3";"21,5";"1001,2";"1001,8";"1001,2";"3,7";"338,0";"7,7";"2624,10";"0,0"
"15/02/2025";"1500";"33,2";"33,3";"31,7";"56,0";"59,0";"54,0";"23,2";"23,6";"21,7";"1000,8";"1001,2";"1000,8";"3,4";"336,0";"8,6";"2706,90";"0,0"
"15/02/2025";"1600";"33,3";"33,7";"32,7";"53,0";"58,0";"51,0";"22,3";"23,7";"21,6";"999,9";"1000,8";"999,5";"1,5";"242,0";"8,4";"2359,90";"0,0"
"15/02/2025";"1700";"22,6";"33,4";"22,3";"87,0";"87,0";"51,0";"20,3";"23,2";"18,1";"1001,1";"1001,4";"999,4";"5,3";"355,0";"21,0";"311,30";"5,6"
"15/02/2025";"1800";"23,0";"23,2";"22,3";"90,0";"92,0";"87,0";"21,2";"21,6";"20,2";"1000,7";"1001,3";"999,8";"3,6";"309,0";"9,8";"90,40";"2,0"
"15/02/2025";"1900";"23,3";"23,4";"22,8";"91,0";"93,0";"90,0";"21,8";"21,9";"21,2";"1000,9";"1002,1";"1000,0";"3,3";"352,0";"6,9";"30,70";"0,6"
"15/02/2025";"2000";"23,0";"23,3";"23,0";"93,0";"93,0";"91,0";"21,8";"21,9";"21,7";"999,9";"1000,9";"999,8";"3,9";"106,0";"6,2";"60,00";"0,2"
"15/02/2025";"2100";"24,0";"24,2";"23,0";"91,0";"93,0";"89,0";"22,4";"22,6";"21,7";"1000,3";"1000,3";"999,6";"1,3";"211,0";"6,0";"351,30";"0,0"
"15/02/2025";"2200";"23,6";"24,0";"23,6";"92,0";"92,0";"90,0";"22,3";"22,4";"22,1";"1001,2";"1001,2";"1000,3";"0,8";"112,0";"3,4";"116,70";"0,0"
"15/02/2025";"2300";"23,1";"23,7";"23,1";"94,0";"94,0";"92,0";"22,0";"22,4";"22,0";"1001,0";"1001,2";"1000,6";"1,6";"299,0";"2,2";"1,90";"0,0"
"16/02/2025";"0000";"23,1";"23,2";"23,0";"94,0";"94,0";"94,0";"22,0";"22,3";"22,0";"1000,9";"1001,3";"1000,9";"1,0";"102,0";"3,5";"";"0,0"
"16/02/2025";"0100";"23,3";"23,7";"22,7";"91,0";"94,0";"91,0";"21,8";"22,4";"21,7";"1001,1";"1001,3";"1000,6";"2,6";"223,0";"3,6";"";"0,0"
"16/02/2025";"0200";"23,6";"23,6";"22,8";"88,0";"92,0";"88,0";"21,5";"21,9";"21,4";"1000,7";"1001,2";"1000,7";"1,1";"229,0";"4,6";"";"0,0"
"16/02/2025";"0300";"24,2";"25,0";"23,1";"79,0";"88,0";"76,0";"20,2";"21,5";"20,2";"1000,1";"1000,7";"1000,0";"1,3";"290,0";"4,6";"";"0,0"
"16/02/2025";"0400";"23,0";"24,2";"23,0";"86,0";"86,0";"79,0";"20,5";"20,7";"20,2";"999,7";"1000,3";"999,6";"2,1";"234,0";"3,1";"0,80";"0,0"
"16/02/2025";"0500";"23,1";"23,5";"22,8";"86,0";"87,0";"84,0";"20,7";"20,8";"20,5";"999,6";"999,8";"999,6";"2,4";"210,0";"3,5";"";"0,0"
"16/02/2025";"0600";"22,8";"23,4";"22,8";"87,0";"87,0";"85,0";"20,5";"20,7";"20,4";"999,8";"999,8";"999,6";"2,0";"192,0";"4,0";"";"0,0"
"16/02/2025";"0700";"22,8";"23,0";"22,6";"87,0";"88,0";"86,0";"20,6";"20,7";"20,4";"999,7";"999,8";"999,6";"2,9";"219,0";"4,7";"";"0,0"
"16/02/2025";"0800";"23,4";"23,6";"22,5";"84,0";"88,0";"84,0";"20,6";"21,0";"20,4";"999,8";"999,8";"999,6";"2,5";"233,0";"4,0";"";"0,0"
"16/02/2025";"0900";"22,8";"24,1";"22,7";"85,0";"87,0";"81,0";"20,1";"21,0";"20,1";"999,7";"999,9";"999,7";"2,1";"238,0";"4,3";"";"0,0"
"16/02/2025";"1000";"23,6";"23,9";"22,6";"85,0";"89,0";"85,0";"20,8";"21,4";"20,1";"999,9";"1000,0";"999,7";"1,4";"252,0";"3,6";"97,30";"0,0"
"16/02/2025";"1100";"27,5";"27,5";"23,5";"70,0";"87,0";"70,0";"21,6";"22,4";"20,9";"999,9";"1000,1";"999,8";"2,2";"327,0";"7,2";"739,00";"0,0"
"16/02/2025";"1200";"29,0";"29,0";"27,5";"70,0";"73,0";"67,0";"22,9";"22,9";"21,7";"1000,2";"1000,2";"999,9";"3,8";"1,0";"8,5";"1576,80";"0,0"
"16/02/2025";"1300";"29,8";"29,8";"28,7";"65,0";"70,0";"63,0";"22,6";"23,3";"22,0";"999,9";"1000,2";"999,9";"4,6";"344,0";"8,5";"2056,20";"0,0"
"16/02/2025";"1400";"31,3";"31,5";"29,9";"62,0";"67,0";"60,0";"23,1";"24,1";"22,3";"999,1";"999,9";"999,1";"4,4";"13,0";"9,1";"2624,70";"0,0"
"16/02/2025";"1500";"32,2";"32,6";"31,0";"60,0";"65,0";"58,0";"23,5";"24,4";"22,6";"998,5";"999,1";"998,5";"3,9";"360,0";"8,7";"2527,50";"0,0"
"16/02/2025";"1600";"33,7";"34,1";"32,2";"60,0";"63,0";"56,0";"24,9";"25,1";"23,3";"997,9";"998,5";"997,9";"3,9";"11,0";"7,9";"2444,80";"0,0"
"16/02/2025";"1700";"33,6";"35,3";"33,6";"53,0";"61,0";"51,0";"22,9";"25,6";"22,8";"996,7";"997,9";"996,7";"3,9";"336,0";"7,3";"2706,30";"0,2"
"16/02/2025";"1800";"25,8";"33,6";"25,4";"94,0";"94,0";"53,0";"24,8";"24,9";"22,4";"997,7";"998,4";"996,1";"2,7";"85,0";"16,8";"230,00";"7,4"
"16/02/2025";"1900";"25,4";"25,9";"25,2";"91,0";"94,0";"90,0";"23,7";"24,8";"23,7";"997,1";"997,7";"996,0";"1,3";"137,0";"5,3";"121,60";"0,0"
"16/02/2025";"2000";"26,4";"26,4";"25,1";"87,0";"91,0";"87,0";"24,0";"24,1";"23,4";"997,1";"997,8";"997,1";"3,1";"68,0";"5,6";"482,00";"0,0"
"16/02/2025";"2100";"26,6";"27,2";"26,4";"87,0";"88,0";"86,0";"24,4";"24,8";"24,0";"995,9";"997,1";"995,9";"2,3";"115,0";"4,4";"670,30";"0,2"
"16/02/2025";"2200";"25,6";"26,6";"25,6";"91,0";"91,0";"87,0";"24,0";"24,5";"23,9";"996,5";"996,5";"995,6";"0,5";"78,0";"3,8";"138,00";"0,0"
"16/02/2025";"2300";"25,7";"25,9";"25,6";"92,0";"92,0";"91,0";"24,4";"24,4";"24,0";"998,1";"998,1";"996,5";"1,3";"342,0";"2,7";"0,20";"0,0"
"17/02/2025";"0000";"23,0";"26,0";"23,0";"94,0";"94,0";"87,0";"21,9";"24,5";"21,9";"1001,5";"1001,5";"998,1";"3,8";"246,0";"14,5";"1,60";"8,2"
"17/02/2025";"0100";"22,9";"23,0";"22,9";"95,0";"95,0";"94,0";"22,1";"22,1";"21,9";"1001,8";"1002,5";"1001,2";"2,8";"72,0";"6,8";"";"10,0"
"17/02/2025";"0200";"23,3";"23,3";"22,9";"94,0";"95,0";"94,0";"22,3";"22,3";"22,0";"1003,5";"1003,8";"1001,5";"3,9";"285,0";"8,5";"";"0,0"
"17/02/2025";"0300";"23,1";"23,3";"23,0";"95,0";"95,0";"94,0";"22,2";"22,2";"22,1";"1001,5";"1004,1";"1001,5";"2,7";"92,0";"8,5";"0,20";"4,6"
"17/02/2025";"0400";"22,7";"23,2";"22,7";"95,0";"95,0";"94,0";"21,8";"22,2";"21,8";"1000,0";"1001,5";"1000,0";"0,6";"60,0";"4,1";"";"0,0"
"17/02/2025";"0500";"22,5";"22,7";"22,4";"95,0";"95,0";"95,0";"21,7";"21,8";"21,6";"999,3";"1000,0";"999,1";"1,6";"252,0";"2,0";"";"0,0"
"17/02/2025";"0600";"23,7";"24,0";"22,5";"92,0";"95,0";"92,0";"22,4";"22,9";"21,7";"999,2";"999,8";"999,2";"1,1";"132,0";"5,0";"";"0,0"
"17/02/2025";"0700";"24,1";"25,1";"23,3";"85,0";"92,0";"81,0";"21,4";"22,3";"21,2";"999,3";"999,4";"999,2";"1,4";"178,0";"5,1";"3,60";"0,0"
"17/02/2025";"0800";"25,1";"25,1";"23,7";"80,0";"87,0";"79,0";"21,3";"21,8";"21,3";"999,0";"999,4";"998,8";"1,2";"316,0";"3,3";"4,10";"0,0"
"17/02/2025";"0900";"23,6";"25,1";"23,5";"89,0";"89,0";"80,0";"21,7";"21,8";"21,2";"999,6";"1000,1";"999,0";"2,1";"209,0";"5,7";"3,50";"0,0"
"17/02/2025";"1000";"24,9";"25,1";"23,5";"83,0";"90,0";"83,0";"21,9";"22,3";"21,8";"1000,1";"1000,1";"999,2";"4,3";"310,0";"7,5";"65,30";"0,0"
"17/02/2025";"1100";"22,7";"25,0";"22,7";"94,0";"94,0";"83,0";"21,7";"22,2";"21,6";"1001,8";"1002,8";"1000,1";"2,9";"331,0";"12,2";"44,20";"11,0"
"17/02/2025";"1200";"22,9";"23,0";"22,7";"94,0";"95,0";"94,0";"21,9";"22,0";"21,7";"1001,9";"1002,2";"1001,7";"1,5";"29,0";"5,4";"53,60";"1,2"
"17/02/2025";"1300";"22,9";"23,2";"22,9";"90,0";"94,0";"90,0";"21,2";"22,0";"21,2";"1002,9";"1002,9";"1001,7";"2,1";"333,0";"5,0";"106,40";"3,2"
"17/02/2025";"1400";"23,2";"23,2";"22,9";"90,0";"90,0";"86,0";"21,5";"21,5";"20,6";"1002,7";"1003,0";"1002,6";"1,6";"219,0";"4,9";"293,40";"2,0"
"17/02/2025";"1500";"22,9";"23,4";"22,8";"92,0";"92,0";"90,0";"21,5";"21,8";"21,4";"1003,8";"1003,8";"1002,7";"3,1";"318,0";"4,5";"461,00";"1,0"
"17/02/2025";"1600";"22,8";"22,9";"22,3";"93,0";"94,0";"92,0";"21,6";"21,8";"21,1";"1004,1";"1004,5";"1003,8";"1,9";"2,0";"6,3";"441,10";"4,4"
"17/02/2025";"1700";"23,2";"23,2";"22,6";"90,0";"93,0";"90,0";"21,5";"21,7";"21,2";"1004,4";"1004,6";"1004,1";"2,0";"352,0";"4,0";"465,40";"1,8"
"17/02/2025";"1800";"24,0";"24,0";"23,0";"87,0";"91,0";"87,0";"21,7";"22,0";"21,1";"1002,9";"1004,4";"1002,4";"1,7";"265,0";"5,7";"791,80";"0,2"
"17/02/2025";"1900";"23,8";"24,4";"23,7";"86,0";"88,0";"84,0";"21,2";"22,0";"21,1";"1003,0";"1003,4";"1002,8";"2,7";"352,0";"5,0";"700,30";"0,0"
"17/02/2025";"2000";"23,3";"23,9";"23,2";"83,0";"90,0";"83,0";"20,3";"21,7";"20,3";"1002,4";"1003,0";"1002,4";"5,1";"37,0";"7,9";"213,60";"0,4"
"17/02/2025";"2100";"22,9";"23,6";"22,9";"88,0";"88,0";"81,0";"20,8";"20,9";"20,1";"1002,9";"1003,1";"1002,2";"2,7";"352,0";"7,9";"206,20";"0,0"
"17/02/2025";"2200";"22,0";"23,2";"22,0";"92,0";"92,0";"84,0";"20,6";"20,9";"20,2";"1003,8";"1003,8";"1002,9";"2,0";"296,0";"5,3";"46,70";"0,6"
"17/02/2025";"2300";"22,2";"22,3";"21,9";"89,0";"92,0";"89,0";"20,3";"20,7";"20,3";"1003,0";"1004,2";"1002,8";"1,8";"114,0";"4,6";"0,90";"0,0"
"18/02/2025";"0000";"22,0";"22,2";"21,9";"92,0";"93,0";"88,0";"20,7";"20,8";"20,2";"1004,3";"1004,3";"1002,9";"2,9";"230,0";"4,6";"";"0,0"
"18/02/2025";"0100";"21,9";"22,0";"21,7";"91,0";"93,0";"91,0";"20,4";"20,7";"20,4";"1005,7";"1005,7";"1004,3";"2,3";"321,0";"5,5";"";"0,0"
"18/02/2025";"0200";"21,8";"22,2";"21,5";"90,0";"91,0";"88,0";"20,1";"20,4";"20,0";"1006,1";"1006,1";"1005,7";"1,3";"182,0";"4,1";"";"0,0"
"18/02/2025";"0300";"21,5";"21,9";"21,4";"92,0";"92,0";"90,0";"20,0";"20,2";"19,9";"1006,3";"1006,5";"1006,1";"0,7";"271,0";"2,7";"";"0,0"
"18/02/2025";"0400";"20,9";"21,5";"20,9";"95,0";"95,0";"92,0";"20,0";"20,1";"19,9";"1006,0";"1006,3";"1005,9";"1,0";"113,0";"1,8";"";"0,0"
"18/02/2025";"0500";"20,8";"21,0";"20,8";"95,0";"95,0";"95,0";"20,0";"20,1";"19,9";"1005,8";"1006,1";"1005,4";"0,5";"223,0";"3,0";"";"0,0"
"18/02/2025";"0600";"20,6";"20,8";"20,6";"95,0";"95,0";"95,0";"19,8";"20,0";"19,8";"1005,3";"1005,8";"1005,2";"0,9";"69,0";"1,3";"";"0,0"
"18/02/2025";"0700";"20,0";"20,7";"20,0";"96,0";"96,0";"95,0";"19,3";"19,9";"19,2";"1005,3";"1005,3";"1005,0";"1,2";"49,0";"1,5";"";"0,0"
"18/02/2025";"0800";"19,4";"20,1";"19,4";"96,0";"96,0";"96,0";"18,7";"19,4";"18,7";"1005,5";"1005,6";"1005,2";"1,7";"72,0";"2,4";"";"0,0"
"18/02/2025";"0900";"19,5";"19,7";"19,1";"96,0";"96,0";"96,0";"18,8";"19,0";"18,4";"1006,3";"1006,3";"1005,5";"1,4";"81,0";"2,5";"";"0,0"
"18/02/2025";"1000";"20,2";"20,2";"19,5";"96,0";"96,0";"96,0";"19,5";"19,5";"18,8";"1007,0";"1007,0";"1006,3";"0,6";"105,0";"2,5";"31,70";"0,0"
"18/02/2025";"1100";"21,5";"21,5";"20,1";"96,0";"96,0";"96,0";"20,8";"20,8";"19,4";"1007,8";"1007,8";"1007,0";"0,7";"260,0";"1,3";"442,40";"0,0"
"18/02/2025";"1200";"22,6";"22,7";"21,5";"89,0";"96,0";"89,0";"20,7";"21,8";"20,4";"1008,2";"1008,2";"1007,8";"1,4";"266,0";"2,3";"736,00";"0,0"
"18/02/2025";"1300";"23,6";"23,6";"22,6";"82,0";"89,0";"81,0";"20,4";"20,9";"20,0";"1008,4";"1008,5";"1008,1";"1,1";"202,0";"2,3";"1051,80";"0,0"
"18/02/2025";"1400";"25,3";"25,8";"23,6";"73,0";"84,0";"71,0";"20,2";"21,4";"19,5";"1008,3";"1008,5";"1008,2";"3,0";"140,0";"5,7";"2199,30";"0,0"
"18/02/2025";"1500";"25,9";"26,5";"24,6";"69,0";"76,0";"65,0";"19,8";"20,6";"18,6";"1008,3";"1008,3";"1008,2";"2,6";"178,0";"5,3";"2055,20";"0,0"
"18/02/2025";"1600";"27,0";"27,2";"25,7";"65,0";"71,0";"61,0";"19,9";"20,7";"18,5";"1007,6";"1008,3";"1007,6";"2,4";"151,0";"5,7";"2617,30";"0,2"
"18/02/2025";"1700";"26,4";"27,6";"26,1";"63,0";"67,0";"56,0";"18,7";"20,5";"17,7";"1006,9";"1007,6";"1006,9";"2,4";"148,0";"5,0";"2220,90";"0,0"
"18/02/2025";"1800";"28,0";"28,0";"26,2";"56,0";"64,0";"51,0";"18,3";"19,8";"16,7";"1006,2";"1006,9";"1006,2";"1,9";"162,0";"6,2";"2176,00";"0,0"
"18/02/2025";"1900";"27,6";"28,2";"26,2";"53,0";"61,0";"48,0";"17,1";"18,6";"16,2";"1005,7";"1006,3";"1005,7";"3,0";"177,0";"6,1";"1951,90";"0,0"
"18/02/2025";"2000";"27,4";"28,0";"26,5";"52,0";"59,0";"49,0";"16,8";"18,7";"16,0";"1005,2";"1005,7";"1005,2";"2,8";"161,0";"5,8";"1806,00";"0,0"
"18/02/2025";"2100";"25,5";"27,5";"25,5";"61,0";"61,0";"51,0";"17,3";"18,1";"16,5";"1005,2";"1005,2";"1005,0";"2,3";"134,0";"5,1";"1028,60";"0,0"
"18/02/2025";"2200";"23,2";"25,7";"23,2";"73,0";"73,0";"59,0";"18,1";"18,1";"17,1";"1005,4";"1005,5";"1005,2";"1,3";"149,0";"4,6";"243,50";"0,0"
"18/02/2025";"2300";"22,1";"23,2";"22,1";"77,0";"77,0";"72,0";"17,9";"18,1";"17,7";"1006,2";"1006,2";"1005,4";"3,0";"164,0";"5,2";"3,00";"0,0"
"19/02/2025";"0000";"21,9";"22,1";"21,0";"78,0";"82,0";"77,0";"17,8";"18,1";"17,6";"1006,5";"1006,5";"1006,2";"3,9";"119,0";"6,3";"";"0,0"
"19/02/2025";"0100";"21,1";"21,9";"20,8";"78,0";"82,0";"78,0";"17,2";"17,9";"17,2";"1007,1";"1007,1";"1006,5";"2,7";"130,0";"6,3";"";"0,0"
"19/02/2025";"0200";"20,1";"21,1";"19,9";"83,0";"84,0";"78,0";"17,1";"17,2";"16,9";"1007,4";"1007,5";"1007,0";"1,9";"166,0";"6,3";"";"0,0"
"19/02/2025";"0300";"19,3";"20,1";"19,1";"87,0";"88,0";"83,0";"17,0";"17,2";"16,9";"1007,3";"1007,5";"1007,2";"1,2";"139,0";"3,3";"";"0,0"
"19/02/2025";"0400";"18,7";"19,3";"18,6";"90,0";"91,0";"87,0";"17,0";"17,3";"16,8";"1006,7";"1007,4";"1006,7";"0,5";"104,0";"3,3";"";"0,0"
"19/02/2025";"0500";"17,8";"18,7";"17,8";"93,0";"93,0";"90,0";"16,8";"17,0";"16,6";"1005,8";"1006,7";"1005,8";"1,7";"54,0";"2,5";"";"0,0"
"19/02/2025";"0600";"17,6";"18,0";"17,6";"94,0";"94,0";"93,0";"16,7";"17,0";"16,6";"1005,5";"1005,8";"1005,4";"1,1";"262,0";"2,3";"";"0,0"
"19/02/2025";"0700";"17,9";"18,0";"17,6";"95,0";"95,0";"94,0";"17,0";"17,2";"16,7";"1005,5";"1005,6";"1005,5";"1,2";"283,0";"2,6";"";"0,0"
"19/02/2025";"0800";"17,7";"17,9";"17,3";"95,0";"95,0";"94,0";"17,0";"17,0";"16,5";"1005,5";"1005,7";"1005,5";"0,4";"58,0";"1,6";"";"0,0"
"19/02/2025";"0900";"17,8";"17,9";"17,7";"95,0";"96,0";"95,0";"17,0";"17,2";"16,9";"1006,0";"1006,1";"1005,5";"0,5";"287,0";"1,0";"";"0,0"
"19/02/2025";"1000";"18,3";"18,3";"17,5";"96,0";"96,0";"95,0";"17,6";"17,6";"16,8";"1006,3";"1006,4";"1006,0";"0,3";"97,0";"1,3";"103,90";"0,0"
"19/02/2025";"1100";"19,3";"19,3";"18,3";"93,0";"96,0";"93,0";"18,1";"18,4";"17,5";"1006,7";"1006,7";"1006,3";"0,4";"279,0";"1,0";"392,50";"0,0"
"19/02/2025";"1200";"21,6";"21,6";"19,3";"83,0";"93,0";"83,0";"18,6";"18,7";"17,8";"1006,7";"1006,8";"1006,7";"0,8";"315,0";"2,0";"1128,90";"0,0"
"19/02/2025";"1300";"24,0";"24,0";"21,2";"73,0";"83,0";"72,0";"19,0";"20,0";"17,7";"1006,3";"1006,7";"1006,3";"1,0";"267,0";"3,4";"2326,50";"0,0"
"19/02/2025";"1400";"25,2";"25,9";"23,8";"67,0";"73,0";"63,0";"18,5";"20,0";"17,5";"1006,2";"1006,3";"1006,1";"2,6";"257,0";"4,3";"2701,70";"0,0"
"19/02/2025";"1500";"27,2";"27,3";"25,2";"64,0";"70,0";"63,0";"19,9";"20,5";"18,8";"1005,6";"1006,2";"1005,6";"1,9";"297,0";"4,4";"3214,00";"0,0"
"19/02/2025";"1600";"29,1";"29,3";"27,2";"58,0";"64,0";"57,0";"20,0";"20,9";"18,9";"1004,9";"1005,6";"1004,9";"1,0";"35,0";"3,6";"3218,40";"0,0"
"19/02/2025";"1700";"29,2";"30,0";"28,0";"55,0";"63,0";"54,0";"19,3";"21,0";"18,9";"1003,9";"1004,9";"1003,8";"2,0";"196,0";"4,0";"2885,00";"0,0"
"19/02/2025";"1800";"30,5";"30,8";"29,1";"53,0";"61,0";"51,0";"19,9";"21,8";"18,8";"1003,0";"1003,9";"1003,0";"2,1";"202,0";"5,3";"2902,50";"0,0"
"19/02/2025";"1900";"29,8";"31,8";"29,8";"52,0";"55,0";"48,0";"18,8";"20,6";"18,6";"1002,5";"1003,0";"1002,5";"3,0";"260,0";"5,3";"2805,30";"0,0"
"19/02/2025";"2000";"30,9";"31,5";"29,5";"51,0";"57,0";"49,0";"19,4";"20,8";"18,8";"1002,2";"1002,6";"1002,2";"2,5";"217,0";"5,3";"1858,40";"0,0"
"19/02/2025";"2100";"28,5";"30,9";"28,5";"58,0";"58,0";"49,0";"19,5";"20,0";"18,6";"1002,5";"1002,5";"1002,1";"2,6";"225,0";"5,3";"1007,00";"0,0"
"19/02/2025";"2200";"27,2";"28,5";"27,2";"65,0";"65,0";"58,0";"19,9";"20,0";"19,3";"1003,0";"1003,0";"1002,5";"2,9";"169,0";"5,8";"213,10";"0,0"
"19/02/2025";"2300";"25,1";"27,2";"25,1";"76,0";"76,0";"64,0";"20,6";"20,8";"19,9";"1003,8";"1003,8";"1003,0";"1,0";"134,0";"5,1";"1,20";"0,0"
"20/02/2025";"0000";"24,1";"25,1";"24,0";"79,0";"80,0";"76,0";"20,3";"20,8";"20,2";"1004,6";"1004,6";"1003,8";"2,3";"158,0";"3,6";"";"0,0"
"20/02/2025";"0100";"23,1";"24,1";"23,1";"85,0";"85,0";"79,0";"20,4";"20,5";"20,3";"1005,1";"1005,1";"1004,6";"2,0";"121,0";"3,6";"";"0,0"
"20/02/2025";"0200";"22,7";"23,6";"22,7";"85,0";"85,0";"82,0";"20,1";"20,7";"19,8";"1005,1";"1005,3";"1005,0";"1,5";"128,0";"3,6";"";"0,0"
"20/02/2025";"0300";"22,3";"22,9";"22,3";"88,0";"88,0";"85,0";"20,1";"20,3";"20,0";"1005,0";"1005,2";"1005,0";"0,9";"283,0";"2,9";"";"0,0"
"20/02/2025";"0400";"21,6";"22,6";"21,6";"91,0";"91,0";"86,0";"20,0";"20,3";"19,8";"1004,8";"1005,0";"1004,8";"2,4";"225,0";"4,0";"";"0,0"
"20/02/2025";"0500";"21,0";"21,7";"20,9";"93,0";"93,0";"91,0";"19,8";"20,1";"19,5";"1005,1";"1005,1";"1004,8";"1,5";"353,0";"3,6";"";"0,0"
"20/02/2025";"0600";"20,5";"21,1";"20,5";"94,0";"94,0";"93,0";"19,5";"20,0";"19,5";"1005,2";"1005,2";"1005,1";"1,3";"256,0";"2,0";"";"0,0"
"20/02/2025";"0700";"20,9";"21,0";"20,5";"95,0";"95,0";"94,0";"20,1";"20,1";"19,5";"1005,1";"1005,2";"1005,1";"0,4";"76,0";"1,8";"";"0,0"
"20/02/2025";"0800";"20,9";"21,1";"20,8";"95,0";"95,0";"95,0";"20,1";"20,2";"20,0";"1005,2";"1005,2";"1005,0";"0,9";"286,0";"2,0";"";"0,0"
"20/02/2025";"0900";"21,0";"21,1";"20,9";"95,0";"95,0";"95,0";"20,3";"20,3";"20,1";"1005,8";"1005,8";"1005,2";"0,6";"306,0";"1,8";"";"0,0"
"20/02/2025";"1000";"21,5";"21,5";"21,0";"95,0";"95,0";"95,0";"20,6";"20,6";"20,2";"1006,7";"1006,7";"1005,8";"0,5";"23,0";"1,8";"46,90";"0,0"
"20/02/2025";"1100";"22,3";"22,4";"21,5";"93,0";"95,0";"93,0";"21,1";"21,2";"20,6";"1007,3";"1007,3";"1006,7";"0,7";"226,0";"1,6";"269,10";"0,0"
"20/02/2025";"1200";"22,5";"22,5";"22,2";"91,0";"93,0";"91,0";"21,0";"21,2";"20,9";"1008,0";"1008,0";"1007,3";"1,3";"243,0";"2,5";"283,10";"0,0"
"20/02/2025";"1300";"23,2";"23,3";"22,5";"86,0";"92,0";"86,0";"20,7";"21,2";"20,6";"1008,3";"1008,3";"1008,0";"0,8";"339,0";"2,3";"437,00";"0,0"
"20/02/2025";"1400";"24,7";"24,7";"23,2";"80,0";"87,0";"80,0";"21,0";"21,4";"20,6";"1008,3";"1008,4";"1008,2";"0,7";"44,0";"2,0";"827,60";"0,0"
"20/02/2025";"1500";"26,4";"27,0";"24,7";"71,0";"81,0";"69,0";"20,6";"21,7";"20,0";"1008,1";"1008,3";"1008,1";"1,7";"205,0";"3,4";"2041,30";"0,0"
"20/02/2025";"1600";"27,9";"28,5";"26,4";"66,0";"74,0";"65,0";"20,9";"22,2";"20,2";"1007,7";"1008,1";"1007,7";"1,1";"300,0";"3,9";"2763,30";"0,0"
"20/02/2025";"1700";"29,5";"29,9";"27,0";"61,0";"71,0";"59,0";"21,3";"22,0";"20,3";"1006,9";"1007,7";"1006,9";"1,8";"268,0";"3,9";"3129,70";"0,0"
"20/02/2025";"1800";"30,4";"31,2";"29,0";"53,0";"64,0";"53,0";"19,8";"22,0";"19,8";"1006,3";"1006,9";"1006,3";"2,2";"256,0";"4,1";"2901,50";"0,0"
"20/02/2025";"1900";"31,2";"31,7";"30,0";"48,0";"59,0";"47,0";"18,8";"21,6";"18,3";"1005,7";"1006,3";"1005,7";"1,7";"217,0";"4,1";"2696,30";"0,0"
"20/02/2025";"2000";"30,9";"31,8";"30,9";"48,0";"50,0";"44,0";"18,5";"19,8";"17,9";"1005,6";"1005,7";"1005,5";"1,4";"136,0";"4,9";"1978,10";"0,0"
"20/02/2025";"2100";"30,3";"31,1";"30,0";"50,0";"53,0";"43,0";"18,5";"19,5";"17,1";"1005,6";"1005,7";"1005,6";"1,4";"153,0";"3,5";"1128,00";"0,0"
"20/02/2025";"2200";"27,1";"30,3";"27,1";"61,0";"61,0";"48,0";"19,0";"19,2";"17,6";"1005,5";"1005,7";"1005,4";"1,4";"151,0";"3,7";"336,30";"0,0"
"20/02/2025";"2300";"24,5";"27,1";"24,5";"77,0";"77,0";"61,0";"20,2";"20,4";"19,0";"1006,0";"1006,0";"1005,5";"1,2";"121,0";"2,8";"";"0,0"
"21/02/2025";"0000";"23,3";"24,5";"23,3";"82,0";"82,0";"77,0";"20,2";"20,3";"20,1";"1006,6";"1006,6";"1006,0";"1,0";"139,0";"2,2";"";"0,0"
"21/02/2025";"0100";"22,6";"23,4";"22,5";"86,0";"86,0";"82,0";"20,1";"20,5";"20,0";"1007,2";"1007,2";"1006,6";"1,2";"145,0";"3,1";"";"0,0"
"21/02/2025";"0200";"22,6";"23,0";"22,3";"88,0";"88,0";"85,0";"20,4";"20,6";"19,8";"1007,6";"1007,6";"1007,2";"1,0";"310,0";"2,3";"";"0,0"
"21/02/2025";"0300";"21,6";"23,6";"21,6";"89,0";"89,0";"83,0";"19,8";"21,0";"19,5";"1007,5";"1007,7";"1007,4";"0,6";"95,0";"1,7";"";"0,0"
"21/02/2025";"0400";"21,2";"21,7";"21,2";"92,0";"92,0";"89,0";"19,8";"20,2";"19,8";"1007,4";"1007,5";"1007,4";"1,0";"270,0";"1,7";"";"0,0"
"21/02/2025";"0500";"20,6";"21,2";"20,4";"94,0";"94,0";"91,0";"19,7";"19,9";"19,3";"1007,0";"1007,4";"1007,0";"1,2";"122,0";"1,8";"";"0,0"
"21/02/2025";"0600";"20,2";"20,7";"20,1";"95,0";"95,0";"94,0";"19,4";"19,7";"19,2";"1006,9";"1007,1";"1006,9";"0,8";"107,0";"1,8";"";"0,0"
"21/02/2025";"0700";"19,5";"20,2";"19,5";"95,0";"95,0";"95,0";"18,7";"19,4";"18,7";"1007,0";"1007,1";"1006,8";"0,4";"65,0";"1,5";"";"0,0"
"21/02/2025";"0800";"19,4";"19,9";"19,4";"96,0";"96,0";"95,0";"18,6";"19,2";"18,6";"1007,5";"1007,5";"1007,0";"0,9";"130,0";"1,3";"";"0,0"
"21/02/2025";"0900";"19,4";"19,6";"19,0";"96,0";"96,0";"95,0";"18,7";"18,9";"18,3";"1008,1";"1008,1";"1007,5";"0,5";"44,0";"1,3";"";"0,0"
"21/02/2025";"1000";"19,9";"20,0";"19,4";"96,0";"96,0";"96,0";"19,3";"19,3";"18,7";"1008,8";"1008,8";"1008,1";"0,8";"327,0";"1,3";"109,20";"0,0"
"21/02/2025";"1100";"20,6";"20,7";"20,0";"96,0";"96,0";"96,0";"19,9";"20,0";"19,3";"1009,4";"1009,4";"1008,8";"0,7";"265,0";"1,7";"428,00";"0,0"
"21/02/2025";"1200";"22,8";"22,8";"20,4";"95,0";"96,0";"95,0";"22,0";"22,0";"19,8";"1009,7";"1009,8";"1009,4";"1,1";"336,0";"2,5";"1287,10";"0,0"
"21/02/2025";"1300";"26,4";"26,4";"22,7";"78,0";"95,0";"76,0";"22,2";"22,2";"21,0";"1009,7";"1009,9";"1009,7";"1,2";"282,0";"2,5";"2246,90";"0,0"
"21/02/2025";"1400";"28,8";"28,8";"26,1";"67,0";"78,0";"65,0";"22,0";"22,4";"21,1";"1009,6";"1009,8";"1009,6";"1,3";"285,0";"4,3";"2747,70";"0,0"
"21/02/2025";"1500";"30,4";"30,9";"28,6";"58,0";"68,0";"57,0";"21,2";"22,7";"20,8";"1009,1";"1009,6";"1009,1";"1,5";"318,0";"3,9";"3124,40";"0,0"
"21/02/2025";"1600";"31,8";"32,5";"30,3";"50,0";"60,0";"49,0";"20,2";"22,3";"20,2";"1008,4";"1009,1";"1008,4";"2,7";"240,0";"4,6";"3391,70";"0,0"
"21/02/2025";"1700";"33,2";"33,3";"31,7";"47,0";"55,0";"44,0";"20,2";"21,9";"18,9";"1008,0";"1008,4";"1008,0";"2,3";"243,0";"5,1";"3362,60";"0,0"
"21/02/2025";"1800";"33,3";"34,1";"32,7";"43,0";"48,0";"40,0";"19,1";"21,0";"18,0";"1007,2";"1008,0";"1007,1";"2,1";"218,0";"6,2";"2970,50";"0,0"
"21/02/2025";"1900";"33,0";"34,0";"32,9";"38,0";"45,0";"37,0";"16,8";"19,3";"16,5";"1006,6";"1007,2";"1006,6";"2,6";"176,0";"6,2";"2561,10";"0,0"
"21/02/2025";"2000";"32,6";"33,8";"32,5";"38,0";"42,0";"36,0";"16,6";"18,5";"15,9";"1006,5";"1006,6";"1006,4";"3,3";"160,0";"5,6";"1910,00";"0,0"
"21/02/2025";"2100";"31,1";"32,6";"31,1";"44,0";"44,0";"34,0";"17,4";"17,4";"14,8";"1006,9";"1006,9";"1006,4";"3,2";"168,0";"6,4";"1138,10";"0,0"
"21/02/2025";"2200";"28,6";"31,1";"28,6";"55,0";"55,0";"44,0";"18,6";"18,6";"17,4";"1007,7";"1007,7";"1006,9";"2,5";"172,0";"6,5";"324,40";"0,0"
"21/02/2025";"2300";"25,7";"28,8";"25,4";"70,0";"71,0";"55,0";"19,8";"20,1";"18,7";"1008,0";"1008,1";"1007,7";"1,9";"78,0";"5,6";"";"0,0"
"22/02/2025";"0000";"24,5";"26,0";"24,0";"76,0";"78,0";"69,0";"20,1";"20,1";"19,7";"1008,5";"1008,5";"1008,0";"1,2";"92,0";"3,0";"";"0,0"
"22/02/2025";"0100";"23,6";"24,6";"23,4";"83,0";"83,0";"76,0";"20,6";"20,6";"19,9";"1008,9";"1008,9";"1008,4";"2,7";"120,0";"4,0";"";"0,0"
"22/02/2025";"0200";"23,2";"24,6";"23,2";"84,0";"84,0";"79,0";"20,3";"20,8";"20,3";"1009,3";"1009,3";"1008,9";"0,5";"31,0";"4,6";"";"0,0"
"22/02/2025";"0300";"22,1";"23,3";"22,1";"89,0";"89,0";"84,0";"20,3";"20,7";"20,1";"1008,7";"1009,3";"1008,6";"0,5";"76,0";"2,0";"";"0,0"
"22/02/2025";"0400";"22,5";"22,7";"21,5";"88,0";"92,0";"88,0";"20,5";"20,8";"19,9";"1008,7";"1008,7";"1008,3";"3,0";"231,0";"3,8";"";"0,0"
"22/02/2025";"0500";"21,4";"22,6";"21,3";"92,0";"92,0";"88,0";"20,0";"20,5";"19,8";"1008,4";"1008,9";"1008,4";"0,6";"22,0";"3,8";"";"0,0"
"22/02/2025";"0600";"20,3";"21,4";"20,3";"94,0";"94,0";"92,0";"19,3";"20,1";"19,2";"1007,8";"1008,5";"1007,8";"1,0";"107,0";"1,5";"";"0,0"
"22/02/2025";"0700";"19,9";"20,5";"19,8";"95,0";"95,0";"93,0";"19,0";"19,6";"18,9";"1007,8";"1007,9";"1007,8";"1,0";"114,0";"1,7";"";"0,0"
"22/02/2025";"0800";"20,3";"20,4";"19,5";"95,0";"95,0";"94,0";"19,5";"19,6";"18,6";"1008,1";"1008,1";"1007,7";"1,0";"60,0";"1,7";"";"0,0"
"22/02/2025";"0900";"20,6";"20,8";"20,3";"95,0";"95,0";"95,0";"19,7";"20,0";"19,5";"1008,3";"1008,3";"1008,0";"0,8";"163,0";"1,4";"";"0,0"
"22/02/2025";"1000";"20,7";"20,7";"20,5";"94,0";"95,0";"94,0";"19,7";"19,7";"19,6";"1009,2";"1009,2";"1008,3";"1,4";"114,0";"2,7";"34,80";"0,0"
"22/02/2025";"1100";"21,5";"21,5";"20,7";"93,0";"94,0";"93,0";"20,4";"20,4";"19,7";"1009,5";"1009,5";"1009,2";"0,7";"110,0";"2,1";"203,00";"0,0"
"22/02/2025";"1200";"22,0";"22,1";"21,5";"92,0";"94,0";"92,0";"20,7";"20,8";"20,4";"1009,6";"1009,7";"1009,5";"1,2";"313,0";"2,3";"365,70";"0,0"
"22/02/2025";"1300";"23,8";"23,9";"21,9";"85,0";"93,0";"85,0";"21,1";"21,5";"20,6";"1009,2";"1009,7";"1009,2";"1,1";"243,0";"2,5";"984,90";"0,0"
"22/02/2025";"1400";"26,1";"26,6";"23,8";"76,0";"85,0";"72,0";"21,5";"22,1";"20,7";"1009,1";"1009,3";"1009,1";"1,5";"194,0";"4,3";"2463,60";"0,0"
"22/02/2025";"1500";"28,8";"28,8";"26,1";"69,0";"76,0";"69,0";"22,6";"23,0";"20,9";"1008,5";"1009,1";"1008,5";"2,1";"171,0";"5,6";"2931,30";"0,0"
"22/02/2025";"1600";"29,7";"30,4";"28,3";"64,0";"72,0";"62,0";"22,2";"23,3";"21,6";"1007,9";"1008,5";"1007,9";"2,1";"273,0";"5,6";"3323,40";"0,0"
"22/02/2025";"1700";"32,2";"32,4";"29,7";"56,0";"66,0";"55,0";"22,2";"23,5";"21,9";"1007,2";"1007,9";"1007,2";"2,8";"259,0";"4,8";"3283,30";"0,0"
"22/02/2025";"1800";"33,3";"33,5";"32,1";"44,0";"60,0";"42,0";"19,6";"23,3";"18,8";"1006,3";"1007,2";"1006,3";"2,4";"195,0";"5,0";"2998,30";"0,0"
"22/02/2025";"1900";"33,5";"34,2";"32,9";"44,0";"47,0";"39,0";"19,5";"20,4";"17,3";"1005,6";"1006,3";"1005,6";"1,7";"168,0";"5,2";"2552,00";"0,0"
"22/02/2025";"2000";"32,4";"33,5";"32,3";"46,0";"46,0";"40,0";"19,2";"19,7";"17,9";"1005,1";"1005,6";"1005,1";"2,7";"165,0";"5,9";"1848,30";"0,0"
"22/02/2025";"2100";"31,0";"32,7";"31,0";"48,0";"49,0";"44,0";"18,5";"20,1";"18,1";"1005,2";"1005,2";"1004,9";"3,8";"177,0";"5,9";"1053,80";"0,0"
"22/02/2025";"2200";"28,3";"30,9";"28,2";"63,0";"63,0";"48,0";"20,7";"20,7";"18,5";"1005,5";"1005,5";"1005,2";"1,9";"157,0";"6,4";"233,60";"0,0"
"22/02/2025";"2300";"26,0";"28,3";"26,0";"77,0";"77,0";"63,0";"21,6";"21,7";"20,7";"1006,2";"1006,2";"1005,4";"1,1";"138,0";"4,6";"";"0,0"
"23/02/2025";"0000";"24,8";"26,0";"24,8";"81,0";"81,0";"77,0";"21,2";"21,7";"21,2";"1006,8";"1006,8";"1006,2";"1,1";"146,0";"2,9";"";"0,0"
"23/02/2025";"0100";"23,9";"24,8";"23,9";"84,0";"84,0";"81,0";"21,0";"21,5";"20,9";"1006,8";"1007,1";"1006,7";"1,5";"129,0";"3,1";"";"0,0"
"23/02/2025";"0200";"23,1";"23,9";"23,0";"88,0";"88,0";"84,0";"21,0";"21,2";"20,6";"1007,4";"1007,4";"1006,8";"1,1";"326,0";"3,1";"";"0,0"
"23/02/2025";"0300";"22,4";"23,2";"22,3";"91,0";"91,0";"88,0";"20,7";"21,1";"20,7";"1007,3";"1007,8";"1007,3";"1,1";"14,0";"1,9";"";"0,0"
"23/02/2025";"0400";"21,9";"22,6";"21,9";"92,0";"92,0";"90,0";"20,5";"21,0";"20,5";"1006,9";"1007,3";"1006,9";"1,5";"319,0";"2,0";"";"0,0"
"23/02/2025";"0500";"21,4";"21,9";"21,4";"93,0";"93,0";"92,0";"20,3";"20,7";"20,2";"1006,2";"1006,9";"1006,2";"1,0";"10,0";"2,3";"";"0,0"
"23/02/2025";"0600";"21,4";"21,6";"21,4";"93,0";"93,0";"93,0";"20,3";"20,4";"20,2";"1005,9";"1006,2";"1005,9";"0,4";"301,0";"1,7";"";"0,0"
"23/02/2025";"0700";"20,6";"21,4";"20,6";"94,0";"94,0";"93,0";"19,7";"20,3";"19,7";"1005,8";"1006,1";"1005,8";"1,1";"108,0";"1,5";"";"0,0"
"23/02/2025";"0800";"20,7";"20,9";"20,5";"95,0";"95,0";"94,0";"19,9";"20,0";"19,6";"1005,9";"1005,9";"1005,6";"0,9";"249,0";"1,8";"";"0,0"
"23/02/2025";"0900";"20,4";"20,8";"20,2";"95,0";"95,0";"95,0";"19,6";"20,0";"19,4";"1006,0";"1006,1";"1005,9";"0,9";"53,0";"1,5";"";"0,0"
"23/02/2025";"1000";"21,1";"21,1";"20,2";"95,0";"95,0";"95,0";"20,3";"20,3";"19,4";"1006,7";"1006,7";"1006,0";"0,3";"56,0";"1,4";"112,40";"0,0"
"23/02/2025";"1100";"22,9";"22,9";"21,1";"94,0";"95,0";"93,0";"21,8";"21,8";"20,4";"1007,7";"1007,7";"1006,7";"0,5";"152,0";"2,1";"619,10";"0,0"
"23/02/2025";"1200";"24,8";"25,1";"22,6";"84,0";"94,0";"84,0";"21,9";"22,6";"21,2";"1007,7";"1007,8";"1007,6";"1,1";"271,0";"2,1";"1364,80";"0,0"
"23/02/2025";"1300";"28,5";"28,6";"24,8";"66,0";"84,0";"65,0";"21,5";"22,6";"21,2";"1007,6";"1007,9";"1007,6";"1,0";"249,0";"3,1";"2226,20";"0,0"
"23/02/2025";"1400";"31,1";"31,1";"28,3";"59,0";"69,0";"57,0";"22,2";"22,6";"21,1";"1006,7";"1007,7";"1006,7";"1,1";"226,0";"2,8";"2724,00";"0,0"
"23/02/2025";"1500";"32,7";"33,6";"30,9";"50,0";"59,0";"50,0";"20,9";"23,4";"20,8";"1006,3";"1006,7";"1006,3";"1,7";"159,0";"3,7";"2991,90";"0,0"
"23/02/2025";"1600";"33,4";"33,7";"32,1";"52,0";"55,0";"48,0";"22,2";"22,4";"20,8";"1005,5";"1006,3";"1005,5";"2,3";"222,0";"6,2";"3265,50";"0,0"
"23/02/2025";"1700";"34,8";"34,8";"33,2";"44,0";"52,0";"44,0";"20,7";"22,4";"20,4";"1004,9";"1005,5";"1004,9";"2,1";"270,0";"4,4";"3220,50";"0,0"
"23/02/2025";"1800";"35,4";"35,9";"33,6";"44,0";"50,0";"36,0";"21,5";"22,2";"17,9";"1004,0";"1004,9";"1004,0";"1,8";"148,0";"4,4";"2886,60";"0,0"
"23/02/2025";"1900";"33,6";"35,9";"33,6";"49,0";"51,0";"44,0";"21,5";"22,8";"20,8";"1003,4";"1004,0";"1003,4";"2,0";"142,0";"6,4";"2286,00";"0,0"
"23/02/2025";"2000";"33,3";"34,8";"33,3";"50,0";"52,0";"47,0";"21,4";"22,6";"21,4";"1003,1";"1003,4";"1003,1";"4,2";"164,0";"7,5";"1782,70";"0,0"
"23/02/2025";"2100";"32,5";"33,7";"32,4";"53,0";"53,0";"49,0";"21,8";"22,6";"20,8";"1003,1";"1003,1";"1003,0";"1,6";"147,0";"7,8";"1064,70";"0,0"
"23/02/2025";"2200";"29,5";"32,6";"29,5";"63,0";"63,0";"52,0";"21,6";"22,1";"21,3";"1003,3";"1003,4";"1003,1";"1,3";"146,0";"6,0";"286,00";"0,0"
"23/02/2025";"2300";"28,2";"29,4";"27,8";"69,0";"70,0";"63,0";"21,8";"22,0";"21,6";"1003,8";"1003,9";"1003,3";"3,3";"119,0";"5,4";"";"0,0"
"24/02/2025";"0000";"26,0";"28,2";"26,0";"76,0";"76,0";"69,0";"21,3";"21,8";"21,3";"1004,5";"1004,5";"1003,8";"1,4";"144,0";"6,9";"";"0,0"
"24/02/2025";"0100";"25,4";"26,0";"25,2";"78,0";"78,0";"76,0";"21,2";"21,7";"21,1";"1005,2";"1005,2";"1004,5";"1,0";"141,0";"2,5";"";"0,0"
"24/02/2025";"0200";"23,9";"25,4";"23,9";"85,0";"85,0";"78,0";"21,2";"21,3";"20,9";"1005,3";"1005,5";"1005,1";"1,6";"80,0";"3,0";"";"0,0"
"24/02/2025";"0300";"22,8";"24,1";"22,3";"89,0";"90,0";"84,0";"20,9";"21,4";"20,1";"1005,1";"1005,3";"1004,9";"1,5";"275,0";"3,6";"";"0,0"
"24/02/2025";"0400";"22,6";"23,2";"22,5";"90,0";"91,0";"88,0";"20,9";"21,4";"20,8";"1004,5";"1005,1";"1004,5";"1,4";"44,0";"2,4";"";"0,0"
"24/02/2025";"0500";"22,4";"22,6";"21,7";"90,0";"93,0";"90,0";"20,7";"21,2";"20,4";"1004,0";"1004,6";"1004,0";"0,8";"206,0";"2,8";"";"0,0"
"24/02/2025";"0600";"21,5";"22,4";"21,3";"94,0";"94,0";"90,0";"20,5";"21,0";"20,2";"1004,4";"1004,4";"1004,0";"1,4";"315,0";"3,0";"";"0,0"
"24/02/2025";"0700";"21,6";"21,7";"21,2";"94,0";"95,0";"94,0";"20,6";"20,7";"20,2";"1004,8";"1004,8";"1004,4";"0,9";"344,0";"1,9";"";"0,0"
"24/02/2025";"0800";"21,3";"21,6";"21,3";"94,0";"95,0";"94,0";"20,4";"20,7";"20,4";"1005,1";"1005,1";"1004,6";"0,3";"236,0";"1,9";"";"0,0"
"24/02/2025";"0900";"20,9";"21,3";"20,8";"95,0";"95,0";"94,0";"20,0";"20,5";"19,9";"1005,2";"1005,3";"1005,0";"1,0";"184,0";"1,9";"";"0,0"
"24/02/2025";"1000";"21,6";"21,7";"20,6";"95,0";"95,0";"95,0";"20,7";"20,9";"19,7";"1005,2";"1005,3";"1005,0";"2,6";"214,0";"3,9";"100,10";"0,0"
"24/02/2025";"1100";"26,1";"26,1";"21,6";"75,0";"95,0";"74,0";"21,3";"21,8";"20,7";"1005,5";"1005,5";"1005,1";"2,4";"208,0";"4,4";"762,30";"0,0"
"24/02/2025";"1200";"28,8";"28,9";"26,1";"57,0";"75,0";"55,0";"19,5";"21,5";"18,6";"1005,8";"1006,1";"1005,5";"1,6";"323,0";"8,5";"1553,90";"0,0"
"24/02/2025";"1300";"30,0";"30,1";"28,8";"53,0";"59,0";"52,0";"19,4";"20,2";"18,8";"1006,0";"1006,0";"1005,6";"3,7";"22,0";"10,2";"2275,60";"0,0"
"24/02/2025";"1400";"31,6";"31,6";"30,0";"51,0";"56,0";"49,0";"20,2";"20,7";"19,0";"1005,2";"1006,0";"1005,2";"4,1";"42,0";"7,5";"2735,40";"0,0"
"24/02/2025";"1500";"33,0";"33,6";"31,5";"44,0";"52,0";"44,0";"19,3";"21,2";"19,2";"1004,6";"1005,2";"1004,6";"1,9";"340,0";"7,6";"3130,00";"0,0"
"24/02/2025";"1600";"34,1";"34,3";"32,9";"46,0";"49,0";"41,0";"20,9";"21,2";"19,2";"1004,0";"1004,7";"1004,0";"3,1";"342,0";"6,6";"3120,80";"0,0"
"24/02/2025";"1700";"35,0";"35,0";"34,1";"41,0";"46,0";"37,0";"19,8";"21,1";"17,8";"1003,5";"1004,0";"1003,5";"3,3";"34,0";"6,0";"3148,00";"0,0"
"24/02/2025";"1800";"35,9";"36,2";"34,8";"33,0";"42,0";"32,0";"17,1";"20,5";"16,5";"1002,7";"1003,5";"1002,7";"1,9";"328,0";"6,9";"2384,50";"0,0"
"24/02/2025";"1900";"35,8";"36,2";"35,3";"33,0";"37,0";"31,0";"17,2";"18,8";"16,1";"1002,2";"1002,7";"1002,2";"1,1";"106,0";"6,3";"1968,90";"0,0"
"24/02/2025";"2000";"36,1";"36,8";"35,8";"33,0";"34,0";"30,0";"17,1";"17,8";"15,9";"1001,9";"1002,2";"1001,9";"1,7";"201,0";"4,3";"1749,70";"0,0"
"24/02/2025";"2100";"35,0";"36,2";"35,0";"40,0";"41,0";"31,0";"19,6";"19,6";"16,4";"1002,0";"1002,0";"1001,8";"1,0";"146,0";"3,1";"1009,90";"0,0"
"24/02/2025";"2200";"31,5";"35,0";"31,5";"51,0";"51,0";"38,0";"20,1";"20,1";"18,1";"1002,3";"1002,3";"1002,0";"1,1";"141,0";"4,1";"269,10";"0,0"
"24/02/2025";"2300";"29,5";"31,5";"29,4";"62,0";"62,0";"51,0";"21,4";"21,5";"20,1";"1003,0";"1003,0";"1002,3";"1,7";"104,0";"3,2";"";"0,0"
"25/02/2025";"0000";"29,1";"29,5";"28,2";"65,0";"67,0";"62,0";"21,9";"21,9";"21,3";"1003,9";"1003,9";"1003,0";"2,7";"125,0";"4,8";"";"0,0"
"25/02/2025";"0100";"28,8";"29,4";"28,4";"66,0";"67,0";"64,0";"21,7";"22,0";"21,6";"1004,6";"1004,6";"1003,9";"3,5";"120,0";"6,9";"";"0,0"
"25/02/2025";"0200";"27,8";"29,2";"27,5";"70,0";"70,0";"64,0";"21,8";"21,9";"21,4";"1005,1";"1005,1";"1004,5";"0,7";"119,0";"7,0";"";"0,0"
"25/02/2025";"0300";"25,8";"27,8";"25,8";"78,0";"78,0";"70,0";"21,6";"22,1";"21,6";"1005,2";"1005,2";"1004,9";"1,8";"250,0";"2,3";"";"0,0"
"25/02/2025";"0400";"24,7";"26,0";"24,6";"83,0";"83,0";"77,0";"21,7";"22,0";"21,6";"1004,5";"1005,2";"1004,5";"1,0";"80,0";"2,5";"";"0,0"
"25/02/2025";"0500";"24,3";"24,9";"23,7";"87,0";"88,0";"83,0";"22,1";"22,1";"21,6";"1004,2";"1004,5";"1004,2";"1,3";"251,0";"2,6";"";"0,0"
"25/02/2025";"0600";"24,9";"24,9";"23,5";"83,0";"88,0";"83,0";"21,8";"22,2";"21,2";"1004,0";"1004,2";"1003,9";"1,2";"117,0";"3,4";"";"0,0"
"25/02/2025";"0700";"27,0";"27,1";"24,3";"66,0";"83,0";"66,0";"20,2";"21,9";"20,2";"1003,7";"1004,1";"1003,7";"1,3";"251,0";"4,0";"";"0,0"
"25/02/2025";"0800";"26,8";"27,7";"26,4";"67,0";"68,0";"64,0";"20,0";"20,4";"19,9";"1004,0";"1004,0";"1003,7";"1,5";"91,0";"4,8";"";"0,0"
"25/02/2025";"0900";"26,5";"27,6";"25,4";"68,0";"72,0";"65,0";"20,2";"20,6";"19,9";"1004,6";"1004,7";"1003,9";"1,9";"198,0";"8,9";"";"0,0"
"25/02/2025";"1000";"27,3";"27,9";"25,8";"68,0";"72,0";"64,0";"20,9";"20,9";"20,0";"1005,6";"1005,6";"1004,6";"1,0";"164,0";"5,6";"59,00";"0,0"
"25/02/2025";"1100";"28,7";"29,1";"27,3";"63,0";"69,0";"60,0";"20,9";"22,0";"20,5";"1006,4";"1006,4";"1005,5";"2,1";"321,0";"5,1";"578,40";"0,0"
"25/02/2025";"1200";"30,6";"30,9";"28,7";"55,0";"64,0";"55,0";"20,7";"21,8";"20,4";"1006,3";"1006,6";"1006,2";"3,4";"53,0";"7,7";"1362,50";"0,0"
"25/02/2025";"1300";"31,9";"32,2";"30,5";"54,0";"58,0";"51,0";"21,5";"21,6";"20,3";"1006,3";"1006,5";"1006,3";"2,7";"41,0";"10,7";"2212,10";"0,0"
"25/02/2025";"1400";"33,5";"33,7";"31,8";"51,0";"56,0";"47,0";"21,9";"22,3";"20,6";"1006,0";"1006,3";"1006,0";"2,3";"14,0";"8,6";"2718,80";"0,0"
"25/02/2025";"1500";"34,5";"34,6";"33,3";"49,0";"52,0";"46,0";"22,3";"22,8";"20,4";"1005,3";"1006,0";"1005,3";"3,9";"13,0";"8,6";"2933,10";"0,0"
"25/02/2025";"1600";"35,6";"36,0";"34,2";"48,0";"52,0";"43,0";"22,8";"23,0";"20,6";"1004,6";"1005,3";"1004,6";"3,8";"13,0";"7,5";"2459,20";"0,0"
"25/02/2025";"1700";"36,3";"37,0";"34,8";"41,0";"48,0";"40,0";"21,1";"23,2";"20,8";"1003,5";"1004,6";"1003,5";"3,6";"6,0";"7,2";"2786,60";"0,0"
"25/02/2025";"1800";"37,7";"38,3";"36,3";"37,0";"43,0";"35,0";"20,6";"22,5";"19,8";"1002,3";"1003,5";"1002,3";"2,0";"317,0";"6,2";"2808,60";"0,0"
"25/02/2025";"1900";"34,2";"38,1";"34,2";"43,0";"44,0";"34,0";"19,9";"21,7";"19,2";"1002,3";"1002,3";"1001,6";"4,7";"333,0";"17,3";"1884,90";"0,0"
"25/02/2025";"2000";"24,2";"34,1";"22,6";"95,0";"95,0";"43,0";"23,3";"24,1";"18,6";"1003,8";"1004,7";"1002,3";"2,9";"131,0";"24,3";"108,50";"10,6"
"25/02/2025";"2100";"24,4";"24,8";"24,2";"93,0";"95,0";"93,0";"23,3";"23,7";"23,2";"1004,4";"1004,5";"1003,6";"1,5";"99,0";"7,1";"131,20";"0,0"
"25/02/2025";"2200";"24,3";"24,6";"24,1";"90,0";"93,0";"90,0";"22,5";"23,3";"22,4";"1003,9";"1004,4";"1003,5";"1,3";"24,0";"3,8";"58,30";"0,0"
"25/02/2025";"2300";"24,2";"24,5";"23,9";"90,0";"91,0";"89,0";"22,5";"22,6";"22,3";"1004,8";"1004,9";"1003,9";"0,9";"232,0";"2,5";"";"0,0"
"26/02/2025";"0000";"23,6";"24,4";"23,6";"93,0";"93,0";"89,0";"22,5";"22,5";"22,3";"1005,3";"1005,3";"1004,8";"0,5";"2,0";"2,5";"";"0,0"
"26/02/2025";"0100";"23,2";"23,6";"23,2";"93,0";"94,0";"93,0";"22,1";"22,5";"22,1";"1005,5";"1005,6";"1005,2";"0,3";"87,0";"1,9";"";"0,0"
"26/02/2025";"0200";"22,8";"23,3";"22,8";"94,0";"94,0";"93,0";"21,8";"22,1";"21,7";"1006,0";"1006,1";"1005,5";"1,1";"46,0";"1,7";"";"0,0"
"26/02/2025";"0300";"22,7";"23,1";"22,6";"94,0";"94,0";"93,0";"21,6";"22,0";"21,5";"1006,0";"1006,2";"1005,8";"2,3";"183,0";"4,0";"";"0,0"
"26/02/2025";"0400";"22,3";"22,8";"22,3";"93,0";"94,0";"93,0";"21,1";"21,7";"21,1";"1005,8";"1006,1";"1005,4";"1,2";"256,0";"4,0";"";"0,0"
"26/02/2025";"0500";"22,1";"22,5";"21,9";"95,0";"95,0";"93,0";"21,2";"21,4";"20,9";"1005,3";"1005,9";"1005,3";"1,2";"50,0";"2,7";"";"0,0"
"26/02/2025";"0600";"21,8";"22,2";"21,7";"95,0";"95,0";"94,0";"21,0";"21,2";"20,8";"1005,3";"1005,4";"1005,1";"0,6";"7,0";"2,6";"";"0,0"
"26/02/2025";"0700";"21,7";"21,8";"21,5";"95,0";"95,0";"95,0";"20,9";"21,0";"20,7";"1004,8";"1005,3";"1004,6";"0,4";"251,0";"2,1";"";"0,0"
"26/02/2025";"0800";"21,3";"21,8";"21,3";"95,0";"95,0";"95,0";"20,5";"20,9";"20,5";"1004,8";"1005,1";"1004,8";"1,0";"131,0";"2,7";"";"0,0"
"26/02/2025";"0900";"21,2";"21,4";"21,1";"95,0";"95,0";"95,0";"20,5";"20,6";"20,4";"1005,1";"1005,2";"1004,7";"0,6";"237,0";"2,3";"";"0,0"
"26/02/2025";"1000";"22,5";"22,5";"21,2";"95,0";"96,0";"95,0";"21,7";"21,7";"20,4";"1005,8";"1005,8";"1005,0";"0,5";"266,0";"2,9";"66,80";"0,2"
"26/02/2025";"1100";"25,1";"25,2";"22,5";"88,0";"95,0";"88,0";"22,9";"23,2";"21,6";"1006,1";"1006,2";"1005,8";"1,8";"207,0";"3,6";"660,10";"0,0"
"26/02/2025";"1200";"29,3";"29,3";"25,1";"66,0";"88,0";"66,0";"22,3";"23,6";"22,1";"1006,4";"1006,4";"1006,0";"2,6";"357,0";"7,2";"1520,90";"0,0"
"26/02/2025";"1300";"30,5";"30,5";"29,2";"61,0";"68,0";"60,0";"22,0";"23,0";"21,6";"1006,2";"1006,4";"1006,2";"4,2";"349,0";"7,2";"2121,40";"0,0"
"26/02/2025";"1400";"31,8";"32,0";"30,5";"57,0";"63,0";"55,0";"22,2";"23,2";"21,5";"1005,9";"1006,3";"1005,8";"5,2";"356,0";"9,5";"2721,70";"0,0"
"26/02/2025";"1500";"33,4";"33,4";"31,8";"55,0";"58,0";"52,0";"23,2";"23,6";"21,7";"1005,5";"1005,9";"1005,5";"4,2";"346,0";"9,5";"3098,80";"0,0"
"26/02/2025";"1600";"34,7";"34,7";"33,2";"52,0";"56,0";"49,0";"23,3";"24,1";"22,0";"1004,9";"1005,5";"1004,9";"4,2";"337,0";"8,5";"3285,10";"0,0"
"26/02/2025";"1700";"35,5";"36,2";"34,5";"45,0";"53,0";"43,0";"21,9";"23,6";"21,1";"1003,9";"1004,9";"1003,9";"2,5";"331,0";"8,4";"3178,00";"0,0"
"26/02/2025";"1800";"35,1";"36,5";"34,8";"43,0";"49,0";"39,0";"20,5";"23,3";"19,9";"1002,8";"1003,9";"1002,8";"1,4";"197,0";"5,8";"2349,60";"0,0"
"26/02/2025";"1900";"35,6";"36,5";"34,1";"50,0";"53,0";"43,0";"23,7";"24,3";"21,0";"1002,1";"1002,8";"1002,1";"3,4";"211,0";"6,6";"1488,40";"0,0"
"26/02/2025";"2000";"26,3";"35,7";"26,3";"75,0";"75,0";"48,0";"21,5";"23,5";"20,5";"1002,8";"1003,1";"1001,8";"10,5";"277,0";"18,2";"1080,90";"0,0"
"26/02/2025";"2100";"22,5";"26,3";"22,5";"91,0";"91,0";"75,0";"20,9";"22,3";"20,9";"1006,4";"1006,4";"1002,8";"2,0";"149,0";"18,9";"64,70";"3,4"
"26/02/2025";"2200";"22,3";"22,6";"22,2";"94,0";"94,0";"91,0";"21,3";"21,5";"20,8";"1008,4";"1008,5";"1006,4";"1,4";"331,0";"6,3";"1,00";"9,2"
"26/02/2025";"2300";"22,3";"22,5";"22,2";"95,0";"95,0";"94,0";"21,4";"21,6";"21,3";"1008,1";"1008,8";"1008,1";"3,1";"113,0";"5,5";"";"2,8"
"27/02/2025";"0000";"22,7";"22,7";"22,3";"94,0";"95,0";"94,0";"21,8";"21,8";"21,4";"1007,1";"1008,2";"1007,1";"3,0";"113,0";"5,5";"";"0,8"
"27/02/2025";"0100";"23,3";"23,7";"22,7";"91,0";"94,0";"89,0";"21,7";"22,1";"21,7";"1006,0";"1007,2";"1006,0";"1,1";"50,0";"6,3";"";"0,0"
"27/02/2025";"0200";"22,9";"23,4";"22,9";"93,0";"93,0";"90,0";"21,7";"21,8";"21,5";"1006,3";"1006,7";"1006,0";"1,5";"128,0";"5,4";"";"0,0"
"27/02/2025";"0300";"22,7";"23,1";"22,6";"94,0";"94,0";"93,0";"21,7";"22,0";"21,6";"1005,8";"1006,3";"1005,7";"0,8";"187,0";"2,3";"";"0,0"
"27/02/2025";"0400";"22,6";"22,9";"22,6";"94,0";"95,0";"94,0";"21,5";"22,0";"21,5";"1005,6";"1005,8";"1005,4";"1,1";"282,0";"3,0";"";"0,0"
"27/02/2025";"0500";"22,4";"22,7";"22,3";"95,0";"95,0";"94,0";"21,5";"21,7";"21,4";"1005,3";"1005,6";"1005,2";"1,9";"62,0";"2,6";"";"0,0"
"27/02/2025";"0600";"22,3";"22,4";"22,3";"95,0";"95,0";"95,0";"21,5";"21,5";"21,4";"1005,5";"1005,5";"1005,2";"1,8";"116,0";"3,0";"";"0,0"
"27/02/2025";"0700";"22,7";"22,7";"22,3";"94,0";"95,0";"94,0";"21,8";"21,8";"21,5";"1005,7";"1005,8";"1005,5";"1,7";"114,0";"3,5";"";"0,0"
"27/02/2025";"0800";"22,5";"22,7";"22,5";"94,0";"94,0";"94,0";"21,6";"21,7";"21,6";"1005,9";"1005,9";"1005,6";"1,8";"124,0";"3,6";"";"0,0"
"27/02/2025";"0900";"22,4";"22,6";"22,3";"94,0";"95,0";"94,0";"21,4";"21,7";"21,4";"1005,7";"1006,1";"1005,7";"1,4";"128,0";"2,8";"";"0,0"
"27/02/2025";"1000";"23,2";"23,2";"22,2";"93,0";"95,0";"93,0";"22,0";"22,2";"21,3";"1005,7";"1005,9";"1005,7";"0,7";"126,0";"3,3";"82,20";"0,0"
"27/02/2025";"1100";"25,4";"25,5";"23,1";"84,0";"93,0";"83,0";"22,6";"23,0";"21,9";"1005,9";"1005,9";"1005,6";"0,9";"151,0";"2,2";"644,00";"0,0"
"27/02/2025";"1200";"26,2";"27,5";"25,5";"82,0";"84,0";"76,0";"23,0";"23,5";"22,0";"1006,0";"1006,0";"1005,9";"2,0";"328,0";"2,9";"1513,10";"0,0"
"27/02/2025";"1300";"28,0";"28,1";"26,2";"73,0";"83,0";"73,0";"22,7";"23,8";"22,5";"1006,8";"1006,8";"1006,0";"1,3";"273,0";"3,6";"2277,90";"0,0"
"27/02/2025";"1400";"28,4";"29,0";"27,9";"73,0";"76,0";"69,0";"23,2";"23,8";"22,4";"1006,7";"1006,9";"1006,7";"2,6";"250,0";"5,3";"2050,80";"0,0"
"27/02/2025";"1500";"31,1";"31,1";"28,4";"68,0";"75,0";"63,0";"24,4";"24,4";"22,3";"1006,3";"1006,7";"1006,3";"1,1";"266,0";"4,1";"2282,50";"0,0"
"27/02/2025";"1600";"30,4";"31,3";"29,7";"67,0";"69,0";"60,0";"23,5";"24,0";"22,6";"1005,9";"1006,3";"1005,9";"2,2";"209,0";"5,1";"2396,80";"0,0"
"27/02/2025";"1700";"32,4";"32,7";"30,3";"56,0";"68,0";"56,0";"22,5";"24,8";"22,2";"1004,9";"1005,9";"1004,9";"1,8";"200,0";"5,1";"3403,00";"0,0"
"27/02/2025";"1800";"31,9";"33,1";"31,4";"59,0";"62,0";"52,0";"22,9";"23,9";"21,4";"1003,7";"1004,9";"1003,7";"1,5";"209,0";"5,7";"2600,60";"0,0"
"27/02/2025";"1900";"32,6";"33,4";"31,4";"53,0";"61,0";"52,0";"21,8";"23,6";"21,7";"1003,0";"1003,8";"1002,9";"2,9";"173,0";"6,3";"2069,50";"0,0"
"27/02/2025";"2000";"30,7";"33,0";"30,7";"60,0";"61,0";"52,0";"22,2";"23,8";"21,3";"1003,4";"1003,4";"1002,9";"2,4";"165,0";"5,6";"1351,00";"0,0"
"27/02/2025";"2100";"29,9";"31,1";"29,9";"69,0";"70,0";"60,0";"23,5";"23,9";"22,3";"1003,8";"1003,8";"1003,1";"1,1";"147,0";"4,0";"426,10";"0,0"
"27/02/2025";"2200";"28,4";"29,9";"28,4";"78,0";"78,0";"68,0";"24,1";"24,2";"23,2";"1004,0";"1004,0";"1003,5";"1,0";"128,0";"3,3";"51,90";"0,0"
"27/02/2025";"2300";"24,8";"28,4";"24,8";"92,0";"92,0";"78,0";"23,4";"24,6";"23,0";"1004,9";"1004,9";"1004,0";"3,3";"315,0";"13,4";"";"5,0"
"28/02/2025";"0000";"25,0";"25,1";"24,8";"92,0";"93,0";"91,0";"23,6";"23,8";"23,4";"1005,1";"1005,3";"1004,9";"0,8";"323,0";"13,4";"";"1,4"
"28/02/2025";"0100";"24,8";"25,1";"24,8";"94,0";"94,0";"92,0";"23,7";"23,9";"23,6";"1005,4";"1005,4";"1005,0";"1,9";"247,0";"3,4";"";"0,2"
"28/02/2025";"0200";"24,4";"24,9";"24,4";"94,0";"94,0";"92,0";"23,3";"23,7";"23,2";"1005,5";"1005,5";"1005,2";"1,1";"304,0";"2,9";"";"0,0"
"28/02/2025";"0300";"24,0";"24,5";"23,9";"93,0";"94,0";"93,0";"22,9";"23,4";"22,8";"1004,7";"1005,5";"1004,7";"1,1";"259,0";"2,4";"";"0,0"
"28/02/2025";"0400";"23,7";"24,1";"23,4";"94,0";"94,0";"93,0";"22,5";"23,0";"22,5";"1004,6";"1004,7";"1004,6";"1,6";"295,0";"2,5";"";"0,0"
"28/02/2025";"0500";"23,3";"23,8";"23,2";"94,0";"94,0";"91,0";"22,2";"22,5";"22,1";"1004,1";"1004,7";"1004,1";"1,1";"103,0";"2,5";"";"0,0"
"28/02/2025";"0600";"23,1";"23,3";"23,1";"95,0";"95,0";"94,0";"22,2";"22,3";"22,2";"1003,8";"1004,1";"1003,7";"0,8";"73,0";"1,8";"";"0,0"
"28/02/2025";"0700";"22,8";"23,1";"22,7";"95,0";"95,0";"95,0";"21,9";"22,2";"21,9";"1003,7";"1003,8";"1003,5";"0,9";"321,0";"1,6";"";"0,0"
"28/02/2025";"0800";"22,9";"22,9";"22,8";"95,0";"95,0";"95,0";"22,0";"22,1";"22,0";"1004,2";"1004,2";"1003,7";"0,3";"105,0";"1,6";"";"0,0"
"28/02/2025";"0900";"22,7";"22,9";"22,6";"95,0";"95,0";"95,0";"21,9";"22,1";"21,7";"1004,7";"1004,7";"1004,2";"0,6";"131,0";"1,5";"";"0,0"
"28/02/2025";"1000";"22,9";"22,9";"22,5";"95,0";"95,0";"95,0";"22,1";"22,1";"21,7";"1005,2";"1005,2";"1004,7";"0,6";"277,0";"1,4";"78,10";"0,0"
"28/02/2025";"1100";"24,1";"24,2";"22,9";"94,0";"95,0";"94,0";"23,0";"23,2";"22,1";"1005,7";"1005,7";"1005,2";"0,7";"259,0";"1,5";"420,30";"0,0"
"28/02/2025";"1200";"27,3";"27,3";"24,2";"80,0";"94,0";"79,0";"23,6";"24,1";"23,1";"1005,9";"1005,9";"1005,7";"2,2";"230,0";"3,5";"1562,40";"0,0"
"28/02/2025";"1300";"29,6";"29,8";"27,3";"66,0";"80,0";"62,0";"22,6";"23,7";"21,4";"1005,8";"1005,9";"1005,8";"2,6";"345,0";"5,6";"2120,10";"0,0"
"28/02/2025";"1400";"30,7";"30,8";"29,6";"62,0";"67,0";"59,0";"22,6";"23,4";"21,7";"1005,6";"1005,8";"1005,6";"3,8";"351,0";"6,5";"2736,00";"0,0"
"28/02/2025";"1500";"32,2";"32,2";"30,7";"61,0";"63,0";"55,0";"23,9";"23,9";"21,8";"1005,2";"1005,6";"1005,1";"3,0";"8,0";"6,5";"3080,00";"0,0"
"28/02/2025";"1600";"33,6";"33,6";"32,0";"55,0";"61,0";"52,0";"23,2";"24,2";"21,9";"1004,6";"1005,2";"1004,6";"1,8";"260,0";"5,5";"3229,60";"0,2"
"28/02/2025";"1700";"34,0";"35,1";"33,3";"52,0";"58,0";"49,0";"22,7";"24,6";"22,1";"1003,9";"1004,6";"1003,9";"1,6";"308,0";"4,0";"3047,30";"0,0"
"28/02/2025";"1800";"34,9";"35,4";"33,8";"46,0";"55,0";"46,0";"21,6";"24,5";"21,6";"1002,2";"1003,9";"1002,2";"2,1";"200,0";"5,1";"2764,60";"0,0"
"28/02/2025";"1900";"31,9";"35,2";"31,9";"62,0";"65,0";"44,0";"23,6";"24,4";"21,0";"1001,6";"1002,3";"1001,5";"0,9";"149,0";"3,6";"637,50";"0,0"
"28/02/2025";"2000";"29,0";"32,0";"29,0";"74,0";"74,0";"60,0";"23,8";"25,0";"23,1";"1002,5";"1002,5";"1001,6";"2,5";"325,0";"7,4";"126,10";"0,0"
"28/02/2025";"2100";"28,3";"29,0";"27,8";"78,0";"81,0";"74,0";"24,1";"24,3";"23,7";"1004,0";"1004,0";"1002,5";"2,0";"358,0";"5,9";"270,20";"0,0"
"28/02/2025";"2200";"26,3";"28,3";"26,3";"82,0";"83,0";"74,0";"22,9";"24,0";"22,5";"1003,7";"1004,3";"1003,7";"0,8";"169,0";"5,6";"19,50";"0,0"
"28/02/2025";"2300";"24,3";"26,4";"24,3";"86,0";"86,0";"80,0";"21,8";"23,1";"21,7";"1004,2";"1004,2";"1003,6";"1,7";"145,0";"3,7";"";"0,0"
"01/03/2025";"0000";"24,0";"24,3";"24,0";"88,0";"89,0";"86,0";"21,9";"22,4";"21,8";"1004,4";"1004,4";"1004,2";"1,7";"128,0";"3,3";"";"0,0"
"01/03/2025";"0100";"23,7";"24,1";"23,5";"88,0";"90,0";"88,0";"21,6";"22,0";"21,5";"1005,4";"1005,4";"1004,4";"1,4";"126,0";"2,9";"";"0,0"
"01/03/2025";"0200";"24,2";"24,6";"23,5";"85,0";"88,0";"84,0";"21,5";"21,9";"21,4";"1005,3";"1005,5";"1005,2";"1,2";"96,0";"3,2";"";"0,0"
"01/03/2025";"0300";"23,6";"24,3";"23,6";"90,0";"90,0";"84,0";"21,9";"21,9";"21,5";"1004,9";"1005,3";"1004,9";"0,7";"322,0";"2,1";"";"0,0"
"01/03/2025";"0400";"23,4";"24,1";"23,4";"91,0";"91,0";"88,0";"21,8";"22,1";"21,7";"1004,3";"1004,9";"1004,3";"0,8";"231,0";"1,9";"";"0,0"
"01/03/2025";"0500";"23,4";"23,5";"23,2";"91,0";"92,0";"90,0";"21,8";"22,0";"21,7";"1004,0";"1004,4";"1004,0";"1,1";"271,0";"2,4";"";"0,0"
"01/03/2025";"0600";"23,7";"23,7";"23,1";"90,0";"92,0";"90,0";"22,0";"22,1";"21,6";"1003,8";"1004,1";"1003,8";"0,8";"176,0";"2,2";"";"0,0"
"01/03/2025";"0700";"25,1";"25,3";"23,6";"80,0";"90,0";"79,0";"21,3";"22,1";"21,1";"1003,4";"1003,8";"1003,3";"2,7";"238,0";"4,0";"";"0,0"
"01/03/2025";"0800";"26,0";"27,0";"24,4";"75,0";"82,0";"73,0";"21,2";"21,9";"21,1";"1003,9";"1003,9";"1003,3";"2,1";"50,0";"4,8";"";"0,0"
"01/03/2025";"0900";"27,2";"27,8";"26,0";"68,0";"75,0";"67,0";"20,9";"21,5";"20,8";"1004,4";"1004,4";"1003,8";"2,9";"34,0";"9,6";"";"0,0"
"01/03/2025";"1000";"27,3";"28,1";"26,2";"68,0";"73,0";"65,0";"20,8";"21,2";"20,7";"1004,9";"1004,9";"1004,2";"2,5";"51,0";"12,5";"54,80";"0,0"
"01/03/2025";"1100";"28,7";"28,8";"27,0";"64,0";"71,0";"62,0";"21,1";"22,0";"20,8";"1005,1";"1005,2";"1004,8";"3,2";"17,0";"9,3";"651,30";"0,0"
"01/03/2025";"1200";"29,6";"29,7";"28,5";"62,0";"66,0";"60,0";"21,4";"21,7";"20,8";"1005,4";"1005,5";"1005,1";"2,8";"356,0";"9,0";"1475,10";"0,0"
"01/03/2025";"1300";"29,5";"30,0";"29,3";"62,0";"65,0";"60,0";"21,6";"22,3";"21,1";"1005,7";"1005,7";"1005,4";"2,7";"349,0";"10,1";"1553,30";"0,0"
"01/03/2025";"1400";"30,2";"30,5";"29,4";"62,0";"65,0";"58,0";"22,1";"22,7";"21,1";"1006,0";"1006,0";"1005,6";"2,9";"338,0";"7,8";"1097,30";"0,0"
"01/03/2025";"1500";"31,2";"31,9";"30,0";"63,0";"65,0";"57,0";"23,5";"24,0";"21,7";"1005,6";"1006,0";"1005,6";"3,5";"338,0";"7,3";"1763,20";"0,0"
"01/03/2025";"1600";"32,4";"32,6";"31,1";"60,0";"66,0";"58,0";"23,7";"24,7";"22,6";"1005,2";"1005,6";"1005,1";"2,4";"3,0";"6,1";"1957,20";"0,0"
"01/03/2025";"1700";"35,0";"35,3";"32,4";"51,0";"62,0";"50,0";"23,5";"25,3";"22,8";"1004,7";"1005,2";"1004,7";"3,2";"315,0";"5,8";"3332,70";"0,0"
"01/03/2025";"1800";"34,4";"35,5";"34,2";"52,0";"57,0";"49,0";"23,3";"24,8";"22,9";"1004,0";"1004,7";"1004,0";"2,7";"337,0";"6,9";"2643,70";"0,0"
"01/03/2025";"1900";"35,0";"35,4";"33,7";"52,0";"58,0";"49,0";"23,7";"25,4";"22,8";"1003,1";"1004,0";"1003,1";"2,7";"345,0";"5,8";"1982,20";"0,0"
"01/03/2025";"2000";"35,9";"36,1";"35,0";"43,0";"54,0";"43,0";"21,5";"24,1";"21,5";"1002,8";"1003,1";"1002,8";"1,4";"290,0";"4,3";"1715,60";"0,0"
"01/03/2025";"2100";"35,4";"36,7";"35,4";"45,0";"48,0";"41,0";"21,5";"22,9";"20,9";"1002,6";"1002,8";"1002,4";"1,1";"216,0";"2,4";"926,10";"0,0"
"01/03/2025";"2200";"30,1";"35,4";"30,1";"70,0";"70,0";"44,0";"24,1";"24,2";"20,9";"1003,1";"1003,2";"1002,6";"2,3";"66,0";"3,5";"39,00";"0,0"
"01/03/2025";"2300";"26,7";"30,9";"26,7";"72,0";"72,0";"66,0";"21,3";"24,3";"21,1";"1006,2";"1006,2";"1003,1";"6,2";"235,0";"17,3";"";"0,0"
"02/03/2025";"0000";"23,3";"26,7";"23,3";"94,0";"94,0";"72,0";"22,2";"22,2";"21,3";"1008,2";"1008,2";"1006,2";"2,6";"223,0";"10,9";"2,30";"19,8"
"02/03/2025";"0100";"23,9";"23,9";"23,2";"94,0";"95,0";"94,0";"22,8";"22,9";"22,3";"1009,3";"1009,3";"1008,1";"3,1";"352,0";"6,3";"";"0,8"
"02/03/2025";"0200";"23,7";"23,9";"23,7";"94,0";"94,0";"93,0";"22,7";"22,8";"22,6";"1008,6";"1009,8";"1008,6";"1,0";"108,0";"5,1";"";"0,4"
"02/03/2025";"0300";"23,8";"23,8";"23,7";"94,0";"94,0";"94,0";"22,8";"22,8";"22,7";"1006,7";"1008,6";"1006,7";"0,9";"167,0";"2,3";"";"0,4"
"02/03/2025";"0400";"23,4";"23,8";"23,3";"94,0";"94,0";"94,0";"22,5";"22,8";"22,4";"1005,3";"1006,7";"1005,3";"1,7";"109,0";"2,5";"";"0,0"
"02/03/2025";"0500";"23,4";"23,5";"23,2";"94,0";"95,0";"94,0";"22,4";"22,5";"22,2";"1005,4";"1005,4";"1005,2";"1,1";"225,0";"4,1";"";"0,0"
"02/03/2025";"0600";"23,1";"23,5";"23,1";"94,0";"94,0";"94,0";"22,1";"22,5";"22,1";"1005,4";"1005,6";"1005,3";"1,4";"65,0";"2,5";"";"0,0"
"02/03/2025";"0700";"23,0";"23,2";"22,7";"95,0";"95,0";"94,0";"22,1";"22,2";"21,8";"1005,4";"1005,7";"1005,4";"0,8";"46,0";"2,3";"";"0,0"
"02/03/2025";"0800";"22,7";"23,0";"22,7";"95,0";"95,0";"95,0";"21,9";"22,1";"21,8";"1005,4";"1005,4";"1005,2";"1,0";"165,0";"1,7";"";"0,0"
"02/03/2025";"0900";"22,5";"22,9";"22,5";"95,0";"95,0";"95,0";"21,7";"22,0";"21,6";"1006,3";"1006,3";"1005,4";"0,6";"101,0";"2,0";"";"0,0"
"02/03/2025";"1000";"23,2";"23,2";"22,4";"95,0";"95,0";"95,0";"22,4";"22,4";"21,5";"1007,4";"1007,4";"1006,3";"0,6";"87,0";"1,1";"78,20";"0,0"
"02/03/2025";"1100";"24,7";"24,7";"23,1";"91,0";"95,0";"90,0";"23,1";"23,6";"22,3";"1008,1";"1008,1";"1007,4";"1,1";"269,0";"2,0";"615,90";"0,0"
"02/03/2025";"1200";"26,8";"26,8";"24,7";"84,0";"91,0";"83,0";"23,8";"24,0";"22,9";"1008,3";"1008,3";"1008,0";"1,4";"240,0";"2,5";"1423,40";"0,0"
"02/03/2025";"1300";"28,1";"28,2";"26,1";"75,0";"84,0";"75,0";"23,3";"24,0";"22,8";"1008,1";"1008,3";"1008,1";"1,4";"322,0";"2,8";"2120,40";"0,0"
"02/03/2025";"1400";"29,9";"30,0";"27,9";"69,0";"77,0";"68,0";"23,5";"24,6";"22,9";"1007,9";"1008,3";"1007,9";"0,7";"257,0";"3,0";"2645,50";"0,0"
"02/03/2025";"1500";"31,5";"31,5";"29,8";"66,0";"71,0";"65,0";"24,5";"25,0";"23,3";"1007,4";"1007,9";"1007,4";"1,6";"243,0";"4,0";"2994,30";"0,2"
"02/03/2025";"1600";"33,3";"33,3";"30,9";"64,0";"71,0";"62,0";"25,6";"26,2";"23,7";"1006,8";"1007,4";"1006,8";"1,9";"288,0";"4,4";"3150,20";"0,0"
"02/03/2025";"1700";"34,0";"34,1";"32,8";"62,0";"65,0";"58,0";"25,7";"25,9";"24,0";"1006,1";"1006,8";"1006,1";"1,5";"265,0";"3,5";"2996,10";"0,0"
"02/03/2025";"1800";"35,1";"35,3";"33,7";"55,0";"63,0";"54,0";"24,6";"26,2";"24,2";"1005,0";"1006,1";"1005,0";"2,0";"233,0";"3,9";"2705,70";"0,0"
"02/03/2025";"1900";"35,0";"35,6";"34,7";"57,0";"60,0";"53,0";"25,3";"26,6";"24,2";"1004,5";"1005,0";"1004,5";"2,5";"215,0";"4,8";"2353,40";"0,0"
"02/03/2025";"2000";"34,7";"35,1";"34,4";"57,0";"60,0";"53,0";"25,0";"25,5";"23,8";"1004,4";"1004,5";"1004,2";"2,4";"171,0";"5,0";"1722,20";"0,0"
"02/03/2025";"2100";"33,6";"35,1";"33,6";"60,0";"61,0";"56,0";"24,6";"25,9";"23,9";"1004,5";"1004,6";"1004,3";"2,4";"160,0";"4,7";"1140,90";"0,0"
"02/03/2025";"2200";"31,2";"33,6";"31,2";"70,0";"70,0";"59,0";"25,0";"25,1";"24,3";"1004,9";"1004,9";"1004,5";"1,2";"147,0";"5,1";"284,20";"0,0"
"02/03/2025";"2300";"29,7";"31,2";"29,7";"74,0";"76,0";"70,0";"24,6";"25,4";"24,6";"1005,7";"1005,7";"1004,9";"2,5";"152,0";"5,7";"";"0,0"
"03/03/2025";"0000";"28,2";"29,7";"28,2";"81,0";"81,0";"74,0";"24,7";"24,8";"24,6";"1006,5";"1006,5";"1005,7";"1,4";"150,0";"5,8";"";"0,0"
"03/03/2025";"0100";"27,4";"28,2";"27,3";"86,0";"86,0";"81,0";"24,9";"24,9";"24,7";"1007,0";"1007,0";"1006,5";"0,9";"151,0";"4,4";"";"0,0"
"03/03/2025";"0200";"27,6";"27,6";"27,1";"86,0";"88,0";"86,0";"25,2";"25,2";"24,8";"1007,3";"1007,3";"1007,0";"1,3";"182,0";"3,0";"";"0,0"
"03/03/2025";"0300";"26,9";"27,9";"26,9";"87,0";"87,0";"84,0";"24,6";"25,1";"24,4";"1007,3";"1007,5";"1007,3";"0,8";"266,0";"2,5";"";"0,0"
"03/03/2025";"0400";"26,2";"27,0";"26,2";"89,0";"90,0";"86,0";"24,2";"24,6";"24,2";"1006,9";"1007,3";"1006,9";"0,8";"92,0";"1,8";"";"0,0"
"03/03/2025";"0500";"25,5";"26,3";"25,5";"93,0";"93,0";"89,0";"24,2";"24,5";"24,2";"1006,7";"1006,9";"1006,6";"1,0";"283,0";"1,6";"";"0,0"
"03/03/2025";"0600";"25,4";"25,6";"25,2";"94,0";"94,0";"93,0";"24,3";"24,3";"24,1";"1006,1";"1006,7";"1006,1";"0,6";"18,0";"1,9";"";"0,0"
"03/03/2025";"0700";"25,0";"25,4";"24,6";"95,0";"95,0";"94,0";"24,1";"24,3";"23,6";"1005,9";"1006,1";"1005,8";"0,8";"222,0";"1,3";"";"0,0"
"03/03/2025";"0800";"24,5";"25,0";"24,3";"95,0";"95,0";"94,0";"23,7";"24,1";"23,4";"1005,8";"1005,9";"1005,7";"0,5";"125,0";"1,6";"";"0,0"
"03/03/2025";"0900";"24,2";"24,6";"24,2";"95,0";"95,0";"95,0";"23,4";"23,8";"23,4";"1006,1";"1006,1";"1005,6";"0,6";"214,0";"1,5";"";"0,0"
"03/03/2025";"1000";"24,9";"24,9";"24,0";"95,0";"95,0";"95,0";"24,0";"24,0";"23,1";"1006,8";"1006,8";"1006,1";"0,5";"109,0";"2,1";"73,60";"0,0"
"03/03/2025";"1100";"26,5";"26,5";"24,8";"90,0";"95,0";"90,0";"24,7";"25,0";"23,9";"1007,2";"1007,2";"1006,8";"0,5";"314,0";"2,4";"620,90";"0,0"
"03/03/2025";"1200";"29,9";"29,9";"26,5";"74,0";"90,0";"73,0";"24,6";"25,5";"24,5";"1007,5";"1007,6";"1007,2";"0,9";"170,0";"2,4";"1412,90";"0,0"
"03/03/2025";"1300";"32,1";"32,6";"29,9";"58,0";"74,0";"55,0";"22,6";"25,2";"22,0";"1007,6";"1007,7";"1007,5";"0,9";"350,0";"2,7";"2088,50";"0,0"
"03/03/2025";"1400";"33,4";"33,5";"32,0";"55,0";"61,0";"51,0";"23,1";"23,9";"21,8";"1007,0";"1007,6";"1007,0";"2,7";"26,0";"4,9";"2527,00";"0,0"
"03/03/2025";"1500";"34,5";"34,9";"33,3";"51,0";"57,0";"49,0";"22,9";"24,5";"22,3";"1006,3";"1007,0";"1006,3";"2,1";"8,0";"4,9";"2898,50";"0,0"
"03/03/2025";"1600";"35,6";"35,8";"34,4";"46,0";"54,0";"44,0";"22,4";"24,3";"21,3";"1005,8";"1006,3";"1005,8";"2,2";"323,0";"5,4";"3119,10";"0,0"
"03/03/2025";"1700";"36,8";"37,0";"35,6";"40,0";"50,0";"39,0";"20,9";"24,0";"20,8";"1005,2";"1005,8";"1005,2";"1,2";"76,0";"4,6";"2970,00";"0,0"
"03/03/2025";"1800";"37,1";"37,3";"36,4";"40,0";"46,0";"38,0";"21,1";"22,9";"20,3";"1004,6";"1005,2";"1004,6";"1,4";"155,0";"3,5";"2792,90";"0,0"
"03/03/2025";"1900";"38,3";"38,4";"36,8";"39,0";"45,0";"34,0";"22,0";"23,3";"19,3";"1004,2";"1004,6";"1004,2";"1,3";"217,0";"3,3";"2388,20";"0,0"
"03/03/2025";"2000";"36,9";"38,4";"36,7";"41,0";"44,0";"33,0";"21,4";"22,5";"19,1";"1004,1";"1004,3";"1004,1";"2,2";"167,0";"4,1";"1601,90";"0,0"
"03/03/2025";"2100";"35,3";"36,9";"35,3";"45,0";"46,0";"40,0";"21,5";"23,0";"20,7";"1004,0";"1004,1";"1003,9";"2,3";"159,0";"4,4";"787,30";"0,0"
"03/03/2025";"2200";"31,0";"35,3";"30,9";"66,0";"67,0";"45,0";"24,0";"24,0";"21,8";"1004,2";"1004,2";"1004,0";"2,0";"84,0";"4,0";"165,00";"0,0"
"03/03/2025";"2300";"29,5";"31,0";"29,3";"72,0";"74,0";"66,0";"23,9";"24,2";"23,9";"1005,2";"1005,2";"1004,1";"1,3";"91,0";"2,9";"";"0,0"
"04/03/2025";"0000";"27,5";"29,5";"27,4";"82,0";"82,0";"72,0";"24,2";"24,3";"23,9";"1006,2";"1006,2";"1005,2";"1,3";"103,0";"2,9";"";"0,0"
"04/03/2025";"0100";"28,0";"28,2";"27,5";"77,0";"82,0";"77,0";"23,7";"24,2";"23,7";"1007,0";"1007,0";"1006,2";"2,0";"123,0";"3,7";"";"0,0"
"04/03/2025";"0200";"27,0";"28,0";"27,0";"82,0";"82,0";"77,0";"23,7";"23,8";"23,6";"1006,9";"1007,2";"1006,9";"1,5";"123,0";"3,1";"";"0,0"
"04/03/2025";"0300";"25,5";"27,0";"25,1";"89,0";"90,0";"82,0";"23,6";"23,7";"23,0";"1006,7";"1007,0";"1006,5";"2,6";"256,0";"4,8";"";"0,0"
"04/03/2025";"0400";"24,9";"25,8";"24,9";"89,0";"89,0";"87,0";"23,0";"23,7";"22,9";"1006,3";"1006,7";"1006,2";"1,5";"302,0";"4,8";"";"0,0"
"04/03/2025";"0500";"24,5";"25,5";"24,4";"90,0";"90,0";"88,0";"22,7";"23,6";"22,6";"1005,0";"1006,3";"1005,0";"2,3";"97,0";"3,3";"";"0,0"
"04/03/2025";"0600";"22,9";"24,5";"22,9";"90,0";"93,0";"90,0";"21,3";"22,7";"21,3";"1004,8";"1005,1";"1004,8";"1,5";"160,0";"3,3";"";"0,0"
"04/03/2025";"0700";"22,8";"23,2";"22,5";"88,0";"91,0";"86,0";"20,8";"21,2";"20,5";"1004,9";"1005,2";"1004,8";"1,1";"26,0";"3,1";"";"0,0"
"04/03/2025";"0800";"22,5";"22,9";"22,0";"91,0";"92,0";"88,0";"21,0";"21,2";"20,5";"1005,3";"1005,3";"1004,9";"1,5";"85,0";"2,2";"";"0,0"
"04/03/2025";"0900";"21,9";"22,6";"21,7";"94,0";"94,0";"91,0";"20,8";"21,1";"20,5";"1005,9";"1005,9";"1005,3";"0,6";"70,0";"2,2";"";"0,0"
"04/03/2025";"1000";"22,0";"22,0";"21,3";"93,0";"94,0";"93,0";"20,8";"20,9";"20,2";"1006,8";"1006,9";"1005,9";"1,3";"224,0";"3,3";"50,60";"0,0"
"04/03/2025";"1100";"26,0";"26,0";"22,0";"79,0";"93,0";"78,0";"22,1";"23,1";"20,9";"1007,1";"1007,1";"1006,8";"1,2";"254,0";"2,9";"490,90";"0,0"
"04/03/2025";"1200";"27,7";"28,0";"26,0";"61,0";"80,0";"61,0";"19,6";"22,6";"19,5";"1007,2";"1007,4";"1007,0";"4,5";"30,0";"9,1";"1436,60";"0,0"
"04/03/2025";"1300";"28,9";"29,0";"27,7";"58,0";"64,0";"57,0";"19,9";"20,8";"19,5";"1007,4";"1007,4";"1007,1";"5,8";"27,0";"9,1";"2218,50";"0,0"
"04/03/2025";"1400";"30,9";"31,0";"28,9";"53,0";"61,0";"53,0";"20,2";"21,6";"19,4";"1006,8";"1007,4";"1006,8";"3,3";"60,0";"8,7";"2751,60";"0,0"
"04/03/2025";"1500";"32,2";"32,2";"30,5";"51,0";"56,0";"49,0";"20,6";"21,5";"19,7";"1006,2";"1006,8";"1006,2";"3,5";"54,0";"6,6";"3105,90";"0,0"
"04/03/2025";"1600";"33,1";"33,2";"31,9";"46,0";"52,0";"43,0";"19,8";"21,2";"18,7";"1005,4";"1006,2";"1005,4";"3,9";"30,0";"6,9";"3297,60";"0,0"
"04/03/2025";"1700";"34,2";"34,6";"33,1";"42,0";"49,0";"41,0";"19,5";"21,2";"18,7";"1004,8";"1005,4";"1004,8";"2,8";"31,0";"6,5";"3158,10";"0,0"
"04/03/2025";"1800";"35,0";"35,2";"34,2";"39,0";"47,0";"38,0";"19,0";"21,4";"18,3";"1003,9";"1004,8";"1003,9";"2,2";"10,0";"6,5";"2817,50";"0,0"
"04/03/2025";"1900";"35,4";"35,7";"34,6";"40,0";"43,0";"35,0";"19,8";"20,4";"17,3";"1003,3";"1003,9";"1003,3";"1,1";"113,0";"5,3";"2442,60";"0,0"
"04/03/2025";"2000";"34,4";"35,8";"34,4";"43,0";"45,0";"34,0";"20,0";"21,3";"17,0";"1003,0";"1003,3";"1003,0";"2,3";"76,0";"5,0";"1699,30";"0,0"
"04/03/2025";"2100";"33,9";"34,5";"33,8";"39,0";"45,0";"37,0";"18,0";"20,3";"17,7";"1002,9";"1003,0";"1002,9";"1,9";"83,0";"4,1";"944,70";"0,0"
"04/03/2025";"2200";"28,9";"34,0";"28,9";"65,0";"65,0";"39,0";"21,6";"21,8";"18,2";"1002,8";"1002,9";"1002,8";"2,0";"71,0";"2,9";"179,20";"0,0"
"04/03/2025";"2300";"27,2";"28,9";"27,2";"71,0";"71,0";"64,0";"21,5";"21,6";"21,0";"1003,5";"1003,5";"1002,8";"2,0";"119,0";"3,0";"";"0,0"
"05/03/2025";"0000";"26,1";"27,2";"26,1";"76,0";"76,0";"71,0";"21,4";"21,6";"21,3";"1004,0";"1004,0";"1003,5";"2,0";"121,0";"3,3";"";"0,0"
"05/03/2025";"0100";"25,3";"26,1";"25,2";"81,0";"81,0";"76,0";"21,7";"21,9";"21,4";"1004,4";"1004,5";"1004,0";"1,4";"94,0";"4,2";"";"0,0"
"05/03/2025";"0200";"24,7";"25,4";"24,3";"84,0";"85,0";"80,0";"21,8";"21,9";"21,6";"1004,9";"1004,9";"1004,4";"1,4";"282,0";"2,4";"";"0,0"
"05/03/2025";"0300";"24,9";"25,4";"24,3";"81,0";"86,0";"80,0";"21,5";"21,9";"21,4";"1005,3";"1005,3";"1004,9";"1,8";"213,0";"2,8";"";"0,0"
"05/03/2025";"0400";"23,2";"24,9";"23,2";"87,0";"89,0";"81,0";"21,0";"21,7";"21,0";"1005,3";"1005,4";"1005,1";"1,1";"153,0";"2,8";"";"0,0"
"05/03/2025";"0500";"23,3";"23,9";"22,9";"89,0";"91,0";"87,0";"21,3";"22,0";"20,9";"1005,1";"1005,3";"1005,1";"0,8";"116,0";"3,9";"";"0,0"
"05/03/2025";"0600";"23,3";"23,4";"22,5";"88,0";"91,0";"88,0";"21,2";"21,5";"20,7";"1004,7";"1005,1";"1004,7";"1,6";"179,0";"2,8";"";"0,0"
"05/03/2025";"0700";"23,5";"23,6";"22,5";"82,0";"89,0";"82,0";"20,4";"21,0";"20,2";"1004,7";"1004,7";"1004,6";"1,5";"241,0";"2,8";"";"0,0"
"05/03/2025";"0800";"24,8";"25,5";"23,2";"71,0";"82,0";"69,0";"19,2";"20,2";"19,0";"1005,2";"1005,3";"1004,7";"1,2";"144,0";"3,4";"";"0,0"
"05/03/2025";"0900";"25,7";"25,8";"24,5";"67,0";"72,0";"66,0";"19,1";"19,4";"18,9";"1005,9";"1006,0";"1005,1";"4,5";"76,0";"9,3";"";"0,0"
"05/03/2025";"1000";"26,0";"26,1";"25,4";"64,0";"67,0";"63,0";"18,5";"19,1";"18,5";"1006,7";"1006,8";"1005,9";"3,5";"91,0";"11,6";"48,70";"0,0"
"05/03/2025";"1100";"26,9";"27,0";"25,7";"60,0";"66,0";"59,0";"18,5";"19,2";"18,2";"1007,1";"1007,2";"1006,7";"5,9";"35,0";"12,0";"598,10";"0,0"
"05/03/2025";"1200";"27,8";"27,9";"26,8";"55,0";"60,0";"55,0";"18,0";"18,7";"18,0";"1007,1";"1007,2";"1006,9";"7,2";"17,0";"13,8";"1499,30";"0,0"
"05/03/2025";"1300";"29,5";"29,5";"27,8";"48,0";"58,0";"48,0";"17,3";"19,2";"17,3";"1007,1";"1007,3";"1007,0";"5,1";"31,0";"10,8";"2220,00";"0,0"
"05/03/2025";"1400";"31,5";"31,9";"29,4";"44,0";"51,0";"43,0";"17,7";"19,4";"17,1";"1006,9";"1007,3";"1006,8";"2,8";"14,0";"10,8";"2704,20";"0,0"
"05/03/2025";"1500";"32,6";"32,7";"31,5";"40,0";"47,0";"39,0";"17,3";"19,1";"16,5";"1006,0";"1006,9";"1006,0";"4,7";"22,0";"8,2";"3093,40";"0,0"
"05/03/2025";"1600";"34,2";"34,6";"32,5";"35,0";"44,0";"35,0";"16,7";"19,4";"16,7";"1005,3";"1006,0";"1005,3";"2,4";"22,0";"8,1";"3270,80";"0,0"
"05/03/2025";"1700";"35,3";"35,3";"34,1";"35,0";"40,0";"32,0";"17,5";"18,6";"16,4";"1004,4";"1005,3";"1004,4";"2,0";"12,0";"6,2";"3105,30";"0,0"
"05/03/2025";"1800";"36,0";"36,1";"35,2";"33,0";"37,0";"30,0";"17,3";"18,5";"15,3";"1003,8";"1004,4";"1003,8";"1,1";"90,0";"5,0";"2791,90";"0,0"
"05/03/2025";"1900";"36,9";"36,9";"35,9";"33,0";"35,0";"29,0";"18,0";"18,0";"15,4";"1003,2";"1003,8";"1003,2";"0,6";"128,0";"3,1";"2333,80";"0,0"
"05/03/2025";"2000";"35,9";"37,2";"35,7";"35,0";"38,0";"28,0";"17,8";"18,7";"15,3";"1003,1";"1003,2";"1003,1";"1,2";"147,0";"3,8";"1645,50";"0,0"
"05/03/2025";"2100";"34,3";"36,0";"34,3";"39,0";"43,0";"31,0";"18,6";"20,5";"16,3";"1003,0";"1003,1";"1003,0";"1,0";"137,0";"2,6";"924,30";"0,0"
"05/03/2025";"2200";"29,1";"34,3";"29,1";"60,0";"60,0";"37,0";"20,6";"20,8";"17,4";"1003,4";"1003,4";"1003,0";"1,8";"90,0";"2,9";"183,60";"0,0"
"05/03/2025";"2300";"27,1";"29,1";"27,1";"67,0";"69,0";"60,0";"20,4";"21,0";"20,3";"1004,2";"1004,2";"1003,4";"1,8";"132,0";"3,0";"";"0,0"
"06/03/2025";"0000";"25,7";"27,1";"25,4";"74,0";"75,0";"67,0";"20,6";"20,6";"20,2";"1004,8";"1004,8";"1004,2";"1,7";"138,0";"3,2";"";"0,0"
"06/03/2025";"0100";"26,2";"26,3";"25,3";"69,0";"75,0";"69,0";"20,1";"20,6";"20,0";"1005,5";"1005,5";"1004,8";"2,4";"115,0";"3,9";"";"0,0"
"06/03/2025";"0200";"25,5";"26,2";"24,8";"72,0";"76,0";"69,0";"20,1";"20,4";"20,0";"1005,9";"1005,9";"1005,4";"1,1";"168,0";"3,5";"";"0,0"
"06/03/2025";"0300";"24,3";"25,5";"24,1";"78,0";"78,0";"72,0";"20,1";"20,3";"19,9";"1006,5";"1006,5";"1005,9";"1,0";"160,0";"3,1";"";"0,0"
"06/03/2025";"0400";"23,0";"24,3";"22,6";"85,0";"86,0";"78,0";"20,3";"20,7";"20,0";"1006,4";"1006,6";"1006,3";"1,6";"86,0";"4,0";"";"0,0"
"06/03/2025";"0500";"23,0";"23,5";"22,5";"84,0";"86,0";"83,0";"20,1";"20,6";"20,0";"1006,1";"1006,5";"1006,1";"1,0";"203,0";"3,3";"";"0,0"
"06/03/2025";"0600";"23,6";"24,8";"22,5";"79,0";"86,0";"75,0";"19,7";"20,7";"19,6";"1006,1";"1006,3";"1006,0";"1,8";"137,0";"4,1";"";"0,0"
"06/03/2025";"0700";"24,4";"24,6";"22,5";"75,0";"84,0";"75,0";"19,7";"20,1";"19,4";"1006,3";"1006,5";"1006,0";"1,9";"234,0";"3,7";"";"0,0"
"06/03/2025";"0800";"24,8";"26,2";"23,2";"69,0";"78,0";"65,0";"18,6";"19,6";"18,4";"1007,0";"1007,0";"1006,3";"1,6";"304,0";"3,3";"";"0,0"
"06/03/2025";"0900";"25,6";"26,1";"24,8";"64,0";"68,0";"62,0";"18,4";"18,6";"18,1";"1007,5";"1007,5";"1006,9";"1,3";"327,0";"6,4";"";"0,0"
"06/03/2025";"1000";"25,4";"26,1";"25,0";"67,0";"68,0";"64,0";"18,8";"18,9";"18,3";"1008,4";"1008,4";"1007,3";"1,7";"176,0";"7,0";"37,40";"0,0"
"06/03/2025";"1100";"26,5";"26,5";"25,3";"63,0";"70,0";"61,0";"18,8";"19,5";"18,2";"1009,1";"1009,2";"1008,4";"2,2";"33,0";"5,0";"349,80";"0,0"
"06/03/2025";"1200";"27,0";"27,6";"26,4";"61,0";"63,0";"57,0";"18,8";"19,3";"18,2";"1009,3";"1009,3";"1009,1";"1,5";"280,0";"5,5";"890,20";"0,0"
"06/03/2025";"1300";"29,9";"30,2";"27,0";"52,0";"61,0";"49,0";"18,9";"20,1";"17,7";"1009,5";"1009,5";"1009,3";"1,9";"308,0";"6,7";"2167,20";"0,0"
"06/03/2025";"1400";"31,9";"31,9";"29,8";"51,0";"54,0";"46,0";"20,6";"20,6";"17,9";"1009,3";"1009,6";"1009,3";"2,3";"42,0";"6,8";"2689,10";"0,0"
"06/03/2025";"1500";"33,0";"33,0";"31,2";"45,0";"51,0";"45,0";"19,5";"20,5";"18,8";"1009,1";"1009,3";"1009,0";"2,9";"17,0";"6,7";"3124,60";"0,0"
"06/03/2025";"1600";"33,9";"34,4";"32,7";"43,0";"48,0";"42,0";"19,8";"21,0";"18,8";"1008,8";"1009,1";"1008,8";"2,4";"80,0";"5,6";"3285,40";"0,0"
"06/03/2025";"1700";"35,1";"35,4";"34,0";"40,0";"45,0";"39,0";"19,3";"21,0";"18,8";"1008,1";"1008,8";"1008,1";"2,4";"11,0";"8,2";"3049,30";"0,0"
"06/03/2025";"1800";"35,0";"35,7";"34,4";"41,0";"45,0";"38,0";"19,7";"20,8";"18,2";"1007,4";"1008,1";"1007,4";"2,3";"142,0";"4,4";"2474,00";"0,0"
"06/03/2025";"1900";"35,5";"35,7";"34,9";"36,0";"42,0";"36,0";"18,3";"20,5";"18,1";"1007,0";"1007,4";"1007,0";"1,5";"149,0";"4,6";"2423,00";"0,0"
"06/03/2025";"2000";"35,2";"35,8";"34,9";"40,0";"42,0";"34,0";"19,4";"20,3";"16,9";"1007,0";"1007,0";"1006,9";"1,4";"147,0";"4,1";"1729,00";"0,0"
"06/03/2025";"2100";"32,3";"35,3";"32,3";"54,0";"54,0";"37,0";"21,8";"21,9";"18,1";"1007,3";"1007,3";"1007,0";"1,4";"150,0";"5,1";"760,30";"0,0"
"06/03/2025";"2200";"29,5";"32,3";"29,3";"65,0";"66,0";"54,0";"22,3";"22,5";"21,8";"1007,5";"1007,5";"1007,3";"2,0";"114,0";"4,2";"176,10";"0,0"
"06/03/2025";"2300";"27,8";"29,9";"27,8";"73,0";"73,0";"63,0";"22,5";"22,5";"22,1";"1007,7";"1007,7";"1007,5";"1,3";"136,0";"3,0";"";"0,0"
"07/03/2025";"0000";"26,7";"27,8";"26,6";"78,0";"79,0";"73,0";"22,6";"23,0";"22,6";"1008,5";"1008,5";"1007,7";"2,5";"114,0";"3,6";"";"0,0"
"07/03/2025";"0100";"25,9";"26,7";"25,9";"78,0";"78,0";"74,0";"21,7";"22,6";"21,6";"1009,0";"1009,0";"1008,5";"2,2";"121,0";"4,3";"";"0,0"
"07/03/2025";"0200";"25,5";"26,0";"25,3";"79,0";"81,0";"77,0";"21,5";"21,8";"21,5";"1009,1";"1009,2";"1009,0";"0,7";"74,0";"3,7";"";"0,0"
"07/03/2025";"0300";"25,5";"25,8";"24,8";"78,0";"81,0";"76,0";"21,5";"21,6";"21,2";"1009,1";"1009,3";"1009,0";"2,7";"304,0";"4,2";"";"0,0"
"07/03/2025";"0400";"23,5";"25,6";"23,5";"87,0";"87,0";"78,0";"21,1";"21,5";"21,0";"1008,8";"1009,2";"1008,8";"1,6";"88,0";"4,2";"";"0,0"
"07/03/2025";"0500";"23,1";"24,1";"23,1";"87,0";"87,0";"84,0";"20,9";"21,7";"20,7";"1008,6";"1008,8";"1008,6";"1,3";"128,0";"2,7";"";"0,0"
"07/03/2025";"0600";"23,2";"23,9";"22,9";"87,0";"89,0";"84,0";"20,9";"21,6";"20,5";"1008,2";"1008,6";"1008,2";"1,1";"170,0";"3,0";"";"0,0"
"07/03/2025";"0700";"25,4";"25,6";"22,8";"70,0";"87,0";"70,0";"19,4";"21,0";"19,4";"1008,7";"1008,7";"1008,2";"1,9";"238,0";"3,8";"";"0,0"
"07/03/2025";"0800";"24,7";"25,4";"23,9";"69,0";"74,0";"65,0";"18,6";"19,4";"18,3";"1008,7";"1008,9";"1008,7";"1,1";"79,0";"3,8";"";"0,0"
"07/03/2025";"0900";"24,8";"26,1";"23,9";"62,0";"69,0";"61,0";"17,1";"18,6";"17,1";"1009,3";"1009,3";"1008,6";"2,6";"204,0";"4,0";"";"0,0"
"07/03/2025";"1000";"24,0";"25,5";"23,9";"65,0";"65,0";"58,0";"17,0";"17,2";"16,4";"1010,0";"1010,1";"1009,1";"1,9";"227,0";"5,5";"41,30";"0,0"
"07/03/2025";"1100";"27,0";"27,1";"24,0";"52,0";"70,0";"49,0";"16,4";"18,7";"15,3";"1010,3";"1010,4";"1010,0";"1,7";"101,0";"4,6";"491,80";"0,0"
"07/03/2025";"1200";"27,8";"28,2";"26,9";"50,0";"53,0";"43,0";"16,6";"17,4";"13,9";"1010,3";"1010,3";"1010,1";"3,5";"7,0";"7,1";"1456,30";"0,0"
"07/03/2025";"1300";"29,0";"29,2";"27,6";"48,0";"54,0";"46,0";"16,8";"17,6";"16,3";"1010,6";"1010,6";"1010,3";"4,1";"16,0";"10,3";"2231,00";"0,0"
"07/03/2025";"1400";"30,7";"30,9";"29,0";"46,0";"50,0";"43,0";"17,8";"18,6";"16,1";"1010,3";"1010,6";"1010,2";"3,3";"24,0";"9,9";"2734,20";"0,0"
"07/03/2025";"1500";"32,3";"32,6";"30,7";"44,0";"49,0";"43,0";"18,5";"19,5";"17,3";"1009,8";"1010,3";"1009,8";"3,9";"24,0";"7,4";"3057,70";"0,0"
"07/03/2025";"1600";"33,6";"33,6";"32,2";"41,0";"46,0";"40,0";"18,7";"19,5";"17,8";"1008,8";"1009,8";"1008,8";"3,2";"50,0";"7,8";"3285,80";"0,0"
"07/03/2025";"1700";"35,1";"35,2";"33,3";"37,0";"43,0";"37,0";"18,4";"19,7";"17,8";"1008,0";"1008,8";"1008,0";"2,3";"29,0";"8,0";"3138,70";"0,0"
"07/03/2025";"1800";"35,9";"36,1";"34,6";"37,0";"42,0";"35,0";"19,0";"20,1";"17,4";"1006,9";"1008,0";"1006,9";"2,9";"51,0";"6,7";"2777,60";"0,0"
"07/03/2025";"1900";"35,8";"36,2";"35,6";"36,0";"39,0";"34,0";"18,4";"19,5";"17,6";"1006,2";"1006,9";"1006,2";"2,2";"88,0";"5,7";"2354,30";"0,0"
"07/03/2025";"2000";"35,9";"36,6";"35,6";"34,0";"38,0";"33,0";"17,5";"19,5";"17,1";"1005,6";"1006,2";"1005,6";"1,6";"66,0";"6,0";"1667,40";"0,0"
"07/03/2025";"2100";"34,8";"35,9";"34,7";"34,0";"37,0";"32,0";"16,7";"18,0";"16,2";"1005,4";"1005,6";"1005,4";"1,9";"85,0";"4,5";"876,90";"0,0"
"07/03/2025";"2200";"30,2";"34,9";"30,2";"56,0";"56,0";"34,0";"20,6";"20,6";"16,7";"1005,5";"1005,5";"1005,4";"2,4";"70,0";"3,8";"151,10";"0,0"
"07/03/2025";"2300";"28,6";"30,2";"28,0";"64,0";"65,0";"57,0";"21,1";"21,2";"20,3";"1006,1";"1006,1";"1005,5";"2,1";"137,0";"3,6";"";"0,0"
"08/03/2025";"0000";"27,6";"28,9";"27,3";"69,0";"70,0";"62,0";"21,3";"21,5";"20,9";"1006,3";"1006,4";"1006,1";"2,1";"176,0";"3,6";"";"0,0"
"08/03/2025";"0100";"28,1";"28,2";"26,6";"66,0";"72,0";"65,0";"21,0";"21,4";"20,6";"1006,4";"1006,7";"1006,3";"0,7";"275,0";"2,9";"";"0,0"
"08/03/2025";"0200";"26,8";"28,6";"25,6";"72,0";"76,0";"63,0";"21,4";"21,4";"20,5";"1006,3";"1006,5";"1006,2";"2,5";"239,0";"5,0";"";"0,0"
"08/03/2025";"0300";"25,5";"26,8";"25,1";"76,0";"78,0";"72,0";"20,9";"21,4";"20,6";"1006,3";"1006,4";"1006,2";"1,2";"290,0";"5,0";"";"0,0"
"08/03/2025";"0400";"26,2";"28,5";"25,2";"71,0";"77,0";"60,0";"20,6";"21,0";"19,8";"1006,2";"1006,3";"1006,1";"1,4";"24,0";"3,4";"";"0,0"
"08/03/2025";"0500";"27,5";"28,5";"24,5";"59,0";"79,0";"54,0";"18,7";"20,9";"18,3";"1006,0";"1006,2";"1006,0";"1,5";"76,0";"4,0";"";"0,0"
"08/03/2025";"0600";"27,3";"28,8";"26,9";"61,0";"63,0";"55,0";"19,2";"19,2";"18,5";"1005,8";"1006,2";"1005,8";"2,3";"28,0";"6,1";"";"0,0"
"08/03/2025";"0700";"26,3";"27,9";"26,0";"66,0";"66,0";"59,0";"19,4";"19,4";"19,0";"1006,0";"1006,0";"1005,7";"1,4";"29,0";"6,0";"";"0,0"
"08/03/2025";"0800";"27,1";"27,1";"25,8";"63,0";"68,0";"62,0";"19,3";"19,6";"19,2";"1006,1";"1006,2";"1005,9";"1,7";"353,0";"7,6";"";"0,0"
"08/03/2025";"0900";"26,9";"27,4";"25,9";"62,0";"66,0";"61,0";"19,0";"19,5";"19,0";"1006,5";"1006,5";"1006,0";"2,5";"86,0";"7,0";"";"0,0"
"08/03/2025";"1000";"27,5";"27,6";"26,0";"60,0";"67,0";"59,0";"19,1";"19,3";"18,9";"1006,7";"1006,8";"1006,3";"2,1";"173,0";"8,9";"35,70";"0,0"
"08/03/2025";"1100";"28,3";"28,5";"26,9";"58,0";"64,0";"57,0";"19,4";"20,6";"18,9";"1007,0";"1007,2";"1006,7";"2,5";"264,0";"8,9";"483,70";"0,0"
"08/03/2025";"1200";"29,3";"29,5";"28,1";"55,0";"60,0";"54,0";"19,2";"20,1";"19,0";"1007,2";"1007,4";"1006,8";"3,8";"37,0";"13,6";"1446,20";"0,0"
"08/03/2025";"1300";"30,8";"30,9";"29,3";"51,0";"57,0";"50,0";"19,4";"20,3";"19,1";"1006,9";"1007,2";"1006,9";"2,5";"12,0";"9,2";"2133,00";"0,0"
"08/03/2025";"1400";"32,3";"32,7";"30,8";"49,0";"53,0";"47,0";"20,2";"20,9";"18,9";"1006,6";"1006,9";"1006,5";"4,5";"356,0";"8,6";"2632,80";"0,0"
"08/03/2025";"1500";"34,1";"34,2";"32,0";"45,0";"50,0";"42,0";"20,5";"20,9";"19,3";"1006,0";"1006,6";"1006,0";"3,2";"6,0";"8,2";"2988,30";"0,0"
"08/03/2025";"1600";"35,3";"35,6";"34,1";"39,0";"45,0";"39,0";"19,4";"20,7";"19,2";"1005,3";"1006,0";"1005,3";"3,4";"323,0";"7,6";"3140,40";"0,0"
"08/03/2025";"1700";"36,0";"36,4";"35,0";"38,0";"43,0";"37,0";"19,6";"20,9";"19,0";"1004,5";"1005,3";"1004,5";"2,7";"336,0";"7,6";"3010,20";"0,0"
"08/03/2025";"1800";"37,4";"37,4";"35,7";"37,0";"41,0";"34,0";"20,2";"21,0";"18,1";"1003,7";"1004,5";"1003,7";"3,2";"268,0";"7,6";"2641,10";"0,0"
"08/03/2025";"1900";"31,1";"37,4";"30,9";"46,0";"46,0";"34,0";"18,3";"19,7";"15,6";"1004,1";"1004,1";"1003,5";"4,7";"273,0";"15,0";"500,10";"0,0"
"08/03/2025";"2000";"30,1";"31,1";"27,2";"70,0";"74,0";"47,0";"24,1";"24,3";"17,7";"1003,6";"1004,1";"1003,3";"2,1";"313,0";"11,5";"851,20";"1,6"
"08/03/2025";"2100";"29,6";"30,4";"29,6";"69,0";"71,0";"60,0";"23,3";"24,3";"21,7";"1002,8";"1003,6";"1002,8";"1,8";"95,0";"4,8";"936,50";"0,0"
"08/03/2025";"2200";"27,4";"29,6";"26,5";"75,0";"84,0";"68,0";"22,6";"23,8";"21,8";"1003,7";"1003,7";"1002,8";"1,7";"259,0";"5,9";"61,60";"0,0"
"08/03/2025";"2300";"26,6";"27,3";"25,7";"77,0";"85,0";"75,0";"22,2";"23,4";"22,2";"1004,1";"1004,1";"1003,7";"2,2";"62,0";"3,5";"";"0,0"
"09/03/2025";"0000";"26,1";"27,5";"25,9";"76,0";"79,0";"71,0";"21,5";"22,2";"21,4";"1004,1";"1004,4";"1004,1";"1,5";"165,0";"3,6";"";"0,0"
"09/03/2025";"0100";"25,5";"26,2";"25,1";"81,0";"81,0";"75,0";"22,0";"22,0";"21,2";"1004,7";"1004,7";"1004,1";"0,5";"319,0";"2,8";"";"0,0"
"09/03/2025";"0200";"24,9";"25,9";"24,9";"82,0";"84,0";"78,0";"21,7";"22,2";"21,7";"1005,6";"1005,6";"1004,7";"2,0";"59,0";"6,5";"";"0,0"
"09/03/2025";"0300";"24,6";"25,9";"24,6";"83,0";"84,0";"77,0";"21,5";"21,9";"21,5";"1005,3";"1005,7";"1005,3";"0,9";"105,0";"3,0";"";"0,0"
"09/03/2025";"0400";"24,2";"25,2";"24,2";"87,0";"87,0";"82,0";"21,9";"22,1";"21,5";"1005,6";"1005,7";"1005,3";"1,2";"40,0";"3,2";"";"0,0"
"09/03/2025";"0500";"23,7";"24,4";"23,7";"88,0";"88,0";"85,0";"21,5";"21,9";"21,5";"1005,5";"1005,7";"1005,4";"0,6";"121,0";"1,6";"";"0,0"
"09/03/2025";"0600";"23,3";"23,8";"23,3";"92,0";"92,0";"88,0";"21,9";"22,0";"21,6";"1005,1";"1005,4";"1005,0";"0,9";"311,0";"1,3";"";"0,0"
"09/03/2025";"0700";"23,3";"23,3";"22,9";"93,0";"93,0";"92,0";"22,1";"22,1";"21,6";"1005,2";"1005,3";"1004,9";"0,9";"356,0";"1,6";"";"0,0"
"09/03/2025";"0800";"23,9";"23,9";"23,3";"91,0";"93,0";"91,0";"22,3";"22,3";"22,1";"1005,4";"1005,4";"1005,2";"0,5";"70,0";"1,8";"";"0,0"
"09/03/2025";"0900";"24,3";"24,3";"23,8";"82,0";"91,0";"82,0";"21,0";"22,3";"21,0";"1006,1";"1006,1";"1005,4";"2,2";"169,0";"4,7";"";"0,0"
"09/03/2025";"1000";"23,7";"24,3";"23,5";"86,0";"86,0";"82,0";"21,2";"21,2";"20,9";"1006,2";"1006,2";"1006,1";"1,1";"160,0";"4,5";"8,40";"0,0"
"09/03/2025";"1100";"23,7";"23,8";"23,4";"87,0";"89,0";"86,0";"21,4";"21,6";"21,2";"1006,7";"1006,7";"1006,2";"1,7";"146,0";"3,7";"44,10";"0,0"
"09/03/2025";"1200";"23,2";"23,7";"23,1";"89,0";"89,0";"87,0";"21,2";"21,5";"21,0";"1007,3";"1007,3";"1006,7";"2,2";"165,0";"6,4";"93,20";"0,0"
"09/03/2025";"1300";"21,9";"23,2";"21,9";"91,0";"91,0";"88,0";"20,3";"21,3";"20,3";"1008,0";"1008,0";"1007,3";"5,0";"175,0";"9,6";"138,40";"0,2"
"09/03/2025";"1400";"20,7";"21,9";"20,7";"91,0";"91,0";"88,0";"19,2";"20,3";"19,2";"1009,5";"1009,5";"1008,0";"4,3";"237,0";"10,5";"178,40";"0,4"
"09/03/2025";"1500";"19,6";"20,7";"19,6";"95,0";"95,0";"91,0";"18,8";"19,1";"18,7";"1009,7";"1010,5";"1009,4";"2,5";"173,0";"8,8";"71,80";"13,8"
"09/03/2025";"1600";"20,0";"20,0";"19,6";"95,0";"95,0";"94,0";"19,1";"19,1";"18,7";"1009,6";"1009,7";"1009,5";"1,4";"128,0";"6,2";"173,60";"5,2"
"09/03/2025";"1700";"20,5";"20,5";"19,9";"93,0";"95,0";"93,0";"19,3";"19,5";"19,1";"1008,9";"1009,6";"1008,9";"2,1";"178,0";"4,1";"391,70";"1,0"
"09/03/2025";"1800";"20,6";"20,8";"20,4";"90,0";"93,0";"90,0";"19,0";"19,5";"18,9";"1009,1";"1009,1";"1008,6";"2,5";"190,0";"6,0";"275,60";"0,2"
"09/03/2025";"1900";"20,3";"20,6";"20,2";"93,0";"93,0";"90,0";"19,1";"19,2";"18,9";"1009,3";"1009,3";"1009,1";"1,8";"213,0";"5,4";"158,70";"1,0"
"09/03/2025";"2000";"19,7";"20,3";"19,7";"93,0";"94,0";"92,0";"18,5";"19,0";"18,5";"1009,7";"1009,7";"1009,3";"1,2";"193,0";"5,8";"146,00";"0,6"
"09/03/2025";"2100";"19,4";"19,9";"19,4";"94,0";"94,0";"93,0";"18,5";"18,8";"18,5";"1009,6";"1009,8";"1009,6";"1,6";"223,0";"3,4";"111,60";"1,2"
"09/03/2025";"2200";"19,3";"19,6";"19,2";"95,0";"95,0";"94,0";"18,5";"18,7";"18,4";"1009,4";"1009,7";"1009,4";"2,6";"68,0";"4,2";"46,20";"0,0"
"09/03/2025";"2300";"19,5";"19,6";"19,3";"94,0";"95,0";"93,0";"18,5";"18,5";"18,3";"1009,9";"1009,9";"1009,4";"2,3";"112,0";"5,4";"";"0,2"
"10/03/2025";"0000";"19,6";"19,7";"19,5";"94,0";"94,0";"93,0";"18,5";"18,6";"18,5";"1010,2";"1010,2";"1009,9";"2,4";"119,0";"4,1";"";"0,0"
"10/03/2025";"0100";"19,6";"19,7";"19,6";"93,0";"94,0";"93,0";"18,4";"18,5";"18,4";"1010,4";"1010,5";"1010,3";"0,9";"143,0";"4,0";"";"0,0"
"10/03/2025";"0200";"19,4";"19,6";"19,3";"93,0";"94,0";"93,0";"18,2";"18,5";"18,2";"1010,3";"1010,5";"1010,2";"2,7";"119,0";"4,3";"";"0,4"
"10/03/2025";"0300";"19,0";"19,4";"19,0";"92,0";"93,0";"91,0";"17,8";"18,2";"17,6";"1010,3";"1010,3";"1010,2";"0,9";"137,0";"4,3";"";"0,0"
"10/03/2025";"0400";"18,9";"19,3";"18,9";"89,0";"93,0";"88,0";"16,9";"18,0";"16,9";"1010,2";"1010,4";"1010,2";"2,6";"156,0";"5,7";"0,50";"0,0"
"10/03/2025";"0500";"18,4";"18,9";"18,4";"90,0";"90,0";"88,0";"16,7";"16,9";"16,6";"1009,5";"1010,2";"1009,5";"1,6";"127,0";"5,5";"";"0,0"
"10/03/2025";"0600";"18,1";"18,4";"18,0";"91,0";"91,0";"89,0";"16,6";"16,8";"16,4";"1009,3";"1009,5";"1009,2";"1,2";"84,0";"3,4";"";"0,0"
"10/03/2025";"0700";"17,9";"18,1";"17,9";"94,0";"94,0";"91,0";"16,9";"17,0";"16,6";"1009,4";"1009,5";"1009,3";"1,2";"355,0";"1,7";"";"0,0"
"10/03/2025";"0800";"18,0";"18,0";"17,8";"94,0";"94,0";"93,0";"16,9";"17,0";"16,7";"1009,5";"1009,6";"1009,4";"0,9";"17,0";"1,8";"";"0,0"
"10/03/2025";"0900";"17,8";"18,1";"17,8";"94,0";"94,0";"94,0";"16,8";"17,0";"16,8";"1009,6";"1009,7";"1009,4";"0,7";"62,0";"1,4";"";"0,0"
"10/03/2025";"1000";"18,3";"18,3";"17,5";"95,0";"95,0";"94,0";"17,4";"17,4";"16,6";"1009,9";"1009,9";"1009,6";"0,5";"138,0";"1,7";"78,70";"0,0"
"10/03/2025";"1100";"19,5";"19,6";"18,3";"88,0";"95,0";"88,0";"17,6";"18,0";"17,4";"1010,3";"1010,3";"1009,9";"0,9";"82,0";"1,8";"598,50";"0,0"
"10/03/2025";"1200";"20,9";"21,3";"19,2";"78,0";"89,0";"78,0";"17,0";"18,3";"17,0";"1010,4";"1010,4";"1010,3";"1,8";"237,0";"3,0";"1025,30";"0,0"
"10/03/2025";"1300";"22,1";"22,9";"20,2";"75,0";"84,0";"71,0";"17,3";"18,8";"16,8";"1010,3";"1010,5";"1010,3";"2,3";"248,0";"3,9";"1547,40";"0,0"
"10/03/2025";"1400";"24,7";"24,7";"22,0";"60,0";"76,0";"60,0";"16,5";"18,4";"15,2";"1009,8";"1010,4";"1009,8";"2,9";"161,0";"6,0";"2087,60";"0,0"
"10/03/2025";"1500";"25,8";"26,1";"23,6";"55,0";"65,0";"53,0";"16,0";"17,7";"14,2";"1009,1";"1009,8";"1009,1";"2,2";"163,0";"6,4";"2926,50";"0,2"
"10/03/2025";"1600";"25,0";"26,2";"24,4";"57,0";"59,0";"52,0";"15,9";"17,0";"14,6";"1008,2";"1009,1";"1008,2";"2,7";"159,0";"6,7";"2693,40";"0,0"
"10/03/2025";"1700";"25,7";"26,4";"24,7";"56,0";"60,0";"51,0";"16,3";"17,0";"14,8";"1007,5";"1008,2";"1007,5";"3,1";"146,0";"6,2";"2335,30";"0,0"
"10/03/2025";"1800";"26,2";"26,5";"25,3";"53,0";"60,0";"52,0";"15,9";"17,5";"15,5";"1006,9";"1007,5";"1006,9";"2,3";"134,0";"6,1";"1898,30";"0,0"
"10/03/2025";"1900";"26,8";"26,8";"25,5";"55,0";"59,0";"51,0";"17,0";"17,5";"15,2";"1006,4";"1006,9";"1006,4";"2,7";"119,0";"6,2";"1952,20";"0,0"
"10/03/2025";"2000";"26,3";"27,1";"26,0";"54,0";"58,0";"51,0";"16,4";"17,5";"15,5";"1006,1";"1006,4";"1006,1";"2,0";"146,0";"5,1";"1770,10";"0,0"
"10/03/2025";"2100";"24,0";"26,7";"24,0";"61,0";"61,0";"53,0";"16,0";"17,1";"15,7";"1005,9";"1006,1";"1005,9";"2,5";"161,0";"4,3";"827,10";"0,0"
"10/03/2025";"2200";"21,4";"24,0";"21,4";"74,0";"74,0";"60,0";"16,7";"16,8";"15,9";"1005,9";"1005,9";"1005,8";"1,2";"128,0";"4,5";"124,00";"0,0"
"10/03/2025";"2300";"20,6";"21,5";"20,6";"79,0";"80,0";"74,0";"16,9";"17,1";"16,7";"1006,2";"1006,2";"1005,9";"0,5";"115,0";"2,4";"";"0,0"
"11/03/2025";"0000";"19,1";"20,7";"19,1";"87,0";"87,0";"79,0";"17,0";"17,0";"16,8";"1006,6";"1006,7";"1006,2";"1,3";"87,0";"1,7";"";"0,0"
"11/03/2025";"0100";"18,3";"19,1";"18,3";"91,0";"91,0";"87,0";"16,7";"17,1";"16,7";"1007,0";"1007,0";"1006,6";"1,3";"111,0";"2,3";"";"0,0"
"11/03/2025";"0200";"18,9";"18,9";"18,1";"87,0";"91,0";"87,0";"16,8";"16,9";"16,5";"1006,9";"1007,0";"1006,9";"0,6";"101,0";"2,2";"";"0,0"
"11/03/2025";"0300";"17,4";"19,2";"17,3";"92,0";"93,0";"85,0";"16,2";"16,8";"15,6";"1006,7";"1006,9";"1006,6";"0,4";"37,0";"1,5";"";"0,0"
"11/03/2025";"0400";"16,7";"17,7";"16,7";"94,0";"94,0";"92,0";"15,8";"16,5";"15,6";"1006,7";"1006,8";"1006,6";"1,0";"90,0";"1,6";"";"0,0"
"11/03/2025";"0500";"16,6";"16,8";"16,4";"95,0";"95,0";"94,0";"15,8";"15,9";"15,5";"1006,4";"1006,7";"1006,4";"0,3";"144,0";"1,9";"";"0,0"
"11/03/2025";"0600";"17,0";"17,1";"16,5";"95,0";"95,0";"95,0";"16,2";"16,3";"15,7";"1006,2";"1006,4";"1006,1";"0,6";"224,0";"1,3";"";"0,0"
"11/03/2025";"0700";"16,7";"17,0";"16,6";"96,0";"96,0";"95,0";"15,9";"16,3";"15,9";"1006,1";"1006,3";"1006,0";"0,5";"89,0";"1,3";"";"0,0"
"11/03/2025";"0800";"16,6";"16,7";"16,5";"96,0";"96,0";"95,0";"15,9";"16,0";"15,8";"1006,5";"1006,5";"1006,1";"0,3";"97,0";"1,3";"";"0,0"
"11/03/2025";"0900";"16,3";"16,6";"16,2";"96,0";"96,0";"96,0";"15,6";"15,9";"15,6";"1007,5";"1007,5";"1006,5";"0,5";"246,0";"1,0";"";"0,0"
"11/03/2025";"1000";"17,3";"17,3";"16,3";"96,0";"96,0";"96,0";"16,7";"16,7";"15,7";"1008,0";"1008,1";"1007,5";"0,6";"232,0";"1,2";"35,30";"0,0"
"11/03/2025";"1100";"17,5";"17,6";"17,1";"96,0";"96,0";"96,0";"16,9";"16,9";"16,5";"1008,9";"1008,9";"1008,0";"1,2";"257,0";"2,2";"219,40";"0,0"
"11/03/2025";"1200";"18,5";"18,5";"17,6";"95,0";"96,0";"95,0";"17,7";"17,8";"17,0";"1009,3";"1009,3";"1008,9";"0,7";"310,0";"2,2";"471,80";"0,0"
"11/03/2025";"1300";"21,2";"21,6";"18,5";"80,0";"95,0";"80,0";"17,6";"19,0";"17,3";"1009,0";"1009,3";"1009,0";"0,6";"318,0";"1,7";"1389,70";"0,0"
"11/03/2025";"1400";"22,7";"22,9";"21,2";"75,0";"82,0";"74,0";"18,1";"18,7";"17,4";"1009,1";"1009,3";"1009,0";"1,6";"249,0";"3,2";"1462,50";"0,0"
"11/03/2025";"1500";"24,8";"25,2";"22,1";"66,0";"78,0";"66,0";"18,1";"19,7";"17,7";"1008,9";"1009,2";"1008,8";"1,5";"210,0";"4,5";"2252,10";"0,0"
"11/03/2025";"1600";"25,7";"26,3";"23,8";"67,0";"74,0";"65,0";"19,2";"20,0";"17,7";"1008,1";"1008,9";"1008,1";"1,7";"238,0";"4,9";"2421,90";"0,0"
"11/03/2025";"1700";"26,2";"27,3";"25,5";"64,0";"68,0";"61,0";"18,7";"20,4";"18,4";"1007,1";"1008,2";"1007,1";"2,7";"223,0";"6,0";"2296,50";"0,0"
"11/03/2025";"1800";"26,0";"26,7";"25,6";"64,0";"68,0";"63,0";"18,7";"19,9";"18,6";"1006,9";"1007,1";"1006,7";"2,5";"180,0";"4,9";"1431,00";"0,0"
"11/03/2025";"1900";"27,3";"27,6";"25,9";"63,0";"68,0";"61,0";"19,7";"20,2";"18,8";"1006,2";"1006,8";"1006,1";"2,5";"149,0";"4,7";"1672,50";"0,0"
"11/03/2025";"2000";"27,1";"27,8";"26,8";"63,0";"65,0";"61,0";"19,4";"20,5";"19,0";"1005,9";"1006,2";"1005,8";"2,0";"116,0";"5,3";"1609,10";"0,0"
"11/03/2025";"2100";"26,3";"27,5";"26,2";"67,0";"68,0";"62,0";"19,6";"20,4";"19,1";"1006,9";"1006,9";"1005,9";"2,4";"151,0";"5,6";"775,60";"0,0"
"11/03/2025";"2200";"23,9";"26,3";"23,9";"79,0";"79,0";"67,0";"20,0";"20,1";"19,5";"1007,4";"1007,4";"1006,8";"0,8";"143,0";"5,6";"130,40";"0,0"
"11/03/2025";"2300";"23,8";"23,9";"23,4";"77,0";"81,0";"77,0";"19,5";"20,0";"19,5";"1007,9";"1007,9";"1007,4";"1,9";"192,0";"4,1";"";"0,0"
"12/03/2025";"0000";"23,5";"24,0";"23,4";"76,0";"77,0";"72,0";"19,0";"19,4";"18,6";"1008,8";"1008,8";"1007,9";"1,7";"117,0";"6,6";"";"0,0"
"12/03/2025";"0100";"23,0";"23,5";"23,0";"79,0";"80,0";"76,0";"19,3";"19,3";"19,0";"1009,4";"1009,5";"1008,8";"1,5";"168,0";"4,2";"";"0,0"
"12/03/2025";"0200";"22,7";"23,0";"22,6";"82,0";"83,0";"79,0";"19,5";"19,6";"19,3";"1009,5";"1009,6";"1009,4";"1,7";"155,0";"3,6";"";"0,0"
"12/03/2025";"0300";"22,3";"22,8";"22,3";"83,0";"83,0";"81,0";"19,3";"19,5";"19,2";"1010,0";"1010,0";"1009,5";"0,9";"157,0";"4,1";"";"0,0"
"12/03/2025";"0400";"21,6";"22,4";"21,3";"85,0";"85,0";"82,0";"19,0";"19,3";"18,7";"1009,5";"1010,0";"1009,4";"1,1";"154,0";"3,2";"";"0,0"
"12/03/2025";"0500";"21,1";"21,6";"21,1";"88,0";"88,0";"85,0";"19,0";"19,1";"18,8";"1009,7";"1009,7";"1009,4";"1,0";"163,0";"2,0";"";"0,0"
"12/03/2025";"0600";"21,1";"21,3";"21,1";"90,0";"90,0";"87,0";"19,4";"19,4";"19,0";"1009,4";"1009,7";"1009,3";"0,7";"69,0";"1,6";"";"0,0"
"12/03/2025";"0700";"21,2";"21,4";"21,1";"91,0";"91,0";"90,0";"19,7";"19,8";"19,4";"1009,2";"1009,5";"1009,2";"0,8";"89,0";"1,4";"0,20";"0,0"
"12/03/2025";"0800";"21,3";"21,4";"21,1";"92,0";"92,0";"90,0";"19,8";"20,0";"19,5";"1009,3";"1009,4";"1009,1";"1,1";"354,0";"1,6";"";"0,0"
"12/03/2025";"0900";"20,9";"21,3";"20,9";"93,0";"93,0";"91,0";"19,8";"19,8";"19,5";"1009,6";"1009,6";"1009,2";"1,0";"298,0";"1,7";"";"0,0"
"12/03/2025";"1000";"21,1";"21,1";"20,9";"93,0";"93,0";"93,0";"19,9";"20,0";"19,8";"1010,1";"1010,1";"1009,6";"1,0";"322,0";"2,1";"16,10";"0,0"
"12/03/2025";"1100";"22,2";"22,3";"21,1";"88,0";"93,0";"88,0";"20,2";"20,5";"19,9";"1010,6";"1010,6";"1010,1";"1,5";"326,0";"2,2";"462,60";"0,0"
"12/03/2025";"1200";"23,6";"23,7";"22,2";"81,0";"89,0";"80,0";"20,1";"20,9";"19,8";"1010,9";"1010,9";"1010,6";"0,8";"219,0";"2,3";"739,50";"0,0"
"12/03/2025";"1300";"24,5";"24,7";"23,6";"75,0";"81,0";"74,0";"19,8";"20,5";"19,2";"1011,3";"1011,3";"1010,9";"2,5";"162,0";"4,8";"927,10";"0,0"
"12/03/2025";"1400";"25,0";"25,6";"24,5";"72,0";"76,0";"69,0";"19,5";"20,5";"19,2";"1011,2";"1011,4";"1011,2";"1,8";"158,0";"4,1";"1077,70";"0,0"
"12/03/2025";"1500";"25,5";"25,7";"24,8";"68,0";"73,0";"67,0";"19,1";"19,9";"19,0";"1010,7";"1011,2";"1010,7";"2,3";"140,0";"5,2";"855,10";"0,0"
"12/03/2025";"1600";"25,7";"25,9";"24,8";"68,0";"72,0";"64,0";"19,3";"19,6";"18,2";"1010,4";"1010,8";"1010,4";"2,2";"147,0";"5,7";"864,70";"0,0"
"12/03/2025";"1700";"25,9";"26,7";"25,7";"64,0";"68,0";"62,0";"18,5";"20,1";"18,1";"1009,9";"1010,4";"1009,9";"2,7";"143,0";"6,6";"1415,10";"0,0"
"12/03/2025";"1800";"27,4";"28,2";"25,4";"63,0";"69,0";"59,0";"19,7";"20,9";"18,2";"1009,3";"1009,9";"1009,3";"2,8";"136,0";"6,0";"1810,40";"0,0"
"12/03/2025";"1900";"26,3";"28,0";"26,3";"64,0";"65,0";"57,0";"19,0";"20,1";"17,9";"1008,9";"1009,3";"1008,9";"2,6";"128,0";"5,7";"1638,90";"0,0"
"12/03/2025";"2000";"26,8";"27,5";"26,3";"60,0";"64,0";"59,0";"18,5";"19,8";"18,3";"1008,3";"1008,9";"1008,3";"2,8";"130,0";"6,2";"1522,70";"0,0"
"12/03/2025";"2100";"25,6";"26,9";"25,6";"64,0";"64,0";"59,0";"18,2";"18,6";"17,9";"1008,1";"1008,2";"1008,0";"3,1";"126,0";"6,2";"802,60";"0,0"
"12/03/2025";"2200";"23,6";"25,6";"23,5";"73,0";"73,0";"64,0";"18,4";"18,4";"17,8";"1008,3";"1008,3";"1008,0";"1,6";"208,0";"5,3";"103,80";"0,0"
"12/03/2025";"2300";"21,1";"23,8";"21,1";"85,0";"85,0";"71,0";"18,4";"18,5";"17,9";"1008,4";"1008,5";"1008,3";"1,9";"74,0";"3,0";"";"0,0"
"13/03/2025";"0000";"20,7";"21,5";"20,7";"86,0";"86,0";"81,0";"18,2";"18,6";"18,0";"1008,7";"1008,7";"1008,3";"1,0";"124,0";"2,5";"";"0,0"
"13/03/2025";"0100";"20,1";"20,7";"20,0";"88,0";"89,0";"86,0";"18,1";"18,4";"17,9";"1009,1";"1009,2";"1008,7";"0,3";"29,0";"1,7";"";"0,0"
"13/03/2025";"0200";"19,2";"20,1";"19,2";"91,0";"91,0";"88,0";"17,7";"18,1";"17,5";"1009,0";"1009,1";"1008,9";"1,1";"126,0";"2,1";"";"0,0"
"13/03/2025";"0300";"18,9";"19,4";"18,9";"93,0";"93,0";"91,0";"17,7";"18,1";"17,6";"1009,0";"1009,3";"1009,0";"0,8";"57,0";"1,6";"";"0,0"
"13/03/2025";"0400";"18,3";"18,9";"18,3";"94,0";"94,0";"93,0";"17,3";"17,7";"17,2";"1008,4";"1009,0";"1008,4";"1,1";"119,0";"1,5";"";"0,0"
"13/03/2025";"0500";"17,7";"18,3";"17,6";"95,0";"95,0";"94,0";"16,9";"17,4";"16,7";"1007,6";"1008,4";"1007,6";"1,3";"102,0";"2,9";"";"0,0"
"13/03/2025";"0600";"17,5";"18,0";"17,4";"95,0";"96,0";"95,0";"16,8";"17,2";"16,6";"1007,4";"1007,6";"1007,4";"0,7";"168,0";"2,0";"";"0,0"
"13/03/2025";"0700";"17,5";"17,8";"17,1";"96,0";"96,0";"95,0";"16,8";"17,1";"16,3";"1007,5";"1007,5";"1007,3";"1,2";"35,0";"2,5";"";"0,0"
"13/03/2025";"0800";"18,2";"18,2";"17,5";"96,0";"96,0";"96,0";"17,5";"17,5";"16,9";"1007,6";"1007,6";"1007,3";"0,4";"84,0";"2,2";"";"0,0"
"13/03/2025";"0900";"18,5";"18,5";"18,2";"95,0";"96,0";"95,0";"17,7";"17,8";"17,6";"1007,9";"1007,9";"1007,6";"0,8";"133,0";"1,1";"0,20";"0,0"
"13/03/2025";"1000";"18,8";"18,8";"18,4";"95,0";"95,0";"95,0";"18,0";"18,0";"17,7";"1008,9";"1008,9";"1007,9";"0,3";"112,0";"2,1";"11,90";"0,0"
"13/03/2025";"1100";"19,9";"20,0";"18,8";"94,0";"95,0";"94,0";"18,9";"19,0";"18,0";"1009,4";"1009,4";"1008,9";"0,4";"79,0";"1,6";"192,90";"0,0"
"13/03/2025";"1200";"21,1";"21,1";"19,9";"91,0";"94,0";"89,0";"19,5";"19,5";"18,8";"1009,9";"1009,9";"1009,4";"0,5";"237,0";"1,8";"396,80";"0,0"
"13/03/2025";"1300";"21,3";"21,3";"20,8";"87,0";"91,0";"86,0";"19,0";"19,5";"18,6";"1010,0";"1010,1";"1009,9";"0,6";"313,0";"1,5";"516,00";"0,0"
"13/03/2025";"1400";"21,8";"23,7";"21,3";"83,0";"87,0";"75,0";"18,8";"20,6";"18,5";"1009,8";"1010,0";"1009,8";"1,6";"277,0";"4,1";"1034,60";"0,0"
"13/03/2025";"1500";"22,4";"22,4";"20,8";"86,0";"91,0";"83,0";"19,8";"20,1";"18,7";"1009,4";"1009,9";"1009,4";"2,5";"237,0";"4,1";"710,60";"0,2"
"13/03/2025";"1600";"22,5";"23,0";"21,1";"82,0";"87,0";"78,0";"19,1";"20,0";"18,3";"1008,8";"1009,5";"1008,8";"2,1";"226,0";"5,3";"1214,90";"0,0"
"13/03/2025";"1700";"24,2";"24,2";"22,4";"75,0";"82,0";"74,0";"19,5";"19,7";"18,4";"1008,3";"1008,8";"1008,3";"1,8";"234,0";"4,9";"1428,70";"0,0"
"13/03/2025";"1800";"25,8";"26,1";"23,7";"62,0";"75,0";"62,0";"18,0";"19,7";"18,0";"1007,6";"1008,3";"1007,6";"1,4";"258,0";"4,4";"2029,70";"0,0"
"13/03/2025";"1900";"24,9";"26,6";"24,1";"65,0";"71,0";"60,0";"17,9";"19,7";"17,1";"1007,1";"1007,7";"1007,0";"1,3";"259,0";"4,6";"1789,30";"0,0"
"13/03/2025";"2000";"25,7";"26,3";"24,6";"64,0";"69,0";"62,0";"18,4";"19,2";"17,6";"1006,7";"1007,1";"1006,7";"2,4";"251,0";"4,8";"1123,60";"0,0"
"13/03/2025";"2100";"25,4";"26,3";"25,3";"63,0";"65,0";"58,0";"17,8";"18,8";"16,9";"1006,5";"1006,7";"1006,4";"1,7";"239,0";"5,3";"912,50";"0,0"
"13/03/2025";"2200";"21,2";"25,5";"21,2";"80,0";"80,0";"60,0";"17,6";"18,1";"16,7";"1006,5";"1006,5";"1006,3";"0,8";"65,0";"2,5";"125,00";"0,0"
"13/03/2025";"2300";"19,4";"21,2";"19,4";"87,0";"87,0";"80,0";"17,1";"17,7";"17,1";"1006,8";"1006,8";"1006,5";"1,1";"114,0";"2,0";"";"0,0"
"14/03/2025";"0000";"18,5";"19,5";"18,5";"91,0";"91,0";"87,0";"17,0";"17,6";"16,9";"1007,4";"1007,4";"1006,8";"1,2";"120,0";"2,0";"";"0,0"
"14/03/2025";"0100";"18,3";"18,5";"17,9";"93,0";"93,0";"91,0";"17,1";"17,1";"16,6";"1007,7";"1007,7";"1007,4";"0,4";"98,0";"2,0";"";"0,0"
"14/03/2025";"0200";"18,6";"18,7";"17,9";"93,0";"94,0";"92,0";"17,4";"17,6";"16,7";"1007,9";"1008,0";"1007,7";"1,1";"321,0";"4,4";"";"0,0"
"14/03/2025";"0300";"17,9";"18,5";"17,7";"93,0";"93,0";"91,0";"16,7";"17,3";"16,3";"1008,2";"1008,3";"1007,9";"0,6";"175,0";"3,1";"";"0,0"
"14/03/2025";"0400";"18,2";"18,2";"17,7";"95,0";"95,0";"93,0";"17,3";"17,3";"16,6";"1008,1";"1008,3";"1008,1";"0,8";"309,0";"1,6";"";"0,0"
"14/03/2025";"0500";"17,9";"18,4";"17,9";"94,0";"95,0";"94,0";"17,0";"17,5";"17,0";"1007,7";"1008,2";"1007,7";"1,0";"76,0";"1,4";"";"0,0"
"14/03/2025";"0600";"18,2";"18,2";"17,9";"95,0";"95,0";"94,0";"17,3";"17,3";"17,0";"1007,6";"1007,8";"1007,6";"0,9";"224,0";"1,7";"";"0,0"
"14/03/2025";"0700";"18,1";"18,2";"18,0";"95,0";"95,0";"95,0";"17,3";"17,3";"17,2";"1007,6";"1007,7";"1007,6";"0,9";"319,0";"1,9";"";"0,0"
"14/03/2025";"0800";"17,7";"18,1";"17,6";"94,0";"95,0";"94,0";"16,7";"17,3";"16,7";"1007,6";"1007,7";"1007,6";"1,0";"343,0";"1,7";"";"0,0"
"14/03/2025";"0900";"16,4";"17,7";"16,4";"95,0";"95,0";"93,0";"15,6";"16,7";"15,6";"1008,1";"1008,1";"1007,6";"1,0";"77,0";"1,6";"";"0,0"
"14/03/2025";"1000";"16,5";"16,7";"15,8";"96,0";"96,0";"95,0";"15,8";"16,0";"15,0";"1008,8";"1008,8";"1008,1";"0,9";"28,0";"1,9";"36,50";"0,0"
"14/03/2025";"1100";"17,7";"18,1";"16,5";"95,0";"96,0";"95,0";"16,9";"17,4";"15,8";"1009,0";"1009,0";"1008,8";"0,8";"270,0";"1,7";"395,10";"0,0"
"14/03/2025";"1200";"19,2";"19,3";"17,6";"85,0";"96,0";"82,0";"16,7";"18,3";"15,6";"1009,4";"1009,4";"1009,0";"2,3";"265,0";"4,9";"1287,20";"0,0"
"14/03/2025";"1300";"20,7";"21,3";"18,7";"73,0";"85,0";"70,0";"15,7";"17,2";"14,6";"1009,6";"1009,6";"1009,4";"1,8";"301,0";"4,9";"1897,30";"0,0"
"14/03/2025";"1400";"22,0";"22,9";"20,3";"63,0";"74,0";"60,0";"14,5";"16,3";"14,4";"1009,1";"1009,6";"1009,1";"2,3";"280,0";"5,8";"2592,90";"0,0"
"14/03/2025";"1500";"25,0";"25,0";"22,0";"54,0";"63,0";"53,0";"15,2";"15,9";"13,1";"1008,4";"1009,1";"1008,4";"2,4";"265,0";"5,6";"3116,60";"0,0"
"14/03/2025";"1600";"25,5";"25,5";"23,4";"51,0";"60,0";"48,0";"14,5";"15,7";"12,6";"1007,7";"1008,4";"1007,7";"1,3";"259,0";"5,6";"2950,60";"0,0"
"14/03/2025";"1700";"26,4";"26,6";"24,4";"43,0";"51,0";"40,0";"12,8";"14,3";"11,1";"1007,0";"1007,7";"1007,0";"2,7";"285,0";"6,4";"3295,90";"0,0"
"14/03/2025";"1800";"26,0";"26,4";"25,3";"42,0";"48,0";"37,0";"12,0";"13,7";"9,7";"1006,5";"1007,0";"1006,5";"1,6";"185,0";"6,2";"2930,90";"0,0"
"14/03/2025";"1900";"25,9";"26,7";"25,5";"39,0";"45,0";"36,0";"11,0";"13,1";"10,3";"1006,4";"1006,5";"1006,4";"2,3";"256,0";"6,2";"2459,90";"0,0"
"14/03/2025";"2000";"25,8";"26,9";"25,6";"43,0";"44,0";"37,0";"12,2";"12,9";"10,0";"1006,5";"1006,6";"1006,4";"2,2";"277,0";"5,2";"1786,50";"0,0"
"14/03/2025";"2100";"24,9";"26,2";"23,8";"50,0";"52,0";"42,0";"13,9";"13,9";"11,9";"1006,7";"1006,8";"1006,5";"1,0";"225,0";"3,9";"685,80";"0,0"
"14/03/2025";"2200";"20,5";"25,3";"20,3";"67,0";"69,0";"48,0";"14,2";"15,1";"13,2";"1007,2";"1007,2";"1006,7";"1,7";"59,0";"2,1";"150,40";"0,0"
"14/03/2025";"2300";"18,3";"20,6";"18,3";"80,0";"80,0";"66,0";"14,7";"15,0";"14,1";"1007,7";"1007,7";"1007,2";"1,7";"137,0";"2,6";"";"0,0"
"15/03/2025";"0000";"17,4";"18,3";"17,4";"83,0";"83,0";"79,0";"14,6";"14,7";"14,5";"1008,0";"1008,0";"1007,6";"1,9";"122,0";"4,1";"";"0,0"
"15/03/2025";"0100";"17,0";"17,5";"17,0";"85,0";"85,0";"83,0";"14,6";"14,7";"14,4";"1008,1";"1008,2";"1007,8";"1,7";"118,0";"3,0";"";"0,0"
"15/03/2025";"0200";"17,5";"17,9";"17,0";"83,0";"86,0";"80,0";"14,5";"14,9";"14,3";"1008,7";"1008,7";"1008,1";"1,0";"129,0";"6,0";"";"0,0"
"15/03/2025";"0300";"17,1";"17,5";"17,1";"86,0";"87,0";"83,0";"14,7";"15,0";"14,5";"1009,0";"1009,1";"1008,6";"1,1";"172,0";"1,8";"";"0,0"
"15/03/2025";"0400";"16,1";"17,1";"16,1";"89,0";"89,0";"86,0";"14,3";"14,7";"14,2";"1008,7";"1009,1";"1008,6";"1,3";"126,0";"1,8";"";"0,0"
"15/03/2025";"0500";"15,9";"16,3";"15,9";"90,0";"91,0";"89,0";"14,3";"14,7";"14,2";"1008,6";"1008,7";"1008,5";"0,3";"121,0";"2,4";"";"0,0"
"15/03/2025";"0600";"15,4";"16,0";"15,2";"93,0";"94,0";"90,0";"14,3";"14,6";"14,1";"1008,6";"1008,8";"1008,5";"1,3";"186,0";"2,2";"";"0,0"
"15/03/2025";"0700";"15,0";"15,4";"15,0";"94,0";"94,0";"93,0";"14,0";"14,4";"13,9";"1008,4";"1008,6";"1008,3";"0,7";"289,0";"2,3";"";"0,0"
"15/03/2025";"0800";"14,6";"15,1";"14,6";"95,0";"95,0";"94,0";"13,8";"14,2";"13,7";"1008,4";"1008,7";"1008,3";"1,2";"143,0";"1,9";"";"0,0"
"15/03/2025";"0900";"14,4";"14,9";"14,4";"95,0";"95,0";"95,0";"13,7";"14,1";"13,5";"1009,0";"1009,0";"1008,4";"1,0";"89,0";"1,8";"";"0,0"
"15/03/2025";"1000";"14,7";"14,7";"14,1";"96,0";"96,0";"95,0";"14,0";"14,0";"13,4";"1009,8";"1009,8";"1009,1";"0,3";"95,0";"1,6";"36,40";"0,0"
"15/03/2025";"1100";"15,8";"15,8";"14,7";"95,0";"96,0";"95,0";"15,0";"15,1";"14,1";"1010,7";"1010,7";"1009,8";"0,6";"148,0";"1,3";"272,40";"0,0"
"15/03/2025";"1200";"17,5";"17,7";"15,8";"90,0";"96,0";"90,0";"15,8";"16,3";"15,1";"1010,7";"1010,8";"1010,5";"0,5";"22,0";"1,6";"692,70";"0,0"
"15/03/2025";"1300";"19,6";"19,8";"17,5";"81,0";"91,0";"80,0";"16,3";"16,8";"15,7";"1010,8";"1011,0";"1010,7";"1,4";"322,0";"2,8";"1242,70";"0,0"
"15/03/2025";"1400";"20,8";"21,3";"19,4";"72,0";"81,0";"71,0";"15,6";"16,9";"15,4";"1010,8";"1011,0";"1010,7";"1,1";"268,0";"3,4";"1705,30";"0,0"
"15/03/2025";"1500";"22,7";"23,0";"20,5";"66,0";"76,0";"64,0";"15,9";"16,8";"15,5";"1010,0";"1010,8";"1010,0";"1,0";"73,0";"3,2";"1806,70";"0,0"
"15/03/2025";"1600";"24,7";"24,8";"22,1";"62,0";"71,0";"58,0";"17,0";"17,6";"15,5";"1009,6";"1010,0";"1009,5";"1,8";"85,0";"3,9";"2697,20";"0,0"
"15/03/2025";"1700";"25,7";"26,1";"23,7";"53,0";"62,0";"53,0";"15,5";"16,8";"14,8";"1008,8";"1009,6";"1008,8";"1,3";"64,0";"4,1";"2569,90";"0,0"
"15/03/2025";"1800";"25,5";"26,4";"24,4";"54,0";"58,0";"50,0";"15,4";"16,9";"14,3";"1008,4";"1008,8";"1008,4";"1,7";"143,0";"4,6";"1977,00";"0,0"
"15/03/2025";"1900";"26,3";"27,0";"25,0";"49,0";"55,0";"47,0";"14,8";"16,5";"14,4";"1008,4";"1008,4";"1008,1";"1,6";"129,0";"5,2";"2108,40";"0,0"
"15/03/2025";"2000";"26,2";"26,9";"25,3";"53,0";"53,0";"48,0";"15,7";"15,9";"14,4";"1007,9";"1008,4";"1007,9";"1,7";"129,0";"4,9";"1356,90";"0,0"
"15/03/2025";"2100";"25,0";"26,3";"24,9";"57,0";"59,0";"50,0";"15,7";"16,4";"14,6";"1008,2";"1008,2";"1007,8";"1,4";"145,0";"4,6";"739,10";"0,0"
"15/03/2025";"2200";"22,2";"25,0";"22,2";"72,0";"72,0";"57,0";"16,8";"16,8";"15,6";"1008,8";"1008,8";"1008,2";"0,9";"112,0";"3,2";"97,80";"0,0"
"15/03/2025";"2300";"20,4";"22,2";"20,4";"80,0";"81,0";"71,0";"17,0";"17,1";"16,8";"1009,2";"1009,2";"1008,8";"1,0";"81,0";"2,5";"";"0,0"
"16/03/2025";"0000";"19,9";"20,4";"19,9";"83,0";"83,0";"80,0";"16,9";"17,0";"16,7";"1009,9";"1009,9";"1009,2";"0,9";"99,0";"1,5";"";"0,0"
"16/03/2025";"0100";"19,2";"19,9";"19,0";"87,0";"87,0";"83,0";"16,9";"17,0";"16,7";"1010,1";"1010,1";"1009,9";"0,5";"83,0";"1,4";"";"0,0"
"16/03/2025";"0200";"18,7";"19,2";"18,4";"90,0";"90,0";"87,0";"17,0";"17,0";"16,5";"1010,1";"1010,1";"1009,9";"0,3";"28,0";"1,2";"";"0,0"
"16/03/2025";"0300";"17,9";"18,7";"17,9";"92,0";"92,0";"89,0";"16,6";"17,0";"16,5";"1010,1";"1010,1";"1009,8";"0,6";"134,0";"1,6";"";"0,0"
"16/03/2025";"0400";"17,0";"17,9";"17,0";"94,0";"94,0";"92,0";"16,1";"16,6";"16,1";"1010,0";"1010,1";"1010,0";"0,4";"220,0";"1,3";"";"0,0"
"16/03/2025";"0500";"16,9";"17,5";"16,9";"95,0";"95,0";"94,0";"16,0";"16,7";"16,0";"1009,9";"1010,0";"1009,7";"0,8";"257,0";"1,1";"";"0,0"
"16/03/2025";"0600";"16,5";"17,1";"16,4";"96,0";"96,0";"95,0";"15,8";"16,4";"15,7";"1009,8";"1010,0";"1009,7";"0,3";"60,0";"1,1";"";"0,0"
"16/03/2025";"0700";"16,2";"16,6";"15,5";"96,0";"96,0";"95,0";"15,6";"15,9";"14,8";"1010,1";"1010,1";"1009,8";"0,6";"94,0";"1,6";"";"0,0"
"16/03/2025";"0800";"15,5";"16,2";"15,2";"96,0";"96,0";"96,0";"14,8";"15,6";"14,6";"1010,0";"1010,1";"1009,9";"1,3";"131,0";"2,4";"";"0,0"
"16/03/2025";"0900";"15,3";"15,6";"15,0";"96,0";"96,0";"96,0";"14,7";"15,0";"14,4";"1010,8";"1010,8";"1010,0";"0,7";"343,0";"2,5";"";"0,0"
"16/03/2025";"1000";"16,7";"16,7";"15,3";"96,0";"96,0";"96,0";"16,1";"16,1";"14,8";"1011,5";"1011,5";"1010,8";"0,7";"312,0";"1,4";"26,50";"0,0"
"16/03/2025";"1100";"17,1";"17,2";"16,2";"96,0";"96,0";"96,0";"16,5";"16,6";"15,6";"1012,3";"1012,3";"1011,5";"0,7";"157,0";"1,4";"216,40";"0,0"
"16/03/2025";"1200";"18,7";"18,8";"17,1";"95,0";"96,0";"95,0";"17,9";"18,0";"16,6";"1012,7";"1012,7";"1012,3";"1,1";"303,0";"2,4";"496,70";"0,0"
"16/03/2025";"1300";"21,7";"21,7";"18,6";"82,0";"95,0";"82,0";"18,5";"18,9";"17,7";"1012,7";"1012,8";"1012,6";"1,2";"318,0";"2,8";"1504,10";"0,0"
"16/03/2025";"1400";"24,1";"24,3";"21,2";"71,0";"83,0";"71,0";"18,5";"19,3";"17,6";"1012,3";"1012,8";"1012,3";"1,3";"299,0";"4,9";"2444,40";"0,0"
"16/03/2025";"1500";"25,3";"25,3";"23,2";"70,0";"74,0";"68,0";"19,6";"19,6";"17,8";"1011,5";"1012,3";"1011,5";"2,2";"267,0";"5,0";"2085,50";"0,0"
"16/03/2025";"1600";"26,8";"28,5";"25,2";"56,0";"70,0";"54,0";"17,4";"19,9";"17,4";"1010,6";"1011,5";"1010,6";"2,7";"241,0";"5,1";"2776,50";"0,0"
"16/03/2025";"1700";"28,3";"28,3";"26,2";"51,0";"61,0";"48,0";"17,1";"18,9";"15,6";"1009,7";"1010,6";"1009,7";"2,2";"163,0";"6,2";"2223,70";"0,0"
"16/03/2025";"1800";"29,1";"29,5";"27,3";"45,0";"53,0";"45,0";"16,0";"17,9";"15,7";"1009,1";"1009,7";"1009,1";"1,4";"169,0";"5,6";"2612,90";"0,0"
"16/03/2025";"1900";"27,6";"29,4";"27,6";"49,0";"52,0";"45,0";"15,9";"17,6";"15,2";"1008,7";"1009,1";"1008,7";"2,3";"149,0";"6,0";"1576,60";"0,0"
"16/03/2025";"2000";"28,5";"29,1";"27,1";"49,0";"54,0";"46,0";"16,6";"17,9";"15,7";"1008,5";"1008,7";"1008,5";"3,5";"167,0";"7,0";"1243,40";"0,0"
"16/03/2025";"2100";"25,5";"28,7";"25,5";"67,0";"67,0";"48,0";"18,9";"19,1";"16,6";"1008,6";"1008,6";"1008,3";"3,9";"159,0";"8,6";"688,20";"0,0"
"16/03/2025";"2200";"24,1";"25,5";"23,8";"76,0";"77,0";"67,0";"19,7";"19,7";"18,9";"1008,7";"1008,7";"1008,6";"3,2";"165,0";"7,3";"103,50";"0,0"
"16/03/2025";"2300";"22,7";"24,1";"22,7";"80,0";"80,0";"76,0";"19,1";"19,7";"19,0";"1009,1";"1009,1";"1008,7";"2,7";"139,0";"7,2";"";"0,0"
"17/03/2025";"0000";"22,3";"22,7";"22,1";"81,0";"82,0";"80,0";"18,9";"19,1";"18,8";"1009,8";"1009,8";"1009,1";"2,2";"146,0";"7,2";"";"0,0"
"17/03/2025";"0100";"22,2";"22,3";"22,0";"81,0";"82,0";"81,0";"18,8";"18,9";"18,7";"1010,2";"1010,2";"1009,8";"2,1";"156,0";"5,5";"";"0,0"
"17/03/2025";"0200";"21,8";"22,1";"21,8";"83,0";"83,0";"81,0";"18,8";"18,9";"18,7";"1010,2";"1010,3";"1010,1";"1,3";"147,0";"4,9";"";"0,0"
"17/03/2025";"0300";"20,7";"21,8";"20,7";"87,0";"87,0";"83,0";"18,4";"18,9";"18,4";"1010,4";"1010,4";"1010,1";"1,4";"160,0";"3,0";"";"0,0"
"17/03/2025";"0400";"20,6";"20,8";"20,5";"89,0";"89,0";"87,0";"18,7";"18,7";"18,5";"1010,1";"1010,4";"1010,1";"0,5";"312,0";"2,4";"";"0,0"
"17/03/2025";"0500";"19,9";"20,6";"19,9";"91,0";"91,0";"89,0";"18,4";"18,7";"18,4";"1009,6";"1010,1";"1009,5";"0,3";"282,0";"1,4";"";"0,0"
"17/03/2025";"0600";"19,1";"19,9";"19,1";"94,0";"94,0";"91,0";"18,0";"18,4";"17,9";"1009,2";"1009,7";"1009,2";"1,0";"336,0";"1,7";"";"0,0"
"17/03/2025";"0700";"18,7";"19,1";"18,7";"95,0";"95,0";"94,0";"17,8";"18,1";"17,8";"1009,1";"1009,3";"1009,1";"1,2";"339,0";"1,5";"";"0,0"
"17/03/2025";"0800";"18,1";"18,7";"18,1";"95,0";"95,0";"94,0";"17,3";"17,9";"17,2";"1009,2";"1009,2";"1009,1";"1,2";"137,0";"1,9";"";"0,0"
"17/03/2025";"0900";"18,6";"18,6";"18,0";"95,0";"95,0";"95,0";"17,9";"17,9";"17,2";"1009,5";"1009,5";"1009,1";"0,7";"65,0";"1,9";"";"0,0"
"17/03/2025";"1000";"19,0";"19,0";"18,6";"95,0";"95,0";"95,0";"18,2";"18,2";"17,9";"1009,8";"1009,9";"1009,5";"0,9";"115,0";"1,6";"27,80";"0,0"
"17/03/2025";"1100";"19,4";"19,4";"18,9";"95,0";"95,0";"95,0";"18,6";"18,6";"18,1";"1010,6";"1010,6";"1009,8";"0,4";"298,0";"1,8";"276,10";"0,0"
"17/03/2025";"1200";"21,3";"21,6";"19,4";"88,0";"95,0";"86,0";"19,2";"19,5";"18,7";"1010,8";"1010,8";"1010,5";"1,7";"266,0";"2,8";"842,60";"0,0"
"17/03/2025";"1300";"24,9";"25,0";"21,2";"71,0";"88,0";"71,0";"19,3";"20,3";"18,5";"1010,5";"1010,8";"1010,5";"1,5";"285,0";"3,2";"1972,30";"0,0"
"17/03/2025";"1400";"26,5";"27,5";"24,6";"62,0";"73,0";"59,0";"18,6";"20,2";"18,0";"1009,5";"1010,5";"1009,5";"1,1";"205,0";"4,0";"2420,20";"0,0"
"17/03/2025";"1500";"28,7";"29,2";"26,4";"56,0";"64,0";"55,0";"19,0";"20,5";"18,2";"1008,9";"1009,5";"1008,9";"1,4";"248,0";"4,9";"2913,90";"0,0"
"17/03/2025";"1600";"29,9";"29,9";"28,1";"54,0";"58,0";"54,0";"19,6";"20,1";"18,2";"1008,4";"1008,9";"1008,3";"2,6";"262,0";"5,9";"2876,50";"0,0"
"17/03/2025";"1700";"28,9";"30,1";"28,2";"58,0";"59,0";"51,0";"19,8";"20,0";"17,9";"1007,7";"1008,4";"1007,7";"3,5";"236,0";"6,4";"2545,50";"0,0"
"17/03/2025";"1800";"29,4";"30,6";"28,2";"54,0";"60,0";"54,0";"19,2";"21,1";"19,2";"1007,0";"1007,7";"1006,9";"2,7";"201,0";"6,0";"2615,40";"0,0"
"17/03/2025";"1900";"28,3";"30,5";"28,1";"58,0";"60,0";"53,0";"19,3";"20,7";"18,9";"1006,1";"1007,0";"1006,1";"2,0";"193,0";"5,2";"1868,70";"0,0"
"17/03/2025";"2000";"27,9";"29,2";"27,6";"61,0";"61,0";"57,0";"19,6";"20,4";"19,0";"1005,9";"1006,1";"1005,9";"2,2";"217,0";"5,2";"1098,50";"0,0"
"17/03/2025";"2100";"27,7";"29,1";"27,7";"62,0";"63,0";"56,0";"19,7";"20,4";"19,4";"1006,6";"1006,6";"1005,9";"2,5";"204,0";"4,8";"769,00";"0,0"
"17/03/2025";"2200";"25,6";"27,6";"25,6";"71,0";"71,0";"61,0";"19,8";"19,9";"19,5";"1006,8";"1006,8";"1006,6";"1,4";"236,0";"4,5";"82,90";"0,0"
"17/03/2025";"2300";"23,9";"25,6";"23,8";"79,0";"79,0";"71,0";"20,0";"20,1";"19,8";"1007,2";"1007,2";"1006,8";"1,5";"153,0";"3,5";"";"0,0"
"18/03/2025";"0000";"23,6";"24,1";"23,4";"79,0";"80,0";"79,0";"19,8";"20,2";"19,8";"1007,3";"1007,4";"1007,1";"1,4";"200,0";"3,3";"";"0,0"
"18/03/2025";"0100";"22,0";"23,6";"21,8";"86,0";"87,0";"79,0";"19,6";"19,8";"19,2";"1007,2";"1007,4";"1007,2";"1,0";"121,0";"2,9";"";"0,0"
"18/03/2025";"0200";"20,9";"22,0";"20,9";"90,0";"90,0";"86,0";"19,2";"19,8";"19,2";"1007,4";"1007,4";"1007,1";"1,1";"298,0";"2,1";"";"0,0"
"18/03/2025";"0300";"20,5";"21,0";"20,5";"93,0";"93,0";"90,0";"19,3";"19,6";"19,2";"1007,5";"1007,6";"1007,4";"1,3";"298,0";"2,8";"";"0,0"
"18/03/2025";"0400";"20,4";"20,8";"20,4";"93,0";"94,0";"93,0";"19,3";"19,7";"19,2";"1007,3";"1007,6";"1007,3";"1,1";"317,0";"2,4";"";"0,0"
"18/03/2025";"0500";"19,9";"20,4";"19,7";"95,0";"95,0";"93,0";"19,0";"19,4";"18,7";"1006,9";"1007,3";"1006,8";"0,6";"182,0";"1,8";"";"0,0"
"18/03/2025";"0600";"20,2";"20,2";"19,7";"95,0";"95,0";"94,0";"19,4";"19,4";"18,8";"1006,5";"1006,9";"1006,4";"0,4";"259,0";"1,5";"";"0,0"
"18/03/2025";"0700";"20,5";"20,7";"20,1";"94,0";"95,0";"94,0";"19,6";"19,8";"19,2";"1006,5";"1006,6";"1006,4";"1,1";"264,0";"2,7";"";"0,0"
"18/03/2025";"0800";"20,5";"20,5";"20,4";"95,0";"95,0";"94,0";"19,7";"19,7";"19,5";"1006,7";"1006,7";"1006,5";"0,7";"299,0";"2,7";"";"0,0"
"18/03/2025";"0900";"20,8";"20,9";"20,5";"95,0";"95,0";"95,0";"20,0";"20,0";"19,6";"1007,1";"1007,1";"1006,6";"0,2";"258,0";"1,1";"";"0,0"
"18/03/2025";"1000";"21,0";"21,0";"20,8";"95,0";"95,0";"95,0";"20,1";"20,1";"20,0";"1007,7";"1007,7";"1007,1";"0,6";"264,0";"1,3";"20,70";"0,0"
"18/03/2025";"1100";"21,8";"21,8";"20,9";"93,0";"95,0";"93,0";"20,5";"20,5";"20,1";"1008,3";"1008,3";"1007,7";"0,5";"121,0";"1,3";"212,00";"0,0"
"18/03/2025";"1200";"22,2";"22,2";"21,8";"92,0";"93,0";"90,0";"20,8";"20,9";"20,3";"1008,7";"1008,7";"1008,3";"0,9";"202,0";"1,8";"325,00";"0,0"
"18/03/2025";"1300";"24,4";"25,0";"22,2";"76,0";"92,0";"75,0";"19,9";"21,8";"19,8";"1008,6";"1008,8";"1008,6";"1,8";"161,0";"4,6";"1469,20";"0,0"
"18/03/2025";"1400";"26,3";"27,4";"24,4";"66,0";"78,0";"65,0";"19,5";"21,4";"18,8";"1008,3";"1008,6";"1008,3";"1,7";"196,0";"4,0";"2271,40";"0,0"
"18/03/2025";"1500";"28,6";"28,7";"26,1";"56,0";"69,0";"56,0";"19,0";"20,9";"18,6";"1007,9";"1008,3";"1007,8";"2,2";"207,0";"4,5";"2438,90";"0,0"
"18/03/2025";"1600";"28,4";"29,8";"26,7";"58,0";"63,0";"52,0";"19,3";"20,1";"17,8";"1007,3";"1007,9";"1007,3";"2,5";"211,0";"5,5";"2107,80";"0,0"
"18/03/2025";"1700";"28,7";"29,9";"27,6";"53,0";"59,0";"47,0";"18,2";"19,4";"16,9";"1006,6";"1007,3";"1006,6";"3,3";"206,0";"6,5";"2269,60";"0,0"
"18/03/2025";"1800";"29,1";"30,7";"28,7";"47,0";"54,0";"42,0";"16,8";"18,8";"14,6";"1005,9";"1006,6";"1005,9";"2,8";"224,0";"6,5";"2627,70";"0,0"
"18/03/2025";"1900";"28,8";"30,6";"28,2";"48,0";"52,0";"45,0";"16,8";"18,3";"15,9";"1005,9";"1006,0";"1005,7";"4,1";"188,0";"6,9";"1936,00";"0,0"
"18/03/2025";"2000";"28,5";"29,9";"28,1";"50,0";"53,0";"44,0";"17,0";"18,1";"15,8";"1005,6";"1005,9";"1005,5";"3,9";"197,0";"7,9";"1426,80";"0,0"
"18/03/2025";"2100";"25,8";"28,5";"25,7";"62,0";"64,0";"50,0";"18,0";"18,7";"17,1";"1006,3";"1006,3";"1005,6";"2,6";"133,0";"9,4";"246,50";"0,0"
"18/03/2025";"2200";"23,5";"25,9";"23,5";"69,0";"69,0";"61,0";"17,4";"18,1";"17,3";"1007,4";"1007,4";"1006,3";"3,0";"125,0";"7,5";"51,70";"0,0"
"18/03/2025";"2300";"22,6";"23,5";"22,4";"68,0";"69,0";"64,0";"16,4";"17,4";"16,1";"1007,9";"1007,9";"1007,4";"2,8";"126,0";"6,3";"";"0,0"
"19/03/2025";"0000";"20,9";"22,6";"20,8";"75,0";"76,0";"68,0";"16,4";"16,5";"16,2";"1008,3";"1008,3";"1007,9";"1,7";"131,0";"5,1";"";"0,0"
"19/03/2025";"0100";"21,1";"21,5";"20,4";"74,0";"78,0";"73,0";"16,3";"16,7";"16,2";"1008,6";"1008,7";"1008,2";"1,9";"110,0";"3,9";"";"0,0"
"19/03/2025";"0200";"19,9";"21,1";"19,7";"79,0";"81,0";"74,0";"16,2";"16,6";"16,1";"1009,2";"1009,3";"1008,6";"2,0";"115,0";"3,1";"";"0,0"
"19/03/2025";"0300";"17,9";"19,9";"17,9";"88,0";"89,0";"79,0";"16,0";"16,3";"15,8";"1009,5";"1009,6";"1009,2";"1,1";"38,0";"2,5";"";"0,0"
"19/03/2025";"0400";"17,1";"18,4";"17,1";"91,0";"91,0";"88,0";"15,6";"16,5";"15,5";"1009,5";"1009,6";"1009,4";"0,5";"79,0";"2,4";"";"0,0"
"19/03/2025";"0500";"16,6";"17,1";"16,6";"93,0";"93,0";"91,0";"15,6";"16,0";"15,4";"1008,8";"1009,5";"1008,7";"1,1";"116,0";"2,1";"";"0,0"
"19/03/2025";"0600";"16,1";"16,6";"15,8";"95,0";"95,0";"93,0";"15,3";"15,5";"14,7";"1008,4";"1008,8";"1008,3";"0,6";"67,0";"3,0";"";"0,0"
"19/03/2025";"0700";"15,5";"16,4";"15,3";"96,0";"96,0";"95,0";"14,8";"15,6";"14,5";"1008,3";"1008,4";"1008,1";"0,8";"88,0";"2,3";"";"0,0"
"19/03/2025";"0800";"15,3";"16,0";"15,1";"96,0";"96,0";"95,0";"14,6";"15,3";"14,3";"1008,6";"1008,7";"1008,2";"1,3";"130,0";"1,9";"";"0,0"
"19/03/2025";"0900";"15,8";"15,8";"15,0";"96,0";"96,0";"96,0";"15,1";"15,2";"14,3";"1008,7";"1008,8";"1008,6";"0,5";"56,0";"2,4";"";"0,0"
"19/03/2025";"1000";"15,1";"15,8";"15,0";"96,0";"96,0";"96,0";"14,5";"15,2";"14,3";"1009,5";"1009,5";"1008,7";"0,5";"317,0";"2,3";"35,30";"0,0"
"19/03/2025";"1100";"18,4";"18,4";"15,1";"93,0";"96,0";"93,0";"17,2";"17,2";"14,6";"1010,4";"1010,4";"1009,5";"0,5";"212,0";"1,8";"578,60";"0,0"
"19/03/2025";"1200";"21,3";"21,3";"18,4";"81,0";"93,0";"81,0";"18,0";"18,4";"17,1";"1010,8";"1010,8";"1010,4";"1,3";"247,0";"2,6";"1378,00";"0,0"
"19/03/2025";"1300";"23,4";"23,7";"21,1";"69,0";"83,0";"69,0";"17,5";"18,7";"17,1";"1011,1";"1011,1";"1010,7";"1,2";"256,0";"3,2";"2081,30";"0,0"
"19/03/2025";"1400";"25,7";"25,8";"23,2";"59,0";"74,0";"58,0";"17,0";"18,5";"16,5";"1010,5";"1011,1";"1010,5";"1,5";"141,0";"3,8";"2451,60";"0,0"
"19/03/2025";"1500";"27,1";"27,9";"25,5";"56,0";"63,0";"51,0";"17,5";"18,2";"16,1";"1010,0";"1010,5";"1010,0";"2,3";"202,0";"5,0";"3085,70";"0,0"
"19/03/2025";"1600";"28,1";"28,4";"26,1";"47,0";"57,0";"47,0";"15,9";"18,3";"15,0";"1009,5";"1010,0";"1009,5";"1,3";"144,0";"6,4";"3017,40";"0,0"
"19/03/2025";"1700";"27,9";"28,5";"26,3";"46,0";"55,0";"45,0";"15,2";"17,8";"14,5";"1009,0";"1009,5";"1009,0";"2,3";"145,0";"5,6";"2414,00";"0,0"
"19/03/2025";"1800";"28,7";"28,8";"26,6";"45,0";"55,0";"43,0";"15,7";"17,4";"14,5";"1008,5";"1009,0";"1008,5";"1,7";"133,0";"6,0";"2190,50";"0,0"
"19/03/2025";"1900";"28,7";"29,2";"28,0";"43,0";"49,0";"41,0";"15,1";"16,5";"13,8";"1008,3";"1008,5";"1008,3";"2,2";"169,0";"6,4";"2310,80";"0,0"
"19/03/2025";"2000";"27,8";"29,1";"27,6";"46,0";"47,0";"40,0";"15,0";"16,3";"13,3";"1008,4";"1008,4";"1008,2";"2,9";"160,0";"6,1";"1564,30";"0,0"
"19/03/2025";"2100";"26,2";"27,9";"26,2";"49,0";"49,0";"43,0";"14,5";"15,2";"13,7";"1008,4";"1008,4";"1008,3";"2,5";"158,0";"5,5";"708,10";"0,0"
"19/03/2025";"2200";"22,8";"26,2";"22,8";"58,0";"58,0";"49,0";"14,0";"15,0";"13,7";"1008,7";"1008,7";"1008,3";"1,2";"139,0";"5,5";"67,10";"0,0"
"19/03/2025";"2300";"20,2";"22,8";"20,2";"71,0";"71,0";"58,0";"14,8";"14,8";"13,8";"1009,2";"1009,2";"1008,7";"1,5";"99,0";"2,8";"";"0,0"
"20/03/2025";"0000";"18,2";"20,2";"17,9";"80,0";"81,0";"71,0";"14,6";"14,8";"14,3";"1009,9";"1009,9";"1009,2";"1,6";"138,0";"2,4";"";"0,0"
"20/03/2025";"0100";"17,1";"18,2";"17,1";"81,0";"83,0";"78,0";"13,7";"14,7";"13,7";"1010,4";"1010,4";"1009,8";"1,6";"115,0";"4,1";"";"0,0"
"20/03/2025";"0200";"16,2";"17,1";"15,8";"85,0";"88,0";"81,0";"13,7";"14,0";"13,4";"1010,4";"1010,5";"1010,3";"1,2";"66,0";"3,0";"";"0,0"
"20/03/2025";"0300";"15,4";"16,2";"15,3";"88,0";"89,0";"84,0";"13,4";"13,8";"13,3";"1010,4";"1010,5";"1010,3";"0,8";"30,0";"2,5";"";"0,0"
"20/03/2025";"0400";"15,1";"15,9";"14,4";"89,0";"89,0";"85,0";"13,3";"13,7";"12,0";"1010,4";"1010,5";"1010,4";"1,2";"139,0";"1,8";"";"0,0"
"20/03/2025";"0500";"14,2";"15,1";"14,2";"91,0";"91,0";"88,0";"12,8";"13,3";"12,8";"1010,2";"1010,4";"1010,2";"0,6";"64,0";"1,8";"";"0,0"
"20/03/2025";"0600";"14,1";"14,7";"13,8";"94,0";"94,0";"91,0";"13,0";"13,3";"12,5";"1009,8";"1010,2";"1009,8";"0,8";"87,0";"1,4";"";"0,0"
"20/03/2025";"0700";"14,0";"14,2";"13,5";"94,0";"95,0";"93,0";"13,1";"13,2";"12,4";"1009,9";"1009,9";"1009,7";"0,3";"325,0";"1,1";"";"0,0"
"20/03/2025";"0800";"12,8";"14,0";"12,8";"95,0";"95,0";"94,0";"12,0";"13,1";"12,0";"1010,0";"1010,0";"1009,7";"0,8";"99,0";"1,6";"";"0,0"
"20/03/2025";"0900";"13,4";"13,4";"12,8";"96,0";"96,0";"95,0";"12,7";"12,7";"12,1";"1010,5";"1010,5";"1010,0";"1,0";"72,0";"1,4";"";"0,0"
"20/03/2025";"1000";"12,9";"13,4";"12,5";"96,0";"96,0";"95,0";"12,2";"12,8";"11,7";"1011,7";"1011,7";"1010,5";"0,5";"6,0";"1,6";"31,20";"0,2"
"20/03/2025";"1100";"16,4";"16,7";"12,9";"86,0";"96,0";"85,0";"14,1";"14,8";"12,4";"1012,2";"1012,2";"1011,6";"0,6";"160,0";"1,4";"564,30";"0,0"
"20/03/2025";"1200";"19,5";"19,6";"16,1";"77,0";"87,0";"77,0";"15,4";"16,1";"13,5";"1012,6";"1012,6";"1012,2";"0,9";"272,0";"2,0";"1313,80";"0,0"
"20/03/2025";"1300";"23,0";"23,1";"19,5";"60,0";"79,0";"60,0";"14,8";"16,2";"14,4";"1012,4";"1012,7";"1012,4";"0,8";"233,0";"2,5";"1993,30";"0,0"
"20/03/2025";"1400";"25,6";"25,6";"22,9";"56,0";"61,0";"52,0";"16,2";"16,3";"13,9";"1011,7";"1012,4";"1011,7";"1,6";"189,0";"4,0";"2554,40";"0,0"
"20/03/2025";"1500";"27,7";"27,8";"25,7";"43,0";"56,0";"43,0";"14,1";"16,4";"13,7";"1011,0";"1011,7";"1011,0";"2,1";"313,0";"4,0";"2830,00";"0,0"
"20/03/2025";"1600";"30,1";"30,3";"27,7";"35,0";"44,0";"35,0";"13,2";"14,8";"11,7";"1010,3";"1011,0";"1010,3";"1,5";"42,0";"5,5";"2958,70";"0,0"
"20/03/2025";"1700";"29,8";"30,6";"29,0";"33,0";"41,0";"32,0";"11,6";"15,0";"11,0";"1009,5";"1010,4";"1009,5";"2,6";"180,0";"5,1";"2963,10";"0,0"
"20/03/2025";"1800";"30,2";"30,4";"29,5";"31,0";"33,0";"28,0";"11,1";"12,1";"9,7";"1009,0";"1009,5";"1009,0";"3,2";"127,0";"6,2";"2741,20";"0,0"
"20/03/2025";"1900";"29,6";"30,4";"29,2";"32,0";"33,0";"28,0";"11,1";"11,7";"9,0";"1008,8";"1009,0";"1008,7";"3,5";"117,0";"6,9";"2252,50";"0,0"
"20/03/2025";"2000";"28,5";"29,8";"28,5";"34,0";"35,0";"30,0";"11,2";"11,9";"10,2";"1008,6";"1008,8";"1008,6";"3,2";"122,0";"6,8";"1512,00";"0,0"
"20/03/2025";"2100";"26,6";"28,5";"26,6";"43,0";"43,0";"34,0";"13,0";"13,6";"11,0";"1008,7";"1008,7";"1008,5";"1,5";"129,0";"5,3";"697,70";"0,0"
"20/03/2025";"2200";"22,5";"26,6";"22,5";"61,0";"61,0";"43,0";"14,7";"14,7";"12,8";"1008,7";"1008,7";"1008,6";"2,0";"63,0";"3,6";"65,90";"0,0"
"20/03/2025";"2300";"20,4";"22,5";"20,4";"72,0";"72,0";"61,0";"15,2";"15,3";"14,6";"1009,2";"1009,2";"1008,7";"1,4";"130,0";"2,8";"";"0,0"
"21/03/2025";"0000";"19,1";"20,4";"19,0";"77,0";"78,0";"72,0";"15,0";"15,2";"15,0";"1009,9";"1009,9";"1009,2";"1,3";"113,0";"2,4";"";"0,0"
"21/03/2025";"0100";"18,6";"19,1";"18,4";"78,0";"80,0";"76,0";"14,6";"15,1";"14,6";"1010,1";"1010,1";"1009,9";"1,6";"97,0";"2,4";"";"0,0"
"21/03/2025";"0200";"17,6";"18,6";"17,5";"83,0";"83,0";"78,0";"14,7";"14,9";"14,3";"1010,1";"1010,1";"1010,0";"0,8";"76,0";"2,3";"";"0,0"
"21/03/2025";"0300";"17,0";"18,0";"17,0";"85,0";"86,0";"82,0";"14,5";"15,1";"14,5";"1009,9";"1010,1";"1009,8";"0,8";"224,0";"1,4";"";"0,0"
"21/03/2025";"0400";"16,5";"17,0";"16,5";"88,0";"88,0";"85,0";"14,5";"14,9";"14,5";"1009,7";"1009,9";"1009,7";"0,3";"347,0";"1,3";"";"0,0"
"21/03/2025";"0500";"16,0";"16,7";"15,8";"91,0";"91,0";"88,0";"14,5";"14,8";"14,1";"1009,4";"1009,7";"1009,4";"0,7";"58,0";"1,2";"";"0,0"
"21/03/2025";"0600";"15,2";"16,0";"15,2";"93,0";"93,0";"90,0";"14,0";"14,6";"14,0";"1008,9";"1009,5";"1008,9";"1,4";"110,0";"2,0";"";"0,0"
"21/03/2025";"0700";"14,8";"15,4";"14,8";"94,0";"94,0";"93,0";"13,9";"14,3";"13,7";"1008,6";"1008,9";"1008,5";"0,6";"148,0";"2,0";"";"0,0"
"21/03/2025";"0800";"14,4";"15,0";"14,3";"95,0";"95,0";"94,0";"13,6";"14,2";"13,4";"1008,7";"1008,7";"1008,6";"1,3";"73,0";"1,8";"";"0,0"
"21/03/2025";"0900";"14,3";"14,6";"14,1";"95,0";"96,0";"95,0";"13,6";"13,9";"13,3";"1009,1";"1009,2";"1008,7";"1,2";"69,0";"1,8";"";"0,0"
"21/03/2025";"1000";"14,4";"14,7";"14,0";"96,0";"96,0";"95,0";"13,7";"14,0";"13,2";"1009,9";"1009,9";"1009,1";"0,4";"206,0";"1,7";"30,90";"0,0"
"21/03/2025";"1100";"18,0";"18,1";"14,2";"85,0";"96,0";"85,0";"15,5";"15,9";"13,4";"1010,6";"1010,6";"1009,9";"0,6";"144,0";"1,5";"502,60";"0,0"
"21/03/2025";"1200";"21,0";"21,1";"17,6";"75,0";"86,0";"75,0";"16,4";"17,0";"14,9";"1010,9";"1011,0";"1010,6";"1,0";"232,0";"2,1";"1266,00";"0,0"
"21/03/2025";"1300";"24,4";"24,4";"20,6";"63,0";"76,0";"63,0";"16,8";"17,1";"15,8";"1010,8";"1011,0";"1010,8";"1,3";"217,0";"2,6";"1935,30";"0,0"
"21/03/2025";"1400";"27,3";"27,3";"24,1";"55,0";"64,0";"54,0";"17,6";"18,2";"16,2";"1010,1";"1010,8";"1010,1";"1,6";"208,0";"3,7";"2479,40";"0,0"
"21/03/2025";"1500";"28,9";"28,9";"26,3";"50,0";"57,0";"47,0";"17,5";"18,3";"16,0";"1009,5";"1010,1";"1009,5";"1,8";"357,0";"4,4";"2752,30";"0,0"
"21/03/2025";"1600";"30,0";"30,0";"28,5";"45,0";"54,0";"45,0";"16,8";"18,5";"16,1";"1008,6";"1009,5";"1008,6";"1,7";"120,0";"6,0";"2899,40";"0,0"
"21/03/2025";"1700";"29,8";"30,5";"29,1";"46,0";"50,0";"43,0";"17,1";"18,7";"15,9";"1007,6";"1008,6";"1007,6";"3,4";"215,0";"6,1";"2865,30";"0,0"
"21/03/2025";"1800";"30,1";"31,1";"29,7";"44,0";"50,0";"44,0";"16,6";"18,6";"16,6";"1006,8";"1007,6";"1006,8";"1,9";"160,0";"6,1";"2584,20";"0,0"
"21/03/2025";"1900";"30,2";"30,9";"29,9";"45,0";"49,0";"43,0";"16,9";"18,3";"16,3";"1006,4";"1006,8";"1006,4";"2,9";"180,0";"6,0";"2111,40";"0,0"
"21/03/2025";"2000";"29,1";"30,3";"29,1";"47,0";"47,0";"43,0";"16,5";"17,7";"16,1";"1006,2";"1006,5";"1006,1";"2,8";"132,0";"6,4";"1424,50";"0,0"
"21/03/2025";"2100";"27,8";"29,3";"27,7";"52,0";"52,0";"46,0";"17,0";"17,6";"16,1";"1006,3";"1006,3";"1006,0";"1,5";"143,0";"5,5";"548,30";"0,0"
"21/03/2025";"2200";"24,4";"27,8";"24,4";"63,0";"63,0";"52,0";"16,9";"17,4";"16,9";"1006,6";"1006,6";"1006,3";"1,3";"142,0";"4,1";"46,70";"0,0"
"21/03/2025";"2300";"22,7";"24,4";"22,6";"71,0";"71,0";"63,0";"17,2";"17,2";"16,7";"1007,2";"1007,2";"1006,6";"1,5";"153,0";"4,3";"";"0,0"
"22/03/2025";"0000";"20,8";"22,7";"20,7";"82,0";"82,0";"71,0";"17,5";"17,6";"17,1";"1007,6";"1007,6";"1007,2";"1,2";"156,0";"2,8";"";"0,0"
"22/03/2025";"0100";"20,6";"21,0";"20,5";"83,0";"83,0";"81,0";"17,5";"17,7";"17,3";"1007,6";"1007,6";"1007,4";"0,9";"125,0";"2,5";"";"0,0"
"22/03/2025";"0200";"19,9";"20,7";"19,8";"85,0";"86,0";"82,0";"17,4";"17,6";"17,2";"1007,5";"1007,6";"1007,5";"0,9";"11,0";"1,8";"";"0,0"
"22/03/2025";"0300";"18,9";"20,3";"18,9";"88,0";"88,0";"84,0";"16,9";"17,7";"16,3";"1007,3";"1007,5";"1007,2";"1,1";"281,0";"2,4";"";"0,0"
"22/03/2025";"0400";"18,4";"19,4";"18,2";"91,0";"92,0";"87,0";"17,0";"17,4";"16,4";"1007,2";"1007,3";"1007,1";"0,6";"106,0";"2,4";"";"0,0"
"22/03/2025";"0500";"17,3";"18,5";"17,3";"93,0";"93,0";"91,0";"16,2";"17,1";"16,2";"1006,7";"1007,3";"1006,7";"1,1";"121,0";"1,5";"";"0,0"
"22/03/2025";"0600";"17,2";"17,4";"16,9";"95,0";"95,0";"93,0";"16,3";"16,4";"15,9";"1006,7";"1006,8";"1006,4";"0,4";"120,0";"1,7";"";"0,0"
"22/03/2025";"0700";"16,7";"17,3";"16,6";"95,0";"95,0";"94,0";"15,9";"16,5";"15,6";"1006,2";"1006,7";"1006,1";"0,7";"137,0";"2,5";"";"0,0"
"22/03/2025";"0800";"16,3";"17,0";"16,1";"95,0";"95,0";"94,0";"15,5";"16,2";"15,2";"1005,9";"1006,3";"1005,8";"1,0";"268,0";"2,3";"";"0,0"
"22/03/2025";"0900";"16,7";"16,9";"16,1";"95,0";"96,0";"95,0";"16,0";"16,1";"15,4";"1005,5";"1005,9";"1005,5";"2,0";"255,0";"4,9";"";"0,0"
"22/03/2025";"1000";"19,2";"19,6";"16,7";"85,0";"96,0";"84,0";"16,6";"17,6";"15,9";"1006,2";"1006,3";"1005,2";"3,2";"214,0";"4,7";"33,60";"0,0"
"22/03/2025";"1100";"22,0";"22,0";"19,2";"78,0";"85,0";"78,0";"18,0";"18,0";"16,4";"1006,4";"1006,6";"1006,2";"2,9";"202,0";"4,7";"547,20";"0,0"
"22/03/2025";"1200";"26,0";"26,2";"22,0";"59,0";"79,0";"56,0";"17,4";"18,9";"16,7";"1006,3";"1006,5";"1006,2";"2,5";"189,0";"4,4";"1224,70";"0,0"
"22/03/2025";"1300";"28,5";"28,7";"25,9";"46,0";"59,0";"46,0";"15,7";"18,0";"15,7";"1006,1";"1006,3";"1006,1";"2,5";"34,0";"6,5";"1819,60";"0,0"
"22/03/2025";"1400";"30,0";"30,6";"28,1";"41,0";"49,0";"40,0";"15,2";"16,9";"14,9";"1005,2";"1006,1";"1005,2";"4,2";"350,0";"8,3";"1922,70";"0,0"
"22/03/2025";"1500";"31,2";"32,0";"29,7";"37,0";"42,0";"36,0";"15,0";"16,2";"14,5";"1005,0";"1005,3";"1005,0";"5,0";"2,0";"9,2";"2245,20";"0,0"
"22/03/2025";"1600";"32,6";"32,8";"31,1";"34,0";"38,0";"34,0";"14,9";"15,7";"14,2";"1004,0";"1005,0";"1004,0";"3,5";"14,0";"8,1";"2509,70";"0,0"
"22/03/2025";"1700";"33,7";"33,8";"32,0";"33,0";"37,0";"33,0";"15,1";"15,9";"14,2";"1003,1";"1004,0";"1003,1";"2,3";"24,0";"7,5";"2090,00";"0,0"
"22/03/2025";"1800";"33,1";"33,8";"32,2";"33,0";"37,0";"32,0";"14,8";"15,7";"13,8";"1002,3";"1003,1";"1002,3";"2,5";"65,0";"5,7";"1458,10";"0,0"
"22/03/2025";"1900";"31,3";"33,3";"31,3";"41,0";"41,0";"33,0";"16,6";"16,6";"14,2";"1002,5";"1002,5";"1002,2";"2,0";"262,0";"4,0";"772,60";"0,0"
"22/03/2025";"2000";"30,6";"31,3";"30,6";"42,0";"44,0";"40,0";"16,4";"17,1";"15,7";"1002,2";"1002,5";"1002,2";"0,8";"219,0";"2,6";"350,60";"0,0"
"22/03/2025";"2100";"27,9";"30,6";"27,9";"62,0";"62,0";"40,0";"19,8";"20,1";"15,6";"1002,5";"1002,5";"1002,2";"1,5";"77,0";"2,9";"196,30";"0,0"
"22/03/2025";"2200";"25,5";"27,9";"25,3";"73,0";"74,0";"60,0";"20,3";"20,3";"19,3";"1002,9";"1002,9";"1002,5";"2,1";"250,0";"3,0";"20,00";"0,0"
"22/03/2025";"2300";"26,5";"26,8";"25,3";"65,0";"74,0";"65,0";"19,5";"20,5";"19,5";"1003,6";"1003,6";"1002,9";"3,2";"292,0";"5,6";"";"0,0"
"23/03/2025";"0000";"25,4";"26,5";"25,3";"66,0";"67,0";"64,0";"18,7";"19,4";"18,6";"1004,2";"1004,3";"1003,6";"1,9";"334,0";"7,2";"";"0,0"
"23/03/2025";"0100";"24,4";"25,5";"24,3";"74,0";"74,0";"66,0";"19,4";"19,5";"18,7";"1004,2";"1004,4";"1004,0";"0,4";"354,0";"3,8";"";"0,0"
"23/03/2025";"0200";"22,4";"24,4";"22,3";"84,0";"84,0";"74,0";"19,4";"19,7";"18,8";"1004,1";"1004,4";"1004,1";"1,1";"312,0";"1,9";"";"0,0"
"23/03/2025";"0300";"21,6";"22,6";"21,6";"86,0";"86,0";"82,0";"19,2";"19,7";"19,2";"1003,6";"1004,1";"1003,6";"0,4";"36,0";"3,1";"";"0,0"
"23/03/2025";"0400";"20,4";"21,6";"20,4";"90,0";"90,0";"86,0";"18,7";"19,4";"18,7";"1003,8";"1003,9";"1003,6";"0,5";"41,0";"1,5";"";"0,0"
"23/03/2025";"0500";"19,8";"20,4";"19,8";"92,0";"93,0";"90,0";"18,4";"19,0";"18,4";"1003,4";"1003,8";"1003,4";"0,8";"85,0";"1,5";"";"0,0"
"23/03/2025";"0600";"19,5";"19,9";"19,3";"94,0";"94,0";"92,0";"18,5";"18,9";"18,2";"1003,1";"1003,4";"1003,1";"0,8";"102,0";"1,1";"";"0,0"
"23/03/2025";"0700";"19,7";"19,8";"18,7";"95,0";"95,0";"94,0";"18,8";"19,0";"17,7";"1003,0";"1003,1";"1002,8";"0,6";"223,0";"2,2";"";"0,0"
"23/03/2025";"0800";"19,6";"19,8";"19,3";"95,0";"95,0";"94,0";"18,7";"18,9";"18,3";"1003,1";"1003,2";"1003,0";"0,5";"147,0";"1,6";"";"0,0"
"23/03/2025";"0900";"19,0";"19,6";"18,8";"95,0";"95,0";"94,0";"18,1";"18,7";"17,8";"1003,7";"1003,8";"1003,0";"0,7";"197,0";"1,2";"";"0,0"
"23/03/2025";"1000";"19,0";"19,1";"18,7";"95,0";"95,0";"95,0";"18,2";"18,3";"17,9";"1004,3";"1004,3";"1003,6";"0,7";"299,0";"2,0";"24,00";"0,0"
"23/03/2025";"1100";"21,8";"21,9";"19,0";"86,0";"95,0";"86,0";"19,3";"19,7";"18,2";"1004,6";"1004,6";"1004,3";"0,7";"156,0";"2,1";"288,30";"0,0"
"23/03/2025";"1200";"24,5";"24,6";"21,7";"69,0";"86,0";"69,0";"18,4";"20,3";"18,4";"1004,8";"1004,8";"1004,6";"1,5";"280,0";"2,9";"962,00";"0,0"
"23/03/2025";"1300";"27,2";"27,2";"24,4";"59,0";"71,0";"58,0";"18,6";"19,5";"17,9";"1004,8";"1004,9";"1004,7";"1,6";"279,0";"3,6";"1700,10";"0,0"
"23/03/2025";"1400";"28,4";"29,4";"27,2";"49,0";"59,0";"48,0";"16,7";"18,6";"16,4";"1004,6";"1004,9";"1004,6";"3,8";"289,0";"6,7";"2446,70";"0,0"
"23/03/2025";"1500";"30,7";"31,2";"28,4";"44,0";"50,0";"43,0";"17,0";"18,1";"15,7";"1004,3";"1004,6";"1004,2";"1,9";"272,0";"6,6";"2580,10";"0,0"
"23/03/2025";"1600";"31,9";"31,9";"30,3";"39,0";"47,0";"38,0";"16,0";"18,0";"15,8";"1003,4";"1004,3";"1003,3";"4,0";"250,0";"6,3";"2878,80";"0,0"
"23/03/2025";"1700";"31,7";"32,8";"31,5";"41,0";"43,0";"37,0";"16,9";"17,9";"15,8";"1002,8";"1003,5";"1002,8";"3,5";"259,0";"6,3";"2833,60";"0,0"
"23/03/2025";"1800";"32,2";"32,7";"31,4";"43,0";"45,0";"39,0";"18,2";"18,9";"16,5";"1002,1";"1002,8";"1002,1";"1,5";"175,0";"6,6";"2537,00";"0,0"
"23/03/2025";"1900";"32,3";"33,2";"32,0";"43,0";"46,0";"40,0";"18,0";"19,1";"17,5";"1001,8";"1002,1";"1001,8";"3,2";"244,0";"6,0";"2053,70";"0,0"
"23/03/2025";"2000";"31,1";"32,7";"31,0";"47,0";"48,0";"42,0";"18,3";"18,9";"17,4";"1001,8";"1001,9";"1001,6";"2,7";"188,0";"6,5";"1399,70";"0,0"
"23/03/2025";"2100";"29,5";"31,7";"29,5";"51,0";"51,0";"44,0";"18,4";"18,7";"17,6";"1002,2";"1002,2";"1001,8";"2,5";"184,0";"5,4";"615,40";"0,0"
"23/03/2025";"2200";"26,7";"29,5";"26,7";"63,0";"63,0";"50,0";"19,0";"19,0";"18,0";"1002,4";"1002,4";"1002,2";"1,0";"129,0";"4,1";"49,00";"0,0"
"23/03/2025";"2300";"24,3";"26,7";"24,3";"74,0";"74,0";"63,0";"19,4";"19,5";"19,0";"1002,7";"1002,7";"1002,4";"1,2";"138,0";"3,0";"";"0,0"
"24/03/2025";"0000";"23,3";"24,3";"23,2";"80,0";"80,0";"74,0";"19,7";"19,7";"19,3";"1003,6";"1003,6";"1002,8";"2,0";"155,0";"3,4";"";"0,0"
"24/03/2025";"0100";"23,0";"23,5";"22,9";"80,0";"80,0";"79,0";"19,4";"19,9";"19,3";"1004,3";"1004,3";"1003,6";"1,1";"83,0";"3,9";"";"0,0"
"24/03/2025";"0200";"21,8";"23,5";"21,8";"84,0";"84,0";"78,0";"19,0";"19,6";"18,9";"1004,6";"1004,6";"1004,1";"1,3";"70,0";"3,4";"";"0,0"
"24/03/2025";"0300";"21,5";"22,5";"21,3";"87,0";"87,0";"83,0";"19,2";"19,6";"18,6";"1004,4";"1004,6";"1004,4";"0,4";"92,0";"2,0";"";"0,0"
"24/03/2025";"0400";"20,7";"21,7";"20,5";"91,0";"91,0";"86,0";"19,1";"19,4";"18,7";"1004,3";"1004,5";"1004,2";"1,1";"99,0";"2,3";"";"0,0"
"24/03/2025";"0500";"20,3";"20,9";"20,3";"91,0";"91,0";"90,0";"18,8";"19,2";"18,7";"1003,9";"1004,5";"1003,9";"1,3";"131,0";"2,3";"";"0,0"
"24/03/2025";"0600";"19,6";"20,3";"19,6";"93,0";"93,0";"91,0";"18,4";"18,9";"18,4";"1003,6";"1004,0";"1003,6";"0,7";"160,0";"1,8";"";"0,0"
"24/03/2025";"0700";"19,2";"19,6";"19,1";"94,0";"94,0";"93,0";"18,2";"18,6";"18,0";"1003,5";"1003,6";"1003,3";"0,7";"47,0";"1,8";"";"0,0"
"24/03/2025";"0800";"19,1";"19,5";"19,1";"95,0";"95,0";"94,0";"18,3";"18,6";"18,1";"1003,5";"1003,7";"1003,4";"0,6";"75,0";"1,6";"";"0,0"
"24/03/2025";"0900";"18,6";"19,1";"18,2";"95,0";"95,0";"94,0";"17,8";"18,2";"17,3";"1004,1";"1004,1";"1003,3";"0,8";"48,0";"2,6";"";"0,0"
"24/03/2025";"1000";"18,5";"18,8";"18,3";"95,0";"95,0";"95,0";"17,7";"18,0";"17,5";"1004,5";"1004,7";"1003,9";"1,0";"53,0";"2,9";"26,30";"0,0"
"24/03/2025";"1100";"21,7";"21,7";"18,5";"88,0";"95,0";"88,0";"19,5";"19,8";"17,7";"1005,1";"1005,2";"1004,5";"0,6";"120,0";"2,6";"458,10";"0,0"
"24/03/2025";"1200";"24,0";"24,2";"21,5";"78,0";"88,0";"77,0";"19,9";"20,6";"19,1";"1005,5";"1005,5";"1005,1";"1,2";"251,0";"2,2";"1073,00";"0,0"
"24/03/2025";"1300";"26,9";"26,9";"23,7";"70,0";"80,0";"70,0";"21,0";"21,0";"19,7";"1005,3";"1005,6";"1005,1";"1,5";"205,0";"3,3";"1651,30";"0,0"
"24/03/2025";"1400";"28,8";"29,0";"26,4";"60,0";"70,0";"60,0";"20,2";"21,0";"19,5";"1004,5";"1005,3";"1004,5";"1,2";"230,0";"3,4";"2357,90";"0,0"
"24/03/2025";"1500";"30,5";"30,5";"28,7";"54,0";"62,0";"53,0";"20,0";"21,2";"19,6";"1003,8";"1004,5";"1003,8";"2,0";"145,0";"4,0";"2608,90";"0,0"
"24/03/2025";"1600";"31,9";"32,4";"30,5";"50,0";"56,0";"47,0";"20,3";"21,3";"19,2";"1002,9";"1003,8";"1002,9";"2,4";"194,0";"5,0";"2793,50";"0,0"
"24/03/2025";"1700";"32,2";"32,8";"31,4";"49,0";"54,0";"47,0";"20,1";"21,8";"19,6";"1002,1";"1002,9";"1002,1";"2,5";"183,0";"5,6";"2801,60";"0,0"
"24/03/2025";"1800";"32,3";"33,1";"31,7";"48,0";"52,0";"46,0";"19,8";"21,4";"19,5";"1001,3";"1002,1";"1001,3";"3,1";"194,0";"6,7";"2509,80";"0,0"
"24/03/2025";"1900";"32,1";"32,8";"31,7";"48,0";"52,0";"46,0";"19,6";"20,9";"19,3";"1001,2";"1001,4";"1001,1";"2,6";"143,0";"7,7";"2003,30";"0,0"
"24/03/2025";"2000";"31,4";"32,2";"31,3";"52,0";"54,0";"48,0";"20,5";"20,9";"19,5";"1001,2";"1001,4";"1001,1";"2,8";"150,0";"6,9";"1308,30";"0,0"
"24/03/2025";"2100";"28,8";"31,4";"28,8";"61,0";"61,0";"52,0";"20,5";"21,3";"20,3";"1002,2";"1002,2";"1001,2";"2,2";"136,0";"7,5";"388,70";"0,0"
"24/03/2025";"2200";"26,3";"28,8";"26,3";"66,0";"66,0";"61,0";"19,5";"20,7";"19,4";"1003,4";"1003,4";"1002,1";"1,6";"138,0";"7,4";"22,20";"0,0"
"24/03/2025";"2300";"25,3";"26,7";"25,3";"69,0";"70,0";"65,0";"19,3";"19,7";"19,3";"1004,5";"1004,5";"1003,4";"1,1";"138,0";"4,3";"";"0,0"
"25/03/2025";"0000";"23,3";"25,8";"23,3";"78,0";"78,0";"68,0";"19,2";"19,8";"18,7";"1005,7";"1006,0";"1004,5";"4,9";"342,0";"9,2";"";"0,0"
"25/03/2025";"0100";"21,9";"23,3";"21,9";"90,0";"90,0";"78,0";"20,1";"20,3";"19,2";"1005,9";"1006,1";"1005,5";"2,4";"326,0";"7,9";"";"0,4"
"25/03/2025";"0200";"21,5";"21,9";"21,5";"91,0";"92,0";"90,0";"20,0";"20,2";"19,9";"1006,1";"1006,6";"1005,9";"1,1";"105,0";"3,9";"";"0,0"
"25/03/2025";"0300";"21,4";"21,7";"21,4";"92,0";"92,0";"91,0";"20,0";"20,3";"20,0";"1006,5";"1006,6";"1005,9";"1,5";"276,0";"2,6";"";"0,0"
"25/03/2025";"0400";"21,1";"21,4";"21,1";"93,0";"94,0";"92,0";"19,9";"20,1";"19,9";"1006,7";"1006,8";"1006,3";"1,2";"341,0";"2,6";"";"0,0"
"25/03/2025";"0500";"20,9";"21,1";"20,6";"94,0";"94,0";"93,0";"19,9";"20,0";"19,6";"1006,3";"1006,7";"1006,2";"1,3";"179,0";"2,0";"";"0,0"
"25/03/2025";"0600";"20,6";"20,9";"20,6";"95,0";"95,0";"94,0";"19,7";"19,9";"19,7";"1005,9";"1006,5";"1005,9";"0,5";"138,0";"2,3";"";"0,0"
"25/03/2025";"0700";"20,4";"20,7";"20,2";"95,0";"95,0";"95,0";"19,6";"19,8";"19,4";"1006,0";"1006,2";"1005,7";"1,0";"353,0";"2,2";"";"0,0"
"25/03/2025";"0800";"20,2";"20,5";"20,1";"95,0";"95,0";"95,0";"19,5";"19,7";"19,3";"1006,5";"1006,5";"1005,6";"1,0";"196,0";"1,9";"";"0,0"
"25/03/2025";"0900";"20,1";"20,4";"19,8";"95,0";"95,0";"95,0";"19,3";"19,7";"19,0";"1007,2";"1007,3";"1006,5";"1,3";"221,0";"2,6";"";"0,2"
"25/03/2025";"1000";"19,7";"20,0";"19,5";"95,0";"96,0";"95,0";"19,0";"19,3";"18,8";"1007,6";"1007,6";"1007,0";"0,6";"326,0";"1,9";"28,70";"0,0"
"25/03/2025";"1100";"21,1";"21,1";"19,7";"95,0";"96,0";"95,0";"20,2";"20,3";"19,0";"1007,5";"1007,6";"1007,4";"1,2";"82,0";"1,8";"306,90";"0,0"
"25/03/2025";"1200";"23,4";"23,4";"21,1";"86,0";"95,0";"86,0";"20,9";"21,2";"20,3";"1007,9";"1007,9";"1007,5";"1,9";"172,0";"3,1";"743,30";"0,0"
"25/03/2025";"1300";"24,7";"25,7";"23,3";"74,0";"86,0";"71,0";"19,7";"21,4";"19,3";"1008,6";"1008,6";"1007,9";"3,1";"121,0";"5,5";"891,70";"0,0"
"25/03/2025";"1400";"25,6";"25,8";"24,6";"69,0";"75,0";"68,0";"19,4";"20,4";"19,4";"1008,5";"1008,7";"1008,5";"2,6";"116,0";"5,5";"1083,30";"0,0"
"25/03/2025";"1500";"27,2";"28,0";"25,6";"64,0";"69,0";"61,0";"19,8";"20,6";"19,2";"1007,6";"1008,5";"1007,6";"2,2";"150,0";"5,3";"1885,40";"0,0"
"25/03/2025";"1600";"28,6";"29,2";"27,2";"60,0";"66,0";"58,0";"20,0";"21,4";"19,3";"1007,2";"1007,7";"1007,1";"3,6";"137,0";"7,7";"2339,60";"0,0"
"25/03/2025";"1700";"27,8";"28,9";"26,5";"67,0";"70,0";"57,0";"21,1";"21,1";"19,2";"1007,0";"1007,5";"1007,0";"4,2";"161,0";"7,4";"1544,00";"0,0"
"25/03/2025";"1800";"26,9";"28,2";"26,8";"67,0";"70,0";"64,0";"20,2";"21,2";"20,1";"1007,2";"1007,2";"1006,8";"2,8";"159,0";"8,6";"1239,20";"0,0"
"25/03/2025";"1900";"26,1";"26,9";"26,1";"70,0";"70,0";"67,0";"20,2";"20,7";"19,9";"1006,8";"1007,2";"1006,8";"2,9";"160,0";"7,1";"578,20";"0,0"
"25/03/2025";"2000";"25,7";"26,2";"25,6";"64,0";"70,0";"62,0";"18,3";"20,3";"17,9";"1006,6";"1006,8";"1006,5";"2,2";"143,0";"8,5";"421,30";"0,0"
"25/03/2025";"2100";"24,7";"25,7";"24,7";"66,0";"66,0";"62,0";"18,0";"18,4";"17,7";"1006,8";"1006,9";"1006,6";"2,3";"133,0";"6,1";"245,00";"0,0"
"25/03/2025";"2200";"23,6";"24,7";"23,6";"74,0";"74,0";"66,0";"18,6";"18,6";"17,9";"1007,6";"1007,6";"1006,7";"1,1";"137,0";"5,5";"21,00";"0,0"
"25/03/2025";"2300";"23,1";"23,7";"22,9";"78,0";"78,0";"74,0";"19,1";"19,1";"18,6";"1007,7";"1007,7";"1007,4";"1,5";"147,0";"4,1";"";"0,0"
"26/03/2025";"0000";"23,5";"23,7";"23,0";"76,0";"79,0";"76,0";"19,1";"19,2";"19,1";"1007,9";"1008,0";"1007,7";"2,7";"146,0";"6,1";"";"0,0"
"26/03/2025";"0100";"23,3";"23,5";"23,0";"78,0";"79,0";"76,0";"19,2";"19,3";"19,1";"1008,7";"1008,7";"1007,9";"2,3";"161,0";"5,5";"";"0,0"
"26/03/2025";"0200";"22,6";"23,2";"22,5";"78,0";"81,0";"78,0";"18,6";"19,1";"18,6";"1008,9";"1009,0";"1008,7";"2,5";"149,0";"7,2";"";"0,0"
"26/03/2025";"0300";"21,9";"22,6";"21,7";"82,0";"82,0";"78,0";"18,7";"18,7";"18,4";"1008,7";"1009,0";"1008,7";"1,5";"148,0";"5,6";"";"0,0"
"26/03/2025";"0400";"21,8";"22,0";"21,8";"82,0";"83,0";"82,0";"18,7";"18,8";"18,7";"1008,5";"1008,7";"1008,5";"2,1";"152,0";"4,5";"";"0,0"
"26/03/2025";"0500";"21,2";"21,8";"21,2";"85,0";"85,0";"82,0";"18,5";"18,7";"18,5";"1008,7";"1008,7";"1008,4";"1,0";"153,0";"4,5";"";"0,0"
"26/03/2025";"0600";"20,7";"21,2";"20,7";"87,0";"87,0";"85,0";"18,4";"18,6";"18,4";"1008,2";"1008,7";"1008,2";"1,9";"164,0";"2,9";"";"0,0"
"26/03/2025";"0700";"20,2";"21,0";"20,2";"89,0";"89,0";"87,0";"18,3";"18,9";"18,2";"1007,7";"1008,2";"1007,7";"1,0";"132,0";"3,3";"";"0,0"
"26/03/2025";"0800";"20,1";"20,2";"19,8";"91,0";"91,0";"89,0";"18,5";"18,7";"18,2";"1007,6";"1007,7";"1007,5";"0,8";"131,0";"1,9";"";"0,0"
"26/03/2025";"0900";"20,0";"20,3";"19,9";"91,0";"92,0";"90,0";"18,5";"18,7";"18,3";"1007,9";"1007,9";"1007,6";"1,0";"21,0";"1,8";"";"0,0"
"26/03/2025";"1000";"19,7";"20,1";"19,5";"92,0";"92,0";"91,0";"18,4";"18,7";"18,2";"1008,2";"1008,2";"1007,8";"0,8";"17,0";"1,4";"24,60";"0,0"
"26/03/2025";"1100";"22,1";"22,1";"19,7";"85,0";"93,0";"84,0";"19,4";"19,6";"18,4";"1008,8";"1008,8";"1008,2";"1,2";"327,0";"2,2";"435,50";"0,0"
"26/03/2025";"1200";"24,5";"24,9";"22,1";"74,0";"85,0";"73,0";"19,7";"20,1";"19,1";"1008,9";"1009,0";"1008,8";"1,3";"335,0";"2,8";"1216,00";"0,0"
"26/03/2025";"1300";"27,3";"27,4";"23,9";"62,0";"76,0";"61,0";"19,3";"20,1";"18,6";"1008,4";"1008,9";"1008,4";"2,4";"140,0";"5,0";"1742,90";"0,0"
"26/03/2025";"1400";"28,0";"28,4";"26,9";"58,0";"64,0";"58,0";"19,1";"20,2";"18,6";"1008,1";"1008,5";"1008,1";"2,0";"149,0";"5,0";"2324,70";"0,0"
"26/03/2025";"1500";"29,3";"30,0";"27,4";"54,0";"62,0";"54,0";"19,0";"20,6";"18,7";"1007,1";"1008,1";"1007,1";"2,3";"137,0";"4,7";"2746,20";"0,0"
"26/03/2025";"1600";"30,3";"31,3";"28,8";"53,0";"59,0";"51,0";"19,6";"21,0";"18,9";"1006,3";"1007,1";"1006,3";"2,3";"160,0";"6,5";"2720,70";"0,0"
"26/03/2025";"1700";"30,5";"31,4";"29,8";"52,0";"56,0";"50,0";"19,4";"20,9";"19,2";"1005,5";"1006,3";"1005,5";"2,9";"158,0";"6,5";"2807,30";"0,0"
"26/03/2025";"1800";"31,1";"31,8";"29,7";"53,0";"56,0";"50,0";"20,3";"21,3";"19,4";"1004,9";"1005,5";"1004,9";"3,0";"166,0";"6,3";"2318,70";"0,0"
"26/03/2025";"1900";"30,8";"31,4";"29,6";"53,0";"56,0";"50,0";"20,1";"20,7";"19,1";"1004,6";"1004,9";"1004,6";"2,1";"136,0";"7,1";"1737,70";"0,0"
"26/03/2025";"2000";"29,8";"30,9";"29,7";"54,0";"56,0";"51,0";"19,5";"20,7";"19,0";"1004,4";"1004,6";"1004,4";"3,1";"153,0";"6,9";"1267,80";"0,0"
"26/03/2025";"2100";"28,1";"29,9";"28,1";"60,0";"60,0";"54,0";"19,6";"20,0";"19,2";"1004,5";"1004,5";"1004,4";"2,4";"134,0";"7,2";"516,60";"0,0"
"26/03/2025";"2200";"25,8";"28,1";"25,8";"70,0";"70,0";"60,0";"19,8";"19,8";"19,6";"1004,8";"1004,8";"1004,3";"1,1";"137,0";"5,3";"31,20";"0,0"
"26/03/2025";"2300";"24,8";"25,8";"24,8";"73,0";"73,0";"70,0";"19,6";"19,9";"19,6";"1005,0";"1005,0";"1004,7";"1,8";"146,0";"4,9";"";"0,0"
"27/03/2025";"0000";"23,5";"24,8";"23,5";"79,0";"79,0";"73,0";"19,6";"19,7";"19,5";"1005,5";"1005,5";"1005,0";"1,4";"147,0";"4,4";"";"0,0"
"27/03/2025";"0100";"22,7";"23,5";"22,7";"83,0";"83,0";"79,0";"19,6";"19,8";"19,5";"1005,8";"1005,8";"1005,5";"2,1";"176,0";"2,9";"";"0,0"
"27/03/2025";"0200";"22,1";"22,7";"22,1";"86,0";"86,0";"83,0";"19,6";"19,8";"19,5";"1005,8";"1005,9";"1005,8";"1,3";"80,0";"2,9";"";"0,0"
"27/03/2025";"0300";"21,5";"22,1";"21,5";"89,0";"89,0";"86,0";"19,5";"19,8";"19,4";"1006,0";"1006,0";"1005,7";"0,9";"325,0";"1,7";"";"0,0"
"27/03/2025";"0400";"21,3";"21,5";"21,1";"91,0";"91,0";"89,0";"19,7";"19,8";"19,3";"1006,1";"1006,1";"1006,0";"1,4";"271,0";"2,0";"";"0,0"
"27/03/2025";"0500";"20,9";"21,4";"20,8";"92,0";"92,0";"90,0";"19,5";"19,8";"19,4";"1005,8";"1006,1";"1005,8";"0,6";"50,0";"2,0";"";"0,0"
"27/03/2025";"0600";"20,3";"20,9";"20,3";"93,0";"93,0";"92,0";"19,1";"19,6";"19,0";"1005,5";"1005,8";"1005,5";"0,7";"86,0";"1,3";"";"0,0"
"27/03/2025";"0700";"19,8";"20,4";"19,8";"94,0";"94,0";"93,0";"18,8";"19,4";"18,8";"1005,5";"1005,6";"1005,4";"1,2";"84,0";"1,8";"";"0,0"
"27/03/2025";"0800";"19,5";"20,0";"19,5";"95,0";"95,0";"94,0";"18,7";"19,1";"18,5";"1005,0";"1005,5";"1004,9";"0,8";"284,0";"3,0";"";"0,0"
"27/03/2025";"0900";"19,6";"19,7";"19,1";"95,0";"95,0";"95,0";"18,8";"18,9";"18,2";"1005,3";"1005,3";"1004,9";"0,8";"282,0";"2,3";"";"0,0"
"27/03/2025";"1000";"19,7";"19,8";"19,2";"95,0";"95,0";"95,0";"18,9";"19,1";"18,4";"1005,7";"1005,7";"1005,3";"0,7";"285,0";"2,3";"24,90";"0,0"
"27/03/2025";"1100";"22,9";"22,9";"19,7";"87,0";"95,0";"87,0";"20,6";"20,8";"18,9";"1005,7";"1005,8";"1005,6";"0,9";"203,0";"2,5";"405,00";"0,0"
"27/03/2025";"1200";"27,4";"27,4";"22,7";"64,0";"87,0";"63,0";"19,9";"20,7";"19,3";"1005,4";"1005,7";"1005,3";"1,5";"238,0";"3,3";"1147,70";"0,0"
"27/03/2025";"1300";"29,4";"30,1";"27,3";"54,0";"64,0";"52,0";"19,3";"20,0";"18,6";"1005,2";"1005,4";"1005,2";"1,3";"193,0";"4,3";"1853,70";"0,0"
"27/03/2025";"1400";"30,9";"31,2";"29,4";"49,0";"57,0";"48,0";"19,0";"20,1";"18,4";"1004,0";"1005,2";"1004,0";"1,9";"38,0";"5,1";"2053,60";"0,0"
"27/03/2025";"1500";"30,6";"31,1";"30,4";"51,0";"52,0";"49,0";"19,1";"19,8";"18,7";"1004,3";"1004,4";"1004,0";"2,4";"344,0";"4,4";"1248,20";"0,0"
"27/03/2025";"1600";"30,3";"31,0";"30,3";"53,0";"56,0";"50,0";"19,7";"20,9";"18,8";"1003,7";"1004,3";"1003,7";"1,5";"115,0";"6,2";"955,30";"0,0"
"27/03/2025";"1700";"29,8";"30,7";"29,8";"58,0";"58,0";"52,0";"20,5";"20,8";"19,4";"1002,8";"1003,7";"1002,8";"1,3";"166,0";"3,5";"710,20";"0,0"
"27/03/2025";"1800";"28,9";"29,8";"28,8";"61,0";"63,0";"56,0";"20,6";"21,2";"20,1";"1002,0";"1002,8";"1001,6";"1,0";"189,0";"2,2";"336,40";"0,0"
"27/03/2025";"1900";"24,3";"28,9";"24,3";"86,0";"86,0";"61,0";"21,9";"22,0";"20,6";"1003,3";"1003,6";"1002,0";"5,2";"278,0";"9,0";"102,10";"0,2"
"27/03/2025";"2000";"23,3";"24,3";"23,2";"91,0";"91,0";"86,0";"21,8";"22,2";"21,5";"1004,1";"1004,2";"1003,3";"2,2";"314,0";"9,0";"43,60";"0,4"
"27/03/2025";"2100";"22,4";"23,3";"22,3";"92,0";"92,0";"90,0";"21,0";"21,8";"20,8";"1002,9";"1004,3";"1002,9";"1,6";"100,0";"4,3";"28,80";"0,8"
"27/03/2025";"2200";"22,5";"22,7";"22,3";"93,0";"93,0";"92,0";"21,4";"21,4";"21,0";"1003,6";"1003,6";"1002,0";"0,9";"339,0";"5,1";"14,30";"0,2"
"27/03/2025";"2300";"22,2";"22,5";"22,2";"92,0";"93,0";"92,0";"20,9";"21,4";"20,9";"1004,7";"1004,7";"1003,6";"1,3";"352,0";"4,6";"0,40";"0,0"
"28/03/2025";"0000";"22,5";"23,0";"22,0";"91,0";"93,0";"89,0";"21,1";"21,3";"20,8";"1004,1";"1004,7";"1004,0";"2,7";"118,0";"5,5";"";"0,2"
"28/03/2025";"0100";"22,3";"22,6";"22,1";"91,0";"93,0";"90,0";"20,8";"21,1";"20,7";"1003,4";"1004,1";"1002,9";"1,3";"299,0";"4,6";"";"0,0"
"28/03/2025";"0200";"21,9";"22,5";"21,8";"91,0";"92,0";"89,0";"20,4";"20,9";"20,4";"1002,7";"1003,4";"1002,6";"1,4";"94,0";"3,0";"";"0,0"
"28/03/2025";"0300";"21,6";"22,1";"21,5";"92,0";"93,0";"90,0";"20,2";"20,7";"20,0";"1001,7";"1002,8";"1001,7";"1,4";"136,0";"3,3";"";"0,0"
"28/03/2025";"0400";"23,0";"24,3";"21,6";"80,0";"92,0";"72,0";"19,3";"20,4";"18,8";"1001,6";"1001,7";"1000,6";"3,1";"224,0";"7,2";"";"0,0"
"28/03/2025";"0500";"21,7";"23,0";"21,6";"87,0";"88,0";"80,0";"19,5";"19,6";"19,2";"1002,6";"1002,7";"1001,6";"1,1";"296,0";"5,7";"";"0,0"
"28/03/2025";"0600";"20,9";"21,7";"20,7";"90,0";"91,0";"87,0";"19,1";"19,5";"19,1";"1002,4";"1002,8";"1002,4";"2,3";"76,0";"2,7";"";"0,0"
"28/03/2025";"0700";"20,2";"21,1";"19,9";"94,0";"94,0";"88,0";"19,1";"19,2";"18,6";"1002,1";"1002,4";"1002,1";"1,6";"279,0";"3,1";"";"0,0"
"28/03/2025";"0800";"20,1";"20,6";"20,1";"94,0";"94,0";"93,0";"19,1";"19,4";"19,0";"1001,9";"1002,1";"1001,7";"0,3";"52,0";"2,4";"";"0,0"
"28/03/2025";"0900";"19,2";"20,1";"19,2";"95,0";"95,0";"93,0";"18,3";"19,0";"18,3";"1002,4";"1002,5";"1001,9";"1,1";"79,0";"1,5";"";"0,0"
"28/03/2025";"1000";"18,9";"19,7";"18,9";"95,0";"95,0";"94,0";"18,1";"18,9";"18,0";"1002,8";"1002,8";"1002,4";"0,8";"150,0";"2,1";"23,70";"0,0"
"28/03/2025";"1100";"21,1";"21,3";"18,9";"90,0";"95,0";"90,0";"19,5";"20,0";"18,1";"1003,7";"1003,7";"1002,8";"1,0";"173,0";"1,5";"483,40";"0,0"
"28/03/2025";"1200";"23,4";"23,4";"21,1";"83,0";"91,0";"81,0";"20,3";"20,5";"19,4";"1004,4";"1004,4";"1003,7";"2,1";"293,0";"3,2";"1307,70";"0,0"
"28/03/2025";"1300";"24,9";"25,0";"23,4";"76,0";"84,0";"76,0";"20,4";"21,1";"20,1";"1004,7";"1004,8";"1004,4";"2,5";"313,0";"4,2";"1267,00";"0,0"
"28/03/2025";"1400";"26,3";"26,6";"24,9";"69,0";"78,0";"68,0";"20,2";"21,4";"19,8";"1004,8";"1004,8";"1004,5";"2,5";"331,0";"5,4";"1094,20";"0,0"
"28/03/2025";"1500";"27,3";"27,4";"26,3";"62,0";"70,0";"62,0";"19,5";"20,5";"19,5";"1004,4";"1004,8";"1004,3";"2,3";"332,0";"4,3";"1009,50";"0,0"
"28/03/2025";"1600";"27,1";"27,5";"26,9";"64,0";"64,0";"61,0";"19,8";"19,8";"19,1";"1003,9";"1004,5";"1003,9";"2,5";"347,0";"4,5";"745,90";"0,0"
"28/03/2025";"1700";"28,0";"28,7";"27,1";"57,0";"65,0";"54,0";"18,7";"20,0";"18,2";"1003,1";"1003,9";"1003,1";"2,8";"3,0";"5,3";"1083,60";"0,2"
"28/03/2025";"1800";"29,1";"29,6";"27,8";"53,0";"58,0";"52,0";"18,4";"19,5";"18,3";"1001,9";"1003,1";"1001,9";"3,1";"358,0";"5,4";"1229,80";"0,0"
"28/03/2025";"1900";"27,8";"29,2";"27,8";"59,0";"60,0";"52,0";"19,2";"19,5";"18,0";"1002,7";"1002,7";"1001,9";"1,9";"269,0";"5,1";"522,70";"0,0"
"28/03/2025";"2000";"27,5";"27,8";"27,2";"66,0";"66,0";"59,0";"20,5";"20,5";"19,1";"1002,9";"1003,0";"1002,8";"1,4";"321,0";"3,2";"273,80";"0,0"
"28/03/2025";"2100";"26,4";"27,5";"26,4";"70,0";"71,0";"65,0";"20,5";"20,8";"20,2";"1003,0";"1003,1";"1002,9";"1,3";"3,0";"2,9";"157,20";"0,0"
"28/03/2025";"2200";"24,4";"26,4";"24,4";"79,0";"79,0";"70,0";"20,5";"20,6";"20,2";"1002,7";"1003,0";"1002,6";"2,1";"69,0";"2,9";"11,70";"0,0"
"28/03/2025";"2300";"23,3";"24,5";"23,2";"84,0";"84,0";"78,0";"20,5";"20,6";"20,2";"1003,4";"1003,4";"1002,7";"0,5";"69,0";"2,9";"";"0,0"
"29/03/2025";"0000";"22,6";"23,7";"22,6";"85,0";"85,0";"83,0";"20,0";"20,8";"19,9";"1004,0";"1004,0";"1003,4";"1,3";"188,0";"1,8";"";"0,0"
"29/03/2025";"0100";"22,2";"23,1";"22,2";"88,0";"88,0";"85,0";"20,0";"20,7";"19,8";"1004,0";"1004,0";"1003,8";"0,4";"5,0";"2,8";"";"0,0"
"29/03/2025";"0200";"22,1";"22,8";"21,9";"90,0";"90,0";"87,0";"20,3";"20,7";"20,0";"1004,0";"1004,1";"1003,9";"1,1";"142,0";"1,7";"";"0,0"
"29/03/2025";"0300";"22,2";"22,7";"22,1";"89,0";"90,0";"87,0";"20,4";"20,6";"20,3";"1003,8";"1004,0";"1003,6";"1,1";"218,0";"2,0";"";"0,0"
"29/03/2025";"0400";"22,5";"22,6";"22,1";"88,0";"90,0";"88,0";"20,4";"20,6";"20,3";"1003,9";"1003,9";"1003,6";"1,8";"189,0";"4,2";"";"0,0"
"29/03/2025";"0500";"21,8";"22,6";"21,8";"90,0";"90,0";"88,0";"20,2";"20,5";"20,1";"1004,0";"1004,1";"1003,8";"1,4";"224,0";"3,5";"";"0,0"
"29/03/2025";"0600";"21,7";"21,9";"21,4";"92,0";"93,0";"90,0";"20,3";"20,6";"19,9";"1003,6";"1004,0";"1003,5";"1,2";"222,0";"2,1";"";"0,0"
"29/03/2025";"0700";"21,3";"21,7";"21,3";"93,0";"93,0";"92,0";"20,0";"20,4";"19,9";"1003,6";"1003,7";"1003,4";"1,1";"14,0";"2,0";"";"0,0"
"29/03/2025";"0800";"20,7";"21,3";"20,6";"94,0";"94,0";"93,0";"19,7";"20,1";"19,5";"1004,1";"1004,2";"1003,5";"0,4";"16,0";"2,4";"";"0,0"
"29/03/2025";"0900";"20,8";"21,0";"20,5";"94,0";"95,0";"94,0";"19,9";"20,1";"19,6";"1004,5";"1004,6";"1004,1";"0,7";"82,0";"2,0";"";"0,0"
"29/03/2025";"1000";"20,6";"20,8";"20,4";"95,0";"95,0";"94,0";"19,7";"19,8";"19,5";"1005,0";"1005,0";"1004,5";"1,3";"126,0";"2,1";"23,30";"0,0"
"29/03/2025";"1100";"21,8";"21,8";"20,6";"92,0";"95,0";"92,0";"20,4";"20,5";"19,7";"1005,8";"1005,8";"1005,0";"0,7";"129,0";"1,9";"216,10";"0,0"
"29/03/2025";"1200";"23,2";"23,3";"21,8";"87,0";"92,0";"87,0";"20,8";"21,2";"20,4";"1006,5";"1006,5";"1005,8";"0,8";"305,0";"1,5";"424,40";"0,0"
"29/03/2025";"1300";"25,0";"25,0";"23,2";"81,0";"87,0";"81,0";"21,5";"21,8";"20,9";"1006,6";"1006,8";"1006,5";"1,3";"278,0";"3,1";"895,60";"0,0"
"29/03/2025";"1400";"26,9";"27,6";"24,9";"69,0";"81,0";"69,0";"20,7";"21,9";"20,7";"1006,5";"1006,6";"1006,5";"1,0";"224,0";"3,6";"1328,80";"0,0"
"29/03/2025";"1500";"28,7";"28,9";"26,1";"63,0";"73,0";"62,0";"21,1";"21,7";"20,0";"1005,8";"1006,5";"1005,8";"2,0";"208,0";"3,8";"2325,30";"0,0"
"29/03/2025";"1600";"28,7";"29,9";"28,0";"61,0";"65,0";"58,0";"20,4";"21,7";"19,8";"1005,2";"1005,8";"1005,2";"1,6";"179,0";"4,2";"2561,20";"0,0"
"29/03/2025";"1700";"28,9";"30,6";"28,4";"61,0";"63,0";"56,0";"20,7";"21,4";"19,9";"1004,2";"1005,2";"1004,2";"1,8";"165,0";"4,4";"2073,00";"0,0"
"29/03/2025";"1800";"31,6";"31,6";"28,9";"53,0";"62,0";"52,0";"20,9";"21,4";"19,9";"1003,5";"1004,2";"1003,5";"3,2";"252,0";"5,1";"1636,80";"0,0"
"29/03/2025";"1900";"30,7";"32,0";"29,9";"56,0";"58,0";"50,0";"20,9";"20,9";"19,7";"1003,2";"1003,6";"1003,1";"2,1";"225,0";"5,0";"1506,60";"0,0"
"29/03/2025";"2000";"30,6";"31,2";"30,2";"54,0";"56,0";"50,0";"20,3";"20,5";"19,3";"1002,7";"1003,3";"1002,7";"2,0";"216,0";"4,1";"1286,60";"0,0"
"29/03/2025";"2100";"28,1";"30,7";"28,1";"64,0";"65,0";"53,0";"20,7";"20,9";"19,7";"1003,1";"1003,1";"1002,7";"2,5";"115,0";"5,8";"327,20";"0,0"
"29/03/2025";"2200";"26,4";"28,1";"26,4";"70,0";"70,0";"64,0";"20,5";"20,8";"20,4";"1003,7";"1003,7";"1003,1";"2,6";"132,0";"6,0";"12,70";"0,0"
"29/03/2025";"2300";"24,6";"26,4";"24,6";"75,0";"75,0";"70,0";"19,9";"20,5";"19,9";"1005,0";"1005,0";"1003,7";"1,2";"142,0";"6,0";"";"0,0"
"30/03/2025";"0000";"24,6";"24,8";"24,2";"70,0";"76,0";"70,0";"18,6";"19,9";"18,6";"1005,5";"1005,5";"1005,0";"3,8";"121,0";"6,1";"";"0,0"
"30/03/2025";"0100";"23,7";"24,7";"23,7";"72,0";"72,0";"68,0";"18,3";"18,6";"18,3";"1005,7";"1005,8";"1005,5";"1,3";"142,0";"7,3";"";"0,0"
"30/03/2025";"0200";"22,5";"23,7";"22,5";"79,0";"79,0";"72,0";"18,7";"18,7";"18,3";"1005,5";"1005,7";"1005,5";"1,2";"149,0";"3,5";"";"0,0"
"30/03/2025";"0300";"22,3";"22,5";"22,0";"82,0";"83,0";"79,0";"19,1";"19,2";"18,7";"1005,4";"1005,6";"1005,3";"1,8";"127,0";"3,5";"";"0,0"
"30/03/2025";"0400";"21,8";"22,7";"21,8";"85,0";"85,0";"82,0";"19,2";"19,5";"19,0";"1005,1";"1005,4";"1005,1";"1,2";"162,0";"3,3";"";"0,0"
"30/03/2025";"0500";"21,3";"22,0";"21,2";"89,0";"89,0";"85,0";"19,4";"19,6";"19,2";"1004,9";"1005,1";"1004,8";"0,3";"323,0";"2,1";"";"0,0"
"30/03/2025";"0600";"20,9";"21,6";"20,7";"91,0";"91,0";"88,0";"19,3";"19,7";"18,9";"1004,6";"1004,9";"1004,5";"1,0";"311,0";"1,9";"";"0,0"
"30/03/2025";"0700";"20,0";"20,9";"20,0";"92,0";"92,0";"90,0";"18,5";"19,3";"18,5";"1003,8";"1004,6";"1003,8";"0,9";"48,0";"1,6";"";"0,0"
"30/03/2025";"0800";"19,8";"20,3";"19,1";"95,0";"95,0";"92,0";"18,9";"19,2";"18,0";"1004,3";"1004,3";"1003,7";"1,3";"323,0";"1,9";"";"0,0"
"30/03/2025";"0900";"19,2";"19,8";"19,2";"94,0";"95,0";"94,0";"18,2";"18,9";"18,2";"1004,8";"1004,8";"1004,3";"1,0";"203,0";"2,4";"";"0,0"
"30/03/2025";"1000";"19,6";"19,6";"19,1";"95,0";"95,0";"94,0";"18,8";"18,8";"18,1";"1005,1";"1005,1";"1004,8";"0,7";"55,0";"1,5";"26,50";"0,0"
"30/03/2025";"1100";"21,3";"21,3";"19,6";"90,0";"95,0";"89,0";"19,6";"20,2";"18,9";"1006,0";"1006,0";"1005,1";"1,0";"164,0";"1,9";"496,30";"0,0"
"30/03/2025";"1200";"23,5";"23,8";"21,3";"82,0";"90,0";"80,0";"20,3";"20,8";"19,5";"1006,2";"1006,3";"1006,0";"0,9";"267,0";"1,9";"1106,90";"0,0"
"30/03/2025";"1300";"25,8";"26,3";"23,6";"71,0";"82,0";"70,0";"20,0";"20,6";"19,7";"1005,6";"1006,3";"1005,5";"1,4";"301,0";"2,7";"1867,30";"0,0"
"30/03/2025";"1400";"27,9";"28,0";"25,5";"64,0";"72,0";"64,0";"20,4";"21,2";"19,6";"1004,5";"1005,6";"1004,5";"1,7";"171,0";"3,1";"2361,50";"0,0"
"30/03/2025";"1500";"30,1";"30,1";"27,6";"58,0";"64,0";"57,0";"21,0";"21,0";"19,9";"1003,2";"1004,5";"1003,2";"1,0";"218,0";"3,5";"2654,10";"0,0"
"30/03/2025";"1600";"31,8";"32,2";"30,2";"52,0";"58,0";"51,0";"20,5";"21,5";"19,8";"1001,9";"1003,2";"1001,9";"1,9";"292,0";"4,1";"2817,20";"0,0"
"30/03/2025";"1700";"32,9";"33,1";"31,2";"48,0";"54,0";"47,0";"20,3";"21,6";"19,9";"1000,9";"1001,9";"1000,9";"1,5";"199,0";"4,8";"2757,20";"0,0"
"30/03/2025";"1800";"34,2";"34,7";"32,5";"46,0";"49,0";"42,0";"21,0";"21,5";"19,1";"1000,1";"1000,9";"1000,0";"1,5";"231,0";"4,3";"2488,10";"0,0"
"30/03/2025";"1900";"33,8";"34,4";"33,2";"49,0";"49,0";"44,0";"21,5";"21,7";"19,9";"999,4";"1000,1";"999,4";"2,9";"240,0";"6,6";"2003,80";"0,0"
"30/03/2025";"2000";"32,7";"33,9";"32,7";"51,0";"52,0";"48,0";"21,3";"22,1";"20,9";"999,1";"999,4";"999,1";"2,4";"214,0";"5,5";"1301,40";"0,0"
"30/03/2025";"2100";"31,0";"32,7";"31,0";"57,0";"57,0";"51,0";"21,5";"21,7";"21,2";"999,2";"999,2";"999,1";"1,8";"169,0";"4,5";"528,20";"0,0"
"30/03/2025";"2200";"28,8";"31,0";"28,8";"67,0";"67,0";"57,0";"22,0";"22,1";"21,4";"999,6";"999,7";"999,2";"1,3";"115,0";"3,6";"23,50";"0,0"
"30/03/2025";"2300";"27,5";"28,8";"27,5";"70,0";"71,0";"67,0";"21,6";"22,1";"21,6";"1000,1";"1000,1";"999,6";"2,5";"115,0";"4,3";"";"0,0"
"31/03/2025";"0000";"26,4";"27,7";"26,3";"75,0";"75,0";"69,0";"21,6";"21,6";"21,3";"1000,8";"1000,8";"1000,1";"1,3";"153,0";"4,8";"";"0,0"
"31/03/2025";"0100";"25,9";"26,6";"25,7";"78,0";"78,0";"75,0";"21,7";"21,8";"21,4";"1001,4";"1001,4";"1000,8";"0,9";"20,0";"3,3";"";"0,0"
"31/03/2025";"0200";"25,2";"26,1";"25,1";"81,0";"82,0";"77,0";"21,8";"21,8";"21,3";"1001,6";"1001,7";"1001,4";"1,5";"317,0";"3,1";"";"0,0"
"31/03/2025";"0300";"24,9";"25,3";"24,3";"83,0";"85,0";"81,0";"21,8";"21,8";"21,3";"1001,8";"1001,8";"1001,6";"1,1";"287,0";"3,1";"";"0,0"
"31/03/2025";"0400";"23,4";"24,9";"23,4";"88,0";"88,0";"83,0";"21,3";"21,9";"21,2";"1001,7";"1001,9";"1001,7";"1,1";"125,0";"2,2";"";"0,0"
"31/03/2025";"0500";"23,2";"23,5";"22,7";"90,0";"91,0";"88,0";"21,5";"21,7";"20,7";"1001,7";"1001,8";"1001,6";"1,2";"192,0";"3,0";"";"0,0"
"31/03/2025";"0600";"23,5";"24,0";"22,4";"88,0";"92,0";"88,0";"21,4";"22,3";"20,8";"1001,6";"1001,8";"1001,5";"1,2";"249,0";"3,2";"";"0,0"
"31/03/2025";"0700";"24,8";"25,4";"22,6";"76,0";"90,0";"75,0";"20,4";"21,8";"20,4";"1001,4";"1001,5";"1001,3";"1,4";"196,0";"3,1";"";"0,0"
"31/03/2025";"0800";"26,3";"26,4";"23,6";"68,0";"81,0";"68,0";"19,9";"20,8";"19,7";"1001,5";"1001,6";"1001,3";"2,7";"30,0";"6,4";"";"0,0"
"31/03/2025";"0900";"26,5";"27,1";"24,9";"66,0";"71,0";"64,0";"19,6";"20,2";"19,3";"1002,2";"1002,2";"1001,5";"3,0";"348,0";"6,5";"";"0,0"
"31/03/2025";"1000";"26,3";"27,1";"26,0";"67,0";"67,0";"64,0";"19,7";"19,8";"19,4";"1002,8";"1002,9";"1002,2";"1,9";"183,0";"8,0";"22,60";"0,0"
"31/03/2025";"1100";"28,0";"28,0";"26,0";"61,0";"68,0";"61,0";"19,7";"19,9";"19,5";"1003,9";"1003,9";"1002,8";"1,2";"324,0";"7,4";"470,30";"0,0"
"31/03/2025";"1200";"29,4";"29,8";"28,0";"57,0";"61,0";"56,0";"19,9";"20,2";"19,5";"1004,1";"1004,1";"1003,9";"4,1";"20,0";"8,7";"1201,80";"0,0"
"31/03/2025";"1300";"31,4";"31,5";"29,2";"51,0";"57,0";"50,0";"19,9";"20,3";"19,4";"1003,4";"1004,1";"1003,4";"3,1";"348,0";"8,6";"1848,20";"0,0"
"31/03/2025";"1400";"32,9";"33,2";"31,0";"45,0";"52,0";"45,0";"19,5";"20,2";"19,4";"1002,7";"1003,5";"1002,7";"3,4";"336,0";"7,8";"2405,70";"0,0"
"31/03/2025";"1500";"34,4";"34,8";"32,8";"43,0";"46,0";"41,0";"20,0";"20,2";"19,3";"1002,5";"1002,8";"1002,5";"3,2";"359,0";"7,1";"2692,00";"0,0"
"31/03/2025";"1600";"33,7";"35,0";"33,5";"47,0";"48,0";"42,0";"20,7";"21,1";"19,7";"1002,0";"1002,6";"1002,0";"3,0";"317,0";"7,5";"2198,30";"0,0"
"31/03/2025";"1700";"35,0";"35,4";"33,6";"42,0";"47,0";"42,0";"20,2";"21,1";"20,2";"1001,1";"1002,0";"1001,1";"1,9";"315,0";"5,0";"1768,00";"0,0"
"31/03/2025";"1800";"33,7";"35,3";"33,7";"46,0";"46,0";"41,0";"20,4";"20,7";"20,0";"1000,9";"1001,1";"1000,9";"4,4";"273,0";"7,1";"1066,20";"0,0"
"31/03/2025";"1900";"27,9";"33,9";"27,9";"60,0";"60,0";"45,0";"19,4";"20,8";"18,9";"1002,8";"1002,8";"1000,7";"3,9";"179,0";"10,3";"413,30";"0,0"
"31/03/2025";"2000";"22,9";"27,9";"22,8";"89,0";"90,0";"60,0";"21,0";"21,1";"19,0";"1005,9";"1005,9";"1002,8";"1,9";"187,0";"9,3";"28,30";"2,2"
"31/03/2025";"2100";"22,6";"23,1";"22,6";"90,0";"90,0";"89,0";"20,9";"21,3";"20,9";"1006,3";"1006,6";"1005,6";"1,6";"198,0";"3,9";"25,00";"1,4"
"31/03/2025";"2200";"22,7";"22,7";"22,4";"91,0";"92,0";"90,0";"21,1";"21,3";"20,9";"1007,2";"1007,2";"1006,3";"1,9";"75,0";"3,6";"2,60";"0,0"
"31/03/2025";"2300";"22,3";"22,7";"22,3";"92,0";"92,0";"91,0";"21,0";"21,2";"20,9";"1007,4";"1007,9";"1007,2";"1,1";"136,0";"4,7";"0,70";"0,0"
"01/04/2025";"0000";"22,1";"22,3";"22,1";"93,0";"93,0";"92,0";"21,0";"21,0";"20,9";"1006,9";"1007,6";"1006,9";"2,3";"127,0";"3,8";"0,10";"0,4"
"01/04/2025";"0100";"22,0";"22,2";"22,0";"94,0";"94,0";"93,0";"20,9";"21,1";"20,9";"1008,0";"1008,1";"1006,9";"0,6";"133,0";"3,9";"";"0,0"
"01/04/2025";"0200";"21,9";"22,0";"21,9";"92,0";"94,0";"92,0";"20,5";"21,0";"20,5";"1008,7";"1008,8";"1007,8";"3,0";"113,0";"5,4";"0,10";"0,2"
"01/04/2025";"0300";"21,4";"21,9";"21,4";"92,0";"92,0";"90,0";"20,1";"20,4";"20,0";"1008,5";"1008,8";"1008,5";"1,5";"153,0";"4,9";"0,30";"0,0"
"01/04/2025";"0400";"21,2";"21,4";"21,2";"93,0";"93,0";"92,0";"20,1";"20,2";"20,1";"1008,8";"1008,8";"1008,4";"1,9";"232,0";"3,0";"";"0,2"
"01/04/2025";"0500";"21,3";"21,3";"21,2";"93,0";"94,0";"93,0";"20,2";"20,3";"20,1";"1008,5";"1008,8";"1008,4";"1,0";"110,0";"3,0";"";"0,0"
"01/04/2025";"0600";"21,3";"21,3";"21,2";"94,0";"94,0";"93,0";"20,2";"20,3";"20,2";"1008,1";"1008,5";"1008,1";"1,7";"170,0";"2,3";"";"0,0"
"01/04/2025";"0700";"21,3";"21,4";"21,2";"93,0";"94,0";"93,0";"20,2";"20,4";"20,1";"1008,2";"1008,3";"1008,0";"1,7";"190,0";"2,7";"0,10";"0,0"
"01/04/2025";"0800";"20,5";"21,3";"20,5";"93,0";"93,0";"91,0";"19,3";"20,2";"19,3";"1008,5";"1008,6";"1008,1";"1,8";"151,0";"6,4";"0,10";"0,0"
"01/04/2025";"0900";"19,7";"20,5";"19,7";"92,0";"93,0";"91,0";"18,4";"19,2";"18,4";"1009,4";"1009,4";"1008,5";"2,9";"154,0";"6,6";"";"0,0"
"01/04/2025";"1000";"19,3";"19,7";"19,3";"92,0";"93,0";"92,0";"18,1";"18,4";"18,0";"1010,1";"1010,1";"1009,4";"2,7";"159,0";"5,7";"6,30";"0,0"
"01/04/2025";"1100";"19,5";"19,6";"19,2";"91,0";"93,0";"91,0";"18,0";"18,3";"18,0";"1011,2";"1011,2";"1010,1";"2,8";"167,0";"5,5";"86,30";"0,0"
"01/04/2025";"1200";"19,4";"19,7";"19,3";"92,0";"92,0";"91,0";"18,1";"18,3";"17,9";"1011,9";"1011,9";"1011,2";"1,5";"161,0";"5,1";"225,30";"0,0"
"01/04/2025";"1300";"19,8";"19,9";"19,3";"93,0";"93,0";"92,0";"18,6";"18,8";"18,1";"1012,3";"1012,3";"1011,9";"2,3";"170,0";"4,8";"384,90";"0,2"
"01/04/2025";"1400";"20,5";"20,9";"19,8";"87,0";"93,0";"86,0";"18,3";"18,7";"18,2";"1011,9";"1012,3";"1011,9";"3,9";"171,0";"7,1";"939,50";"0,0"
"01/04/2025";"1500";"20,8";"21,1";"20,5";"87,0";"88,0";"86,0";"18,5";"19,0";"18,3";"1011,4";"1011,9";"1011,4";"3,9";"165,0";"6,6";"746,00";"0,0"
"01/04/2025";"1600";"21,6";"21,6";"20,8";"86,0";"88,0";"86,0";"19,1";"19,3";"18,5";"1011,0";"1011,4";"1011,0";"2,0";"164,0";"6,6";"762,80";"0,0"
"01/04/2025";"1700";"22,2";"22,3";"21,6";"83,0";"87,0";"83,0";"19,2";"19,6";"18,8";"1010,4";"1011,0";"1010,4";"1,8";"156,0";"5,0";"893,10";"0,0"
"01/04/2025";"1800";"21,7";"22,4";"21,6";"86,0";"87,0";"83,0";"19,3";"19,6";"18,9";"1009,7";"1010,4";"1009,7";"3,2";"168,0";"6,2";"590,10";"0,0"
"01/04/2025";"1900";"21,8";"22,4";"21,7";"85,0";"87,0";"82,0";"19,2";"19,7";"19,0";"1009,2";"1009,7";"1009,2";"2,6";"151,0";"5,8";"434,50";"0,0"
"01/04/2025";"2000";"21,3";"21,9";"21,3";"89,0";"89,0";"85,0";"19,5";"19,6";"19,2";"1008,8";"1009,2";"1008,8";"2,2";"159,0";"5,5";"227,40";"0,0"
"01/04/2025";"2100";"21,4";"21,4";"21,2";"89,0";"91,0";"89,0";"19,5";"19,6";"19,4";"1008,8";"1008,8";"1008,6";"1,8";"156,0";"4,8";"62,60";"0,0"
"01/04/2025";"2200";"21,4";"21,5";"21,4";"89,0";"89,0";"89,0";"19,6";"19,6";"19,5";"1009,1";"1009,1";"1008,8";"1,9";"165,0";"3,8";"2,90";"0,0"
"01/04/2025";"2300";"21,3";"21,5";"21,3";"91,0";"91,0";"89,0";"19,9";"19,9";"19,6";"1009,2";"1009,2";"1009,1";"0,6";"145,0";"3,7";"";"0,0"
"02/04/2025";"0000";"21,3";"21,4";"21,3";"92,0";"92,0";"91,0";"20,0";"20,0";"19,9";"1008,7";"1009,2";"1008,7";"0,5";"67,0";"1,5";"";"0,0"
"02/04/2025";"0100";"21,2";"21,4";"21,2";"93,0";"93,0";"92,0";"20,0";"20,1";"20,0";"1008,8";"1008,9";"1008,7";"1,5";"336,0";"3,0";"";"0,0"
"02/04/2025";"0200";"21,2";"21,2";"21,1";"93,0";"94,0";"93,0";"20,1";"20,1";"20,0";"1008,1";"1008,8";"1008,1";"1,1";"322,0";"2,3";"";"0,0"
"02/04/2025";"0300";"21,0";"21,2";"21,0";"93,0";"93,0";"93,0";"19,9";"20,1";"19,9";"1007,7";"1008,1";"1007,6";"0,6";"306,0";"2,7";"";"0,0"
"02/04/2025";"0400";"20,3";"21,0";"20,3";"95,0";"95,0";"93,0";"19,4";"19,9";"19,4";"1006,8";"1007,7";"1006,8";"1,0";"344,0";"2,1";"";"0,0"
"02/04/2025";"0500";"20,0";"20,3";"20,0";"95,0";"95,0";"95,0";"19,2";"19,5";"19,2";"1006,2";"1006,8";"1006,2";"1,1";"229,0";"2,2";"";"0,0"
"02/04/2025";"0600";"20,0";"20,0";"19,7";"96,0";"96,0";"95,0";"19,3";"19,3";"18,9";"1005,7";"1006,3";"1005,7";"0,9";"338,0";"1,5";"";"0,0"
"02/04/2025";"0700";"20,1";"20,3";"20,0";"95,0";"96,0";"95,0";"19,3";"19,6";"19,2";"1005,0";"1005,7";"1005,0";"0,8";"72,0";"1,5";"";"0,0"
"02/04/2025";"0800";"20,4";"20,5";"20,1";"95,0";"95,0";"95,0";"19,7";"19,7";"19,3";"1004,2";"1005,0";"1004,2";"0,3";"88,0";"1,2";"";"0,0"
"02/04/2025";"0900";"20,4";"20,5";"20,4";"95,0";"95,0";"95,0";"19,6";"19,7";"19,6";"1004,2";"1004,3";"1004,2";"0,7";"179,0";"1,3";"";"0,0"
"02/04/2025";"1000";"20,1";"20,5";"20,1";"95,0";"95,0";"95,0";"19,3";"19,6";"19,3";"1004,4";"1004,4";"1004,0";"1,2";"217,0";"1,7";"17,70";"0,0"
"02/04/2025";"1100";"20,9";"20,9";"20,1";"94,0";"95,0";"94,0";"19,8";"19,8";"19,3";"1004,4";"1004,5";"1004,4";"0,9";"215,0";"2,1";"238,10";"0,0"
"02/04/2025";"1200";"21,5";"21,5";"20,8";"90,0";"94,0";"90,0";"19,9";"20,0";"19,7";"1004,5";"1004,6";"1004,3";"3,4";"229,0";"4,9";"388,20";"0,0"
"02/04/2025";"1300";"28,8";"28,8";"21,5";"60,0";"90,0";"60,0";"20,4";"21,5";"19,8";"1004,2";"1004,5";"1004,2";"2,1";"312,0";"5,3";"1394,70";"0,0"
"02/04/2025";"1400";"28,2";"29,7";"28,2";"60,0";"60,0";"55,0";"19,7";"20,5";"19,2";"1003,9";"1004,3";"1003,9";"3,9";"348,0";"9,4";"1470,20";"0,0"
"02/04/2025";"1500";"30,2";"30,2";"28,1";"55,0";"61,0";"55,0";"20,3";"20,6";"19,4";"1003,2";"1003,9";"1003,2";"2,9";"348,0";"6,6";"971,10";"0,0"
"02/04/2025";"1600";"30,4";"31,3";"30,0";"57,0";"57,0";"52,0";"20,9";"21,3";"19,8";"1001,9";"1003,2";"1001,9";"3,2";"337,0";"7,0";"1695,40";"0,0"
"02/04/2025";"1700";"28,9";"32,1";"28,9";"65,0";"65,0";"53,0";"21,8";"22,1";"20,7";"1001,1";"1001,9";"1001,0";"5,4";"249,0";"9,0";"1575,60";"0,0"
"02/04/2025";"1800";"23,5";"28,9";"23,5";"91,0";"91,0";"66,0";"21,9";"22,1";"21,2";"1002,0";"1002,0";"1001,0";"2,4";"273,0";"13,5";"230,00";"1,8"
"02/04/2025";"1900";"23,0";"23,5";"23,0";"94,0";"94,0";"91,0";"22,0";"22,3";"21,8";"1002,6";"1002,6";"1001,9";"2,9";"297,0";"8,3";"82,50";"12,0"
"02/04/2025";"2000";"23,1";"23,1";"23,0";"93,0";"94,0";"93,0";"21,9";"22,1";"21,9";"1003,0";"1003,1";"1002,6";"2,3";"45,0";"4,9";"74,80";"4,0"
"02/04/2025";"2100";"22,9";"23,4";"22,9";"93,0";"93,0";"91,0";"21,7";"22,0";"21,7";"1002,9";"1003,1";"1002,9";"2,1";"17,0";"3,5";"24,20";"3,4"
"02/04/2025";"2200";"22,7";"22,9";"22,7";"92,0";"93,0";"92,0";"21,4";"21,7";"21,4";"1002,7";"1003,0";"1002,7";"0,5";"45,0";"3,3";"11,50";"0,0"
"02/04/2025";"2300";"22,5";"22,7";"22,5";"94,0";"94,0";"92,0";"21,5";"21,5";"21,3";"1003,6";"1003,6";"1002,6";"2,6";"280,0";"5,4";"";"1,2"
"03/04/2025";"0000";"22,2";"22,5";"22,1";"94,0";"94,0";"93,0";"21,1";"21,5";"21,0";"1004,6";"1004,6";"1003,6";"2,3";"301,0";"5,4";"";"1,6"
"03/04/2025";"0100";"21,7";"22,2";"21,7";"94,0";"94,0";"93,0";"20,7";"21,1";"20,7";"1004,3";"1004,7";"1004,3";"1,3";"354,0";"4,4";"";"0,2"
"03/04/2025";"0200";"21,4";"21,8";"21,4";"93,0";"94,0";"93,0";"20,2";"20,7";"20,2";"1003,3";"1004,3";"1003,3";"1,5";"5,0";"2,9";"0,10";"0,0"
"03/04/2025";"0300";"21,3";"21,6";"21,2";"92,0";"93,0";"90,0";"19,9";"20,2";"19,8";"1003,1";"1003,3";"1002,2";"3,4";"240,0";"5,0";"0,60";"0,0"
"03/04/2025";"0400";"21,2";"21,3";"21,0";"92,0";"94,0";"92,0";"20,0";"20,0";"19,9";"1003,6";"1003,8";"1003,1";"3,2";"3,0";"5,1";"0,10";"0,0"
"03/04/2025";"0500";"21,5";"21,8";"21,0";"90,0";"93,0";"89,0";"19,8";"20,1";"19,8";"1004,7";"1004,7";"1003,6";"2,6";"297,0";"6,9";"0,50";"0,0"
"03/04/2025";"0600";"21,3";"21,5";"21,2";"93,0";"93,0";"90,0";"20,1";"20,1";"19,8";"1003,7";"1004,7";"1003,7";"1,8";"8,0";"4,6";"0,70";"0,0"
"03/04/2025";"0700";"20,7";"21,3";"20,7";"94,0";"94,0";"92,0";"19,8";"20,0";"19,7";"1004,7";"1004,7";"1003,6";"1,8";"291,0";"3,8";"0,60";"5,4"
"03/04/2025";"0800";"20,6";"20,7";"20,5";"95,0";"95,0";"94,0";"19,8";"19,8";"19,7";"1004,8";"1005,3";"1004,7";"2,0";"356,0";"3,6";"";"4,0"
"03/04/2025";"0900";"20,3";"20,6";"20,3";"95,0";"95,0";"95,0";"19,5";"19,8";"19,5";"1005,2";"1005,3";"1004,5";"2,1";"219,0";"3,7";"";"2,0"
"03/04/2025";"1000";"20,2";"20,3";"20,1";"95,0";"95,0";"95,0";"19,4";"19,5";"19,2";"1006,2";"1006,2";"1005,2";"0,9";"343,0";"3,2";"3,70";"0,6"
"03/04/2025";"1100";"20,4";"20,4";"20,2";"95,0";"95,0";"95,0";"19,5";"19,6";"19,3";"1006,7";"1006,7";"1005,6";"1,1";"193,0";"2,0";"140,40";"0,4"
"03/04/2025";"1200";"20,9";"20,9";"20,2";"88,0";"95,0";"88,0";"18,8";"19,5";"18,6";"1007,6";"1007,6";"1006,7";"1,1";"283,0";"3,1";"363,60";"0,0"
"03/04/2025";"1300";"21,7";"21,8";"20,9";"82,0";"88,0";"82,0";"18,5";"18,9";"18,2";"1007,5";"1007,7";"1007,4";"0,6";"37,0";"2,4";"928,40";"0,0"
"03/04/2025";"1400";"23,2";"23,3";"21,7";"76,0";"84,0";"76,0";"18,9";"19,5";"18,3";"1007,1";"1007,5";"1007,1";"1,0";"330,0";"3,4";"1711,80";"0,0"
"03/04/2025";"1500";"23,9";"24,5";"23,0";"72,0";"78,0";"70,0";"18,6";"19,5";"18,2";"1006,7";"1007,1";"1006,7";"1,4";"314,0";"3,1";"1853,90";"0,0"
"03/04/2025";"1600";"25,1";"26,7";"23,9";"67,0";"74,0";"61,0";"18,6";"19,8";"18,0";"1005,7";"1006,8";"1005,7";"1,4";"313,0";"3,2";"2357,20";"0,0"
"03/04/2025";"1700";"25,8";"26,7";"25,1";"68,0";"69,0";"64,0";"19,3";"19,9";"18,4";"1005,2";"1005,7";"1005,2";"2,0";"212,0";"3,8";"1664,40";"0,0"
"03/04/2025";"1800";"24,6";"26,2";"24,6";"71,0";"72,0";"65,0";"18,9";"19,8";"18,5";"1004,9";"1005,2";"1004,8";"2,7";"240,0";"4,2";"755,90";"0,0"
"03/04/2025";"1900";"23,9";"24,6";"23,9";"77,0";"78,0";"71,0";"19,7";"19,9";"19,0";"1005,1";"1005,1";"1004,9";"1,8";"297,0";"4,5";"368,30";"0,0"
"03/04/2025";"2000";"22,8";"24,0";"22,7";"86,0";"87,0";"75,0";"20,4";"20,4";"19,1";"1005,2";"1005,3";"1005,1";"1,9";"29,0";"3,4";"239,50";"0,0"
"03/04/2025";"2100";"21,8";"22,9";"21,8";"91,0";"91,0";"84,0";"20,3";"20,5";"19,9";"1005,4";"1005,4";"1005,1";"2,2";"320,0";"3,4";"79,30";"0,6"
"03/04/2025";"2200";"21,4";"21,8";"21,3";"90,0";"92,0";"90,0";"19,8";"20,4";"19,5";"1005,5";"1005,5";"1005,3";"0,5";"10,0";"5,2";"10,40";"0,6"
"03/04/2025";"2300";"21,4";"21,5";"21,4";"92,0";"92,0";"90,0";"20,1";"20,2";"19,8";"1006,4";"1006,4";"1005,5";"0,5";"76,0";"1,3";"";"0,0"
"04/04/2025";"0000";"21,3";"21,5";"21,2";"91,0";"93,0";"90,0";"19,7";"20,2";"19,7";"1007,1";"1007,1";"1006,4";"1,4";"313,0";"3,1";"";"0,0"
"04/04/2025";"0100";"21,1";"21,3";"21,1";"92,0";"92,0";"91,0";"19,8";"19,9";"19,7";"1007,8";"1007,8";"1007,1";"0,6";"79,0";"2,8";"";"0,0"
"04/04/2025";"0200";"21,1";"21,2";"21,0";"94,0";"94,0";"92,0";"20,1";"20,1";"19,8";"1008,3";"1008,3";"1007,8";"1,0";"308,0";"1,5";"";"0,0"
"04/04/2025";"0300";"21,3";"21,5";"21,0";"90,0";"94,0";"90,0";"19,6";"20,1";"19,5";"1008,6";"1008,6";"1008,3";"2,5";"296,0";"4,4";"";"0,0"
"04/04/2025";"0400";"20,6";"21,3";"20,5";"91,0";"91,0";"90,0";"19,0";"19,5";"19,0";"1008,9";"1008,9";"1008,6";"2,3";"312,0";"4,5";"";"0,0"
"04/04/2025";"0500";"20,3";"20,6";"20,2";"91,0";"91,0";"90,0";"18,7";"19,0";"18,5";"1008,9";"1008,9";"1008,8";"1,4";"307,0";"3,6";"";"0,0"
"04/04/2025";"0600";"20,0";"20,3";"19,9";"90,0";"91,0";"90,0";"18,3";"18,7";"18,3";"1009,5";"1009,5";"1008,9";"2,2";"295,0";"3,2";"";"0,0"
"04/04/2025";"0700";"18,6";"20,0";"18,6";"79,0";"90,0";"79,0";"14,9";"18,3";"14,9";"1010,7";"1010,7";"1009,5";"3,1";"241,0";"7,6";"1,20";"0,0"
"04/04/2025";"0800";"16,8";"18,6";"16,7";"75,0";"80,0";"74,0";"12,3";"14,9";"12,2";"1012,2";"1012,2";"1010,7";"3,0";"244,0";"6,9";"0,30";"0,0"
"04/04/2025";"0900";"15,5";"16,9";"15,5";"79,0";"81,0";"74,0";"12,0";"12,9";"12,0";"1013,8";"1013,8";"1012,2";"4,7";"255,0";"8,0";"0,70";"0,0"
"04/04/2025";"1000";"13,8";"15,5";"13,6";"63,0";"80,0";"63,0";"6,9";"11,9";"6,9";"1015,6";"1015,6";"1013,8";"3,9";"265,0";"8,1";"22,20";"0,0"
"04/04/2025";"1100";"14,2";"14,3";"13,5";"59,0";"64,0";"57,0";"6,5";"7,2";"5,4";"1016,5";"1016,5";"1015,6";"1,7";"285,0";"6,9";"306,40";"0,0"
"04/04/2025";"1200";"15,2";"15,2";"14,1";"57,0";"63,0";"56,0";"6,6";"7,4";"5,7";"1017,2";"1017,2";"1016,5";"5,4";"268,0";"8,3";"1278,30";"0,0"
"04/04/2025";"1300";"16,4";"16,4";"15,0";"55,0";"59,0";"54,0";"7,3";"7,7";"6,4";"1017,9";"1017,9";"1017,2";"4,9";"246,0";"9,9";"2026,30";"0,0"
"04/04/2025";"1400";"16,6";"17,6";"16,0";"54,0";"58,0";"52,0";"7,2";"8,5";"6,5";"1017,8";"1018,0";"1017,7";"4,6";"257,0";"9,4";"2516,80";"0,0"
"04/04/2025";"1500";"17,8";"18,8";"16,3";"50,0";"56,0";"49,0";"7,3";"9,2";"6,4";"1017,5";"1017,8";"1017,5";"2,9";"266,0";"8,3";"2688,50";"0,0"
"04/04/2025";"1600";"19,0";"19,5";"17,7";"43,0";"53,0";"43,0";"6,2";"8,6";"5,8";"1017,2";"1017,6";"1017,2";"4,0";"231,0";"7,7";"2621,80";"0,0"
"04/04/2025";"1700";"20,1";"20,1";"18,7";"41,0";"47,0";"36,0";"6,6";"7,5";"4,1";"1016,8";"1017,3";"1016,8";"4,1";"228,0";"7,7";"2822,60";"0,0"
"04/04/2025";"1800";"20,3";"20,7";"19,3";"41,0";"44,0";"37,0";"6,8";"7,2";"4,5";"1016,5";"1016,9";"1016,5";"4,2";"232,0";"8,0";"2660,70";"0,0"
"04/04/2025";"1900";"20,5";"20,8";"18,8";"41,0";"43,0";"37,0";"6,7";"6,9";"4,9";"1016,6";"1016,6";"1016,4";"3,3";"239,0";"8,6";"1972,60";"0,0"
"04/04/2025";"2000";"17,8";"20,6";"17,7";"46,0";"47,0";"35,0";"6,0";"6,6";"3,9";"1016,9";"1016,9";"1016,6";"2,8";"205,0";"7,6";"1141,80";"0,0"
"04/04/2025";"2100";"17,1";"18,9";"16,9";"52,0";"54,0";"45,0";"7,1";"7,5";"6,3";"1017,3";"1017,3";"1016,9";"2,7";"159,0";"6,5";"394,40";"0,0"
"04/04/2025";"2200";"15,3";"17,2";"15,3";"64,0";"64,0";"51,0";"8,4";"8,6";"7,1";"1017,9";"1017,9";"1017,3";"1,6";"146,0";"6,1";"13,70";"0,0"
"04/04/2025";"2300";"15,0";"15,6";"14,9";"59,0";"64,0";"57,0";"7,0";"8,6";"7,0";"1018,7";"1018,7";"1017,9";"2,2";"147,0";"6,4";"";"0,0"
"05/04/2025";"0000";"13,3";"15,0";"13,3";"66,0";"67,0";"59,0";"7,1";"7,4";"6,9";"1019,5";"1019,5";"1018,7";"1,8";"126,0";"5,1";"";"0,0"
"05/04/2025";"0100";"12,5";"13,3";"12,4";"71,0";"72,0";"66,0";"7,4";"7,7";"7,1";"1020,2";"1020,2";"1019,5";"1,2";"67,0";"3,5";"";"0,0"
"05/04/2025";"0200";"13,2";"13,2";"12,1";"68,0";"78,0";"68,0";"7,5";"8,3";"7,4";"1020,3";"1020,3";"1020,2";"2,0";"74,0";"2,7";"";"0,0"
"05/04/2025";"0300";"13,0";"13,4";"12,9";"70,0";"75,0";"66,0";"7,6";"8,6";"7,2";"1020,5";"1020,5";"1020,2";"0,9";"72,0";"2,7";"";"0,0"
"05/04/2025";"0400";"11,9";"13,4";"11,9";"80,0";"80,0";"67,0";"8,6";"8,7";"7,3";"1020,5";"1020,6";"1020,4";"0,9";"102,0";"1,8";"";"0,0"
"05/04/2025";"0500";"11,1";"12,0";"11,0";"88,0";"88,0";"80,0";"9,2";"9,4";"8,6";"1020,3";"1020,5";"1020,3";"0,5";"86,0";"1,4";"";"0,0"
"05/04/2025";"0600";"11,5";"11,5";"10,9";"90,0";"91,0";"86,0";"10,0";"10,0";"8,8";"1020,1";"1020,3";"1020,1";"0,7";"121,0";"1,1";"";"0,0"
"05/04/2025";"0700";"11,9";"11,9";"11,5";"89,0";"90,0";"87,0";"10,1";"10,1";"9,5";"1019,9";"1020,1";"1019,9";"0,5";"181,0";"1,9";"";"0,0"
"05/04/2025";"0800";"10,9";"11,9";"10,9";"92,0";"92,0";"89,0";"9,6";"10,1";"9,6";"1020,0";"1020,0";"1019,7";"0,7";"12,0";"1,4";"";"0,0"
"05/04/2025";"0900";"11,5";"11,5";"10,9";"92,0";"93,0";"92,0";"10,3";"10,3";"9,6";"1020,7";"1020,8";"1020,0";"0,5";"154,0";"1,2";"";"0,0"
"05/04/2025";"1000";"12,0";"12,0";"11,5";"91,0";"92,0";"90,0";"10,5";"10,5";"10,2";"1021,1";"1021,1";"1020,7";"0,4";"349,0";"1,7";"11,00";"0,0"
"05/04/2025";"1100";"13,3";"13,3";"11,9";"84,0";"91,0";"84,0";"10,8";"10,9";"10,4";"1021,6";"1021,6";"1021,2";"1,0";"268,0";"1,7";"350,30";"0,0"
"05/04/2025";"1200";"15,2";"15,4";"13,3";"77,0";"84,0";"75,0";"11,2";"11,4";"10,4";"1022,0";"1022,0";"1021,6";"0,9";"61,0";"2,7";"1112,80";"0,0"
"05/04/2025";"1300";"18,0";"18,0";"15,0";"70,0";"78,0";"70,0";"12,4";"12,6";"11,0";"1021,9";"1022,2";"1021,9";"1,7";"99,0";"3,5";"1450,30";"0,0"
"05/04/2025";"1400";"20,1";"20,4";"17,8";"64,0";"71,0";"64,0";"13,1";"13,7";"12,1";"1021,3";"1021,9";"1021,2";"2,4";"172,0";"5,1";"2602,70";"0,0"
"05/04/2025";"1500";"21,9";"22,5";"19,7";"56,0";"66,0";"56,0";"12,7";"14,4";"12,3";"1020,4";"1021,3";"1020,4";"3,4";"153,0";"8,9";"2722,20";"0,0"
"05/04/2025";"1600";"22,7";"23,0";"21,8";"53,0";"59,0";"51,0";"12,7";"13,9";"11,7";"1019,4";"1020,4";"1019,4";"5,7";"161,0";"9,2";"2918,10";"0,0"
"05/04/2025";"1700";"23,6";"24,0";"22,7";"50,0";"54,0";"49,0";"12,6";"13,3";"12,0";"1018,4";"1019,4";"1018,4";"3,4";"140,0";"10,5";"2833,80";"0,0"
"05/04/2025";"1800";"23,9";"24,4";"22,8";"50,0";"55,0";"48,0";"12,8";"14,1";"12,0";"1017,9";"1018,4";"1017,9";"3,7";"139,0";"8,7";"2428,80";"0,0"
"05/04/2025";"1900";"24,1";"24,9";"23,2";"49,0";"53,0";"46,0";"12,7";"14,0";"12,1";"1017,3";"1017,9";"1017,3";"2,7";"134,0";"8,7";"1823,30";"0,0"
"05/04/2025";"2000";"23,1";"24,3";"23,1";"51,0";"52,0";"49,0";"12,4";"13,3";"12,1";"1017,4";"1017,4";"1017,2";"2,9";"140,0";"8,8";"1283,60";"0,0"
"05/04/2025";"2100";"21,3";"23,1";"21,3";"55,0";"55,0";"51,0";"11,9";"12,6";"11,6";"1017,5";"1017,5";"1017,3";"2,2";"140,0";"6,7";"489,80";"0,0"
"05/04/2025";"2200";"19,0";"21,3";"19,0";"65,0";"65,0";"55,0";"12,3";"12,3";"11,8";"1017,8";"1017,8";"1017,5";"1,2";"144,0";"6,3";"10,80";"0,0"
"05/04/2025";"2300";"19,0";"19,3";"18,7";"64,0";"66,0";"63,0";"12,1";"12,3";"12,0";"1018,1";"1018,1";"1017,7";"3,2";"123,0";"8,8";"";"0,0"
"06/04/2025";"0000";"17,8";"19,0";"17,8";"70,0";"70,0";"64,0";"12,2";"12,3";"12,0";"1018,6";"1018,6";"1018,1";"2,4";"124,0";"8,8";"";"0,0"
"06/04/2025";"0100";"17,3";"18,1";"16,9";"73,0";"74,0";"69,0";"12,3";"12,5";"12,1";"1019,2";"1019,2";"1018,6";"1,3";"133,0";"4,3";"";"0,0"
"06/04/2025";"0200";"15,6";"17,3";"15,5";"81,0";"81,0";"73,0";"12,4";"12,4";"12,1";"1019,1";"1019,3";"1019,1";"0,8";"93,0";"2,5";"";"0,0"
"06/04/2025";"0300";"14,5";"15,6";"14,3";"86,0";"87,0";"81,0";"12,2";"12,5";"12,1";"1019,1";"1019,2";"1019,0";"0,7";"39,0";"1,8";"";"0,0"
"06/04/2025";"0400";"13,5";"14,8";"13,4";"91,0";"91,0";"85,0";"12,0";"12,5";"11,7";"1019,1";"1019,3";"1019,1";"1,1";"70,0";"1,5";"";"0,0"
"06/04/2025";"0500";"13,2";"13,8";"12,9";"92,0";"92,0";"89,0";"11,9";"12,1";"11,5";"1018,9";"1019,1";"1018,8";"0,5";"156,0";"1,8";"";"0,0"
"06/04/2025";"0600";"12,3";"13,2";"12,3";"93,0";"93,0";"91,0";"11,2";"11,8";"11,2";"1018,9";"1019,0";"1018,9";"0,7";"109,0";"1,2";"";"0,0"
"06/04/2025";"0700";"11,6";"12,5";"11,2";"95,0";"95,0";"93,0";"10,7";"11,5";"10,1";"1018,0";"1018,9";"1018,0";"0,8";"51,0";"2,3";"";"0,0"
"06/04/2025";"0800";"11,5";"11,9";"11,2";"95,0";"96,0";"94,0";"10,7";"11,2";"10,3";"1018,2";"1018,2";"1017,9";"0,8";"297,0";"1,9";"";"0,0"
"06/04/2025";"0900";"11,2";"11,6";"10,8";"96,0";"96,0";"95,0";"10,5";"10,9";"10,0";"1018,7";"1018,7";"1018,2";"0,4";"108,0";"1,4";"";"0,0"
"06/04/2025";"1000";"9,9";"11,2";"9,9";"96,0";"96,0";"95,0";"9,3";"10,4";"9,1";"1019,2";"1019,2";"1018,7";"0,4";"258,0";"2,0";"16,90";"0,0"
"06/04/2025";"1100";"13,3";"13,5";"9,9";"89,0";"96,0";"89,0";"11,6";"11,8";"9,3";"1019,9";"1019,9";"1019,2";"0,6";"142,0";"1,6";"484,80";"0,0"
"06/04/2025";"1200";"15,5";"15,5";"13,0";"85,0";"91,0";"83,0";"13,0";"13,0";"11,1";"1020,2";"1020,2";"1019,8";"0,9";"267,0";"1,6";"1253,00";"0,0"
"06/04/2025";"1300";"18,1";"18,3";"15,5";"72,0";"85,0";"70,0";"13,0";"14,0";"12,2";"1020,0";"1020,2";"1020,0";"1,5";"284,0";"3,0";"1943,10";"0,0"
"06/04/2025";"1400";"20,7";"20,9";"18,1";"61,0";"73,0";"60,0";"12,9";"13,7";"12,3";"1019,4";"1020,0";"1019,4";"2,3";"310,0";"3,9";"2447,60";"0,0"
"06/04/2025";"1500";"24,1";"24,1";"20,7";"52,0";"62,0";"52,0";"13,5";"14,2";"12,5";"1018,4";"1019,4";"1018,4";"1,6";"201,0";"3,9";"2725,50";"0,0"
"06/04/2025";"1600";"25,3";"25,8";"23,7";"49,0";"54,0";"45,0";"13,7";"14,7";"12,5";"1017,1";"1018,4";"1017,1";"3,1";"125,0";"7,2";"2813,00";"0,0"
"06/04/2025";"1700";"25,1";"26,0";"24,2";"47,0";"53,0";"46,0";"13,1";"14,8";"12,4";"1015,8";"1017,1";"1015,8";"4,8";"159,0";"8,3";"2223,50";"0,0"
"06/04/2025";"1800";"26,4";"26,4";"25,0";"47,0";"50,0";"45,0";"14,1";"14,5";"12,8";"1014,9";"1015,8";"1014,9";"3,6";"129,0";"8,6";"2518,70";"0,0"
"06/04/2025";"1900";"25,8";"26,4";"25,6";"47,0";"49,0";"44,0";"13,5";"14,3";"13,0";"1014,3";"1014,9";"1014,3";"3,4";"142,0";"8,2";"1974,60";"0,0"
"06/04/2025";"2000";"24,9";"26,2";"24,9";"50,0";"50,0";"46,0";"13,7";"14,4";"13,2";"1013,9";"1014,3";"1013,9";"3,3";"137,0";"7,8";"1238,60";"0,0"
"06/04/2025";"2100";"23,1";"25,0";"23,1";"58,0";"58,0";"49,0";"14,2";"14,2";"13,6";"1013,7";"1013,9";"1013,7";"2,7";"133,0";"7,2";"454,90";"0,0"
"06/04/2025";"2200";"21,0";"23,1";"21,0";"66,0";"66,0";"57,0";"14,4";"14,5";"14,1";"1013,9";"1013,9";"1013,7";"2,1";"133,0";"7,5";"5,60";"0,0"
"06/04/2025";"2300";"19,5";"21,0";"19,5";"72,0";"72,0";"66,0";"14,4";"14,5";"14,3";"1014,3";"1014,3";"1013,9";"0,8";"152,0";"5,7";"";"0,0"
"07/04/2025";"0000";"20,3";"20,4";"18,9";"69,0";"75,0";"69,0";"14,3";"14,6";"14,3";"1014,2";"1014,4";"1014,1";"3,9";"119,0";"7,6";"";"0,0"
"07/04/2025";"0100";"20,0";"20,5";"19,8";"68,0";"69,0";"67,0";"13,9";"14,3";"13,9";"1014,3";"1014,4";"1014,1";"2,0";"104,0";"7,9";"";"0,0"
"07/04/2025";"0200";"18,0";"20,0";"17,8";"78,0";"78,0";"68,0";"14,0";"14,2";"13,8";"1014,1";"1014,4";"1014,1";"1,7";"152,0";"4,0";"";"0,0"
"07/04/2025";"0300";"17,8";"18,1";"17,7";"77,0";"78,0";"76,0";"13,7";"14,1";"13,6";"1013,9";"1014,2";"1013,9";"1,5";"146,0";"3,4";"";"0,0"
"07/04/2025";"0400";"17,5";"18,7";"16,8";"75,0";"81,0";"73,0";"13,0";"14,0";"13,0";"1013,9";"1014,1";"1013,9";"1,3";"224,0";"3,7";"";"0,0"
"07/04/2025";"0500";"16,4";"17,4";"15,9";"81,0";"85,0";"75,0";"13,1";"14,0";"12,8";"1013,4";"1014,0";"1013,4";"0,6";"294,0";"3,5";"";"0,0"
"07/04/2025";"0600";"15,6";"16,5";"15,1";"87,0";"88,0";"81,0";"13,4";"13,6";"12,9";"1013,1";"1013,4";"1013,0";"1,3";"301,0";"2,5";"";"0,0"
"07/04/2025";"0700";"14,6";"15,7";"14,6";"91,0";"91,0";"86,0";"13,1";"13,4";"12,9";"1013,0";"1013,1";"1012,9";"1,2";"345,0";"2,6";"";"0,0"
"07/04/2025";"0800";"14,2";"14,7";"13,6";"94,0";"95,0";"91,0";"13,3";"13,4";"12,5";"1012,7";"1013,0";"1012,7";"0,7";"114,0";"1,7";"";"0,0"
"07/04/2025";"0900";"13,5";"14,2";"13,2";"95,0";"95,0";"93,0";"12,8";"13,4";"12,3";"1013,2";"1013,3";"1012,6";"0,4";"83,0";"1,3";"";"0,0"
"07/04/2025";"1000";"13,5";"13,8";"13,2";"95,0";"96,0";"95,0";"12,7";"13,1";"12,3";"1013,7";"1013,7";"1013,2";"1,3";"126,0";"1,8";"20,30";"0,0"
"07/04/2025";"1100";"15,3";"15,3";"13,5";"95,0";"95,0";"95,0";"14,5";"14,5";"12,8";"1014,2";"1014,4";"1013,6";"0,8";"10,0";"2,0";"337,70";"0,0"
"07/04/2025";"1200";"16,6";"16,7";"15,3";"87,0";"95,0";"87,0";"14,4";"15,0";"14,4";"1012,6";"1014,3";"1012,5";"4,0";"119,0";"7,0";"540,00";"0,0"
"07/04/2025";"1300";"19,7";"19,7";"16,6";"81,0";"87,0";"80,0";"16,3";"16,3";"14,5";"1013,5";"1013,6";"1012,7";"2,0";"259,0";"7,0";"774,90";"0,0"
"07/04/2025";"1400";"20,6";"20,7";"19,5";"74,0";"81,0";"74,0";"15,9";"16,2";"15,4";"1013,1";"1013,5";"1012,8";"0,9";"318,0";"3,1";"798,20";"0,0"
"07/04/2025";"1500";"21,2";"21,3";"20,5";"73,0";"75,0";"69,0";"16,2";"16,2";"15,2";"1013,5";"1013,6";"1013,1";"1,9";"193,0";"6,0";"709,80";"0,0"
"07/04/2025";"1600";"19,9";"21,3";"19,9";"85,0";"85,0";"73,0";"17,4";"17,4";"16,0";"1012,9";"1013,6";"1012,9";"1,1";"271,0";"4,1";"552,60";"0,4"
"07/04/2025";"1700";"18,7";"19,9";"18,7";"92,0";"92,0";"86,0";"17,5";"17,6";"17,2";"1012,3";"1012,9";"1012,1";"1,3";"312,0";"2,2";"272,50";"1,8"
"07/04/2025";"1800";"18,7";"18,7";"18,3";"94,0";"94,0";"92,0";"17,8";"17,8";"17,2";"1011,2";"1012,3";"1011,2";"0,8";"313,0";"2,1";"145,50";"3,6"
"07/04/2025";"1900";"18,6";"18,7";"18,4";"95,0";"95,0";"94,0";"17,8";"17,8";"17,5";"1010,2";"1011,2";"1009,5";"1,6";"254,0";"4,4";"178,70";"3,4"
"07/04/2025";"2000";"18,4";"18,7";"18,3";"95,0";"95,0";"95,0";"17,6";"17,9";"17,5";"1010,0";"1010,2";"1009,8";"1,7";"271,0";"2,6";"160,70";"0,8"
"07/04/2025";"2100";"18,3";"18,4";"18,3";"96,0";"96,0";"95,0";"17,6";"17,7";"17,5";"1009,5";"1010,1";"1009,4";"1,6";"48,0";"2,3";"26,70";"3,6"
"07/04/2025";"2200";"18,6";"18,6";"18,2";"96,0";"96,0";"96,0";"17,9";"17,9";"17,5";"1009,1";"1009,6";"1009,0";"0,7";"179,0";"2,8";"0,70";"1,2"
"07/04/2025";"2300";"18,5";"18,6";"18,4";"96,0";"96,0";"96,0";"17,8";"17,9";"17,7";"1008,9";"1009,1";"1008,9";"1,8";"5,0";"2,4";"";"0,6"
"08/04/2025";"0000";"18,3";"18,5";"18,3";"96,0";"96,0";"96,0";"17,7";"17,9";"17,7";"1008,5";"1008,9";"1008,4";"1,3";"266,0";"2,6";"";"0,2"
"08/04/2025";"0100";"18,6";"18,6";"18,3";"96,0";"96,0";"96,0";"18,0";"18,0";"17,6";"1007,4";"1008,5";"1007,3";"2,3";"126,0";"4,6";"";"0,2"
"08/04/2025";"0200";"18,3";"18,7";"18,3";"96,0";"96,0";"96,0";"17,7";"18,1";"17,7";"1007,5";"1007,7";"1007,3";"1,9";"303,0";"4,6";"0,20";"0,4"
"08/04/2025";"0300";"18,4";"18,4";"18,3";"96,0";"96,0";"96,0";"17,7";"17,8";"17,6";"1008,3";"1008,3";"1007,3";"4,5";"263,0";"7,9";"";"0,0"
"08/04/2025";"0400";"18,0";"18,4";"18,0";"96,0";"96,0";"96,0";"17,3";"17,7";"17,3";"1008,6";"1009,0";"1008,2";"1,9";"69,0";"9,5";"0,20";"12,4"
"08/04/2025";"0500";"18,1";"18,1";"17,9";"95,0";"96,0";"95,0";"17,3";"17,4";"17,2";"1007,4";"1008,6";"1007,0";"3,6";"115,0";"6,1";"";"9,4"
"08/04/2025";"0600";"18,0";"18,2";"18,0";"95,0";"95,0";"95,0";"17,2";"17,4";"17,2";"1006,5";"1007,4";"1006,4";"0,7";"299,0";"5,9";"";"3,2"
"08/04/2025";"0700";"17,9";"18,0";"17,9";"96,0";"96,0";"95,0";"17,2";"17,2";"17,1";"1005,3";"1006,5";"1005,3";"0,8";"288,0";"2,5";"";"0,2"
"08/04/2025";"0800";"18,0";"18,6";"17,9";"94,0";"96,0";"94,0";"17,1";"17,6";"17,1";"1004,7";"1005,3";"1004,4";"1,7";"259,0";"5,1";"";"0,0"
"08/04/2025";"0900";"19,4";"19,5";"18,0";"82,0";"95,0";"82,0";"16,4";"17,5";"16,3";"1004,9";"1005,0";"1004,6";"2,0";"96,0";"3,9";"1,00";"0,0"
"08/04/2025";"1000";"18,2";"19,6";"18,2";"89,0";"89,0";"79,0";"16,4";"16,4";"15,9";"1004,8";"1005,0";"1004,7";"0,8";"298,0";"4,4";"7,70";"0,0"
"08/04/2025";"1100";"19,0";"20,0";"18,3";"85,0";"89,0";"80,0";"16,5";"16,6";"16,1";"1005,1";"1005,2";"1004,6";"2,0";"236,0";"4,0";"77,70";"0,0"
"08/04/2025";"1200";"19,5";"19,7";"18,8";"87,0";"88,0";"85,0";"17,2";"17,3";"16,5";"1005,7";"1005,8";"1005,1";"1,9";"251,0";"3,8";"255,80";"0,0"
"08/04/2025";"1300";"20,9";"21,1";"19,4";"81,0";"89,0";"79,0";"17,4";"18,0";"17,1";"1005,5";"1005,8";"1005,4";"2,6";"206,0";"6,2";"363,20";"0,0"
"08/04/2025";"1400";"21,7";"22,1";"20,6";"75,0";"83,0";"72,0";"17,2";"18,0";"16,7";"1005,5";"1005,6";"1005,4";"4,5";"20,0";"9,0";"451,30";"0,0"
"08/04/2025";"1500";"22,0";"22,0";"21,0";"80,0";"86,0";"74,0";"18,4";"18,7";"17,1";"1005,0";"1005,5";"1005,0";"2,0";"16,0";"9,0";"704,40";"0,8"
"08/04/2025";"1600";"23,8";"23,8";"22,0";"72,0";"80,0";"71,0";"18,4";"19,0";"17,5";"1004,1";"1005,1";"1004,1";"4,0";"33,0";"7,7";"1272,70";"0,0"
"08/04/2025";"1700";"23,9";"23,9";"23,5";"71,0";"73,0";"70,0";"18,4";"18,5";"17,7";"1003,8";"1004,1";"1003,8";"4,1";"20,0";"9,0";"1207,40";"0,0"
"08/04/2025";"1800";"23,3";"23,9";"23,3";"74,0";"74,0";"70,0";"18,5";"18,6";"17,9";"1003,7";"1003,8";"1003,7";"3,0";"8,0";"8,8";"681,00";"0,0"
"08/04/2025";"1900";"25,3";"25,3";"23,3";"69,0";"76,0";"69,0";"19,2";"19,6";"18,3";"1003,3";"1003,7";"1003,3";"2,8";"10,0";"7,0";"985,20";"0,0"
"08/04/2025";"2000";"24,0";"25,3";"23,9";"72,0";"73,0";"68,0";"18,7";"19,2";"18,2";"1003,3";"1003,4";"1003,2";"3,1";"3,0";"6,0";"804,70";"0,0"
"08/04/2025";"2100";"22,7";"24,6";"22,7";"78,0";"78,0";"71,0";"18,7";"19,3";"18,3";"1003,8";"1003,8";"1003,3";"0,9";"175,0";"5,8";"376,80";"0,0"
"08/04/2025";"2200";"21,4";"23,1";"21,2";"86,0";"86,0";"76,0";"18,9";"18,9";"18,5";"1004,2";"1004,2";"1003,8";"0,7";"263,0";"3,0";"3,30";"0,0"
"08/04/2025";"2300";"21,1";"21,8";"21,0";"89,0";"89,0";"84,0";"19,1";"19,2";"18,9";"1004,6";"1004,6";"1004,2";"0,6";"144,0";"2,0";"";"0,0"
"09/04/2025";"0000";"20,8";"21,2";"20,8";"91,0";"91,0";"88,0";"19,2";"19,3";"19,1";"1004,7";"1004,7";"1004,5";"1,1";"182,0";"3,3";"";"0,0"
"09/04/2025";"0100";"20,7";"20,9";"20,6";"92,0";"92,0";"91,0";"19,3";"19,4";"19,2";"1005,2";"1005,2";"1004,7";"1,2";"305,0";"2,8";"";"0,0"
"09/04/2025";"0200";"21,5";"21,5";"20,7";"84,0";"92,0";"84,0";"18,6";"19,4";"18,6";"1005,3";"1005,3";"1005,1";"3,0";"307,0";"5,7";"";"0,0"
"09/04/2025";"0300";"20,6";"21,6";"20,6";"79,0";"84,0";"78,0";"16,9";"18,5";"16,8";"1005,8";"1005,8";"1005,3";"2,6";"288,0";"6,6";"";"0,0"
"09/04/2025";"0400";"20,3";"20,6";"20,3";"81,0";"81,0";"79,0";"16,9";"17,0";"16,8";"1006,1";"1006,1";"1005,8";"1,1";"306,0";"4,3";"";"0,0"
"09/04/2025";"0500";"20,0";"20,3";"19,8";"83,0";"85,0";"80,0";"17,0";"17,3";"16,8";"1005,9";"1006,2";"1005,9";"1,0";"315,0";"2,6";"";"0,0"
"09/04/2025";"0600";"19,5";"20,0";"19,5";"84,0";"85,0";"82,0";"16,6";"17,2";"16,5";"1006,1";"1006,1";"1005,9";"1,5";"285,0";"2,6";"";"0,0"
"09/04/2025";"0700";"19,3";"19,6";"19,2";"84,0";"85,0";"82,0";"16,5";"16,6";"16,3";"1006,0";"1006,1";"1006,0";"0,8";"317,0";"2,9";"";"0,0"
"09/04/2025";"0800";"18,9";"19,3";"18,7";"86,0";"88,0";"84,0";"16,4";"16,7";"16,4";"1006,3";"1006,3";"1006,0";"0,8";"316,0";"2,2";"";"0,0"
"09/04/2025";"0900";"18,3";"19,1";"18,3";"90,0";"90,0";"85,0";"16,7";"16,7";"16,4";"1006,8";"1006,8";"1006,3";"0,6";"5,0";"2,6";"";"0,0"
"09/04/2025";"1000";"18,4";"18,5";"18,2";"89,0";"90,0";"88,0";"16,5";"16,7";"16,4";"1007,3";"1007,3";"1006,7";"1,3";"38,0";"2,5";"4,60";"0,0"
"09/04/2025";"1100";"19,9";"19,9";"18,4";"84,0";"89,0";"83,0";"17,1";"17,1";"16,3";"1008,0";"1008,0";"1007,3";"1,0";"87,0";"2,1";"271,80";"0,0"
"09/04/2025";"1200";"20,8";"21,5";"19,9";"76,0";"84,0";"73,0";"16,3";"17,2";"15,7";"1008,6";"1008,6";"1008,0";"0,3";"214,0";"2,4";"932,00";"0,0"
"09/04/2025";"1300";"22,2";"22,5";"20,8";"70,0";"76,0";"69,0";"16,5";"17,2";"15,6";"1008,8";"1008,8";"1008,4";"1,0";"210,0";"3,5";"1749,40";"0,0"
"09/04/2025";"1400";"22,9";"23,8";"22,1";"66,0";"71,0";"64,0";"16,3";"17,3";"16,0";"1008,4";"1008,8";"1008,3";"0,9";"239,0";"3,2";"1944,20";"0,0"
"09/04/2025";"1500";"23,9";"24,1";"22,4";"62,0";"71,0";"62,0";"16,3";"17,3";"16,1";"1007,8";"1008,4";"1007,8";"1,0";"178,0";"2,8";"1229,00";"0,0"
"09/04/2025";"1600";"24,7";"25,3";"23,5";"61,0";"64,0";"60,0";"16,7";"17,4";"15,8";"1006,9";"1007,8";"1006,9";"1,1";"178,0";"3,3";"1825,40";"0,0"
"09/04/2025";"1700";"25,7";"26,5";"24,1";"55,0";"62,0";"52,0";"16,0";"17,3";"15,1";"1006,1";"1006,9";"1006,1";"1,8";"307,0";"3,7";"2024,40";"0,0"
"09/04/2025";"1800";"26,8";"26,8";"24,7";"55,0";"62,0";"52,0";"17,0";"17,5";"15,2";"1005,6";"1006,1";"1005,6";"1,8";"239,0";"5,7";"2185,00";"0,0"
"09/04/2025";"1900";"26,5";"27,3";"25,0";"51,0";"59,0";"49,0";"15,6";"17,2";"14,9";"1005,4";"1005,6";"1005,4";"1,0";"270,0";"4,5";"2054,50";"0,0"
"09/04/2025";"2000";"24,2";"26,7";"24,2";"64,0";"64,0";"51,0";"17,0";"17,4";"15,2";"1005,6";"1005,6";"1005,2";"1,2";"92,0";"3,8";"897,10";"0,0"
"09/04/2025";"2100";"22,2";"24,2";"22,2";"78,0";"78,0";"64,0";"18,1";"18,1";"16,8";"1005,8";"1005,9";"1005,5";"1,0";"94,0";"3,0";"115,70";"0,0"
"09/04/2025";"2200";"19,8";"22,2";"19,8";"87,0";"87,0";"78,0";"17,7";"18,5";"17,6";"1005,9";"1005,9";"1005,8";"1,2";"51,0";"2,0";"2,30";"0,0"
"09/04/2025";"2300";"18,8";"19,9";"18,7";"89,0";"89,0";"87,0";"16,9";"17,7";"16,7";"1006,5";"1006,5";"1005,9";"1,0";"126,0";"1,9";"";"0,0"
"10/04/2025";"0000";"17,8";"18,8";"17,8";"90,0";"91,0";"89,0";"16,3";"17,0";"16,1";"1006,8";"1006,8";"1006,5";"1,2";"119,0";"2,2";"";"0,0"
"10/04/2025";"0100";"17,2";"18,0";"17,1";"93,0";"93,0";"90,0";"16,1";"16,5";"15,9";"1007,1";"1007,1";"1006,8";"1,1";"133,0";"1,9";"";"0,0"
"10/04/2025";"0200";"17,3";"17,7";"17,2";"93,0";"94,0";"92,0";"16,2";"16,5";"16,1";"1007,0";"1007,1";"1006,9";"1,2";"96,0";"2,1";"";"0,0"
"10/04/2025";"0300";"16,9";"17,4";"16,5";"94,0";"94,0";"93,0";"15,9";"16,5";"15,4";"1007,2";"1007,2";"1006,9";"0,9";"106,0";"2,3";"";"0,0"
"10/04/2025";"0400";"17,1";"17,2";"16,8";"95,0";"95,0";"94,0";"16,2";"16,3";"15,8";"1007,2";"1007,4";"1007,1";"0,7";"32,0";"1,7";"";"0,0"
"10/04/2025";"0500";"16,8";"17,1";"16,8";"95,0";"95,0";"94,0";"16,0";"16,2";"15,9";"1007,0";"1007,2";"1007,0";"1,1";"97,0";"1,7";"";"0,0"
"10/04/2025";"0600";"16,4";"16,9";"16,4";"95,0";"95,0";"95,0";"15,6";"16,1";"15,6";"1006,6";"1007,0";"1006,6";"0,5";"8,0";"1,7";"";"0,0"
"10/04/2025";"0700";"16,2";"16,6";"16,2";"95,0";"95,0";"95,0";"15,4";"15,8";"15,4";"1006,6";"1006,7";"1006,5";"0,7";"32,0";"2,0";"";"0,0"
"10/04/2025";"0800";"16,2";"16,5";"16,1";"96,0";"96,0";"95,0";"15,5";"15,8";"15,3";"1006,6";"1006,6";"1006,5";"0,9";"123,0";"1,4";"";"0,0"
"10/04/2025";"0900";"15,9";"16,2";"15,8";"96,0";"96,0";"96,0";"15,3";"15,6";"15,1";"1007,0";"1007,0";"1006,6";"1,1";"27,0";"2,0";"";"0,0"
"10/04/2025";"1000";"16,3";"16,4";"15,8";"96,0";"96,0";"96,0";"15,7";"15,8";"15,1";"1007,9";"1007,9";"1007,0";"1,0";"84,0";"1,7";"7,10";"0,0"
"10/04/2025";"1100";"17,2";"17,3";"16,2";"95,0";"96,0";"95,0";"16,5";"16,5";"15,6";"1008,2";"1008,2";"1007,9";"0,4";"15,0";"1,6";"116,20";"0,0"
"10/04/2025";"1200";"18,3";"18,3";"17,2";"94,0";"95,0";"93,0";"17,2";"17,3";"16,5";"1008,6";"1008,6";"1008,2";"1,2";"293,0";"2,2";"387,00";"0,0"
"10/04/2025";"1300";"19,8";"20,1";"18,3";"88,0";"94,0";"87,0";"17,8";"18,3";"17,2";"1008,8";"1008,9";"1008,6";"2,1";"262,0";"3,3";"859,20";"0,0"
"10/04/2025";"1400";"22,5";"22,5";"19,8";"78,0";"88,0";"76,0";"18,5";"18,7";"17,5";"1008,6";"1008,8";"1008,6";"2,0";"245,0";"4,2";"1647,60";"0,0"
"10/04/2025";"1500";"23,6";"23,7";"21,8";"73,0";"79,0";"71,0";"18,4";"18,9";"17,6";"1008,1";"1008,6";"1008,1";"1,8";"297,0";"4,2";"1745,70";"0,0"
"10/04/2025";"1600";"23,7";"25,4";"23,4";"70,0";"73,0";"66,0";"17,9";"19,0";"17,5";"1007,2";"1008,1";"1007,2";"1,5";"183,0";"5,3";"2326,80";"0,0"
"10/04/2025";"1700";"26,0";"26,3";"23,7";"59,0";"71,0";"56,0";"17,2";"18,8";"16,8";"1006,2";"1007,2";"1006,2";"1,7";"316,0";"4,2";"2483,30";"0,0"
"10/04/2025";"1800";"25,6";"27,0";"24,5";"63,0";"70,0";"56,0";"18,0";"18,7";"16,8";"1005,5";"1006,2";"1005,5";"1,6";"150,0";"5,3";"1605,90";"0,0"
"10/04/2025";"1900";"25,6";"26,8";"24,9";"62,0";"65,0";"56,0";"17,7";"18,4";"16,8";"1005,4";"1005,6";"1005,4";"1,6";"162,0";"5,9";"1336,60";"0,0"
"10/04/2025";"2000";"25,3";"26,3";"25,3";"63,0";"64,0";"58,0";"17,8";"18,2";"17,1";"1005,4";"1005,4";"1005,3";"2,3";"119,0";"3,9";"1137,20";"0,0"
"10/04/2025";"2100";"23,9";"25,3";"23,9";"69,0";"69,0";"63,0";"17,8";"18,7";"17,8";"1005,2";"1005,4";"1005,1";"1,4";"156,0";"3,2";"337,20";"0,0"
"10/04/2025";"2200";"21,4";"23,9";"21,4";"85,0";"85,0";"69,0";"18,8";"18,8";"17,8";"1005,4";"1005,4";"1005,1";"1,3";"98,0";"2,3";"2,20";"0,0"
"10/04/2025";"2300";"20,9";"21,5";"20,8";"88,0";"88,0";"85,0";"18,8";"18,9";"18,6";"1005,5";"1005,6";"1005,3";"1,0";"118,0";"2,3";"";"0,0"
"11/04/2025";"0000";"20,5";"21,3";"20,5";"89,0";"89,0";"86,0";"18,6";"18,9";"18,6";"1005,9";"1006,0";"1005,5";"0,3";"159,0";"1,7";"";"0,0"
"11/04/2025";"0100";"20,3";"21,0";"20,0";"91,0";"92,0";"88,0";"18,8";"19,1";"18,4";"1006,2";"1006,2";"1005,9";"0,7";"17,0";"1,8";"";"0,0"
"11/04/2025";"0200";"19,9";"20,4";"19,8";"93,0";"93,0";"91,0";"18,6";"18,9";"18,5";"1006,4";"1006,5";"1006,2";"1,4";"344,0";"1,7";"";"0,0"
"11/04/2025";"0300";"19,1";"19,9";"19,1";"94,0";"94,0";"93,0";"18,1";"18,6";"18,1";"1006,5";"1006,5";"1006,3";"1,2";"317,0";"1,9";"";"0,0"
"11/04/2025";"0400";"18,8";"19,1";"18,7";"95,0";"95,0";"94,0";"18,0";"18,3";"17,9";"1006,5";"1006,6";"1006,4";"1,1";"290,0";"1,9";"";"0,0"
"11/04/2025";"0500";"18,3";"18,9";"18,1";"96,0";"96,0";"95,0";"17,6";"18,1";"17,3";"1006,4";"1006,5";"1006,3";"0,5";"138,0";"1,8";"";"0,0"
"11/04/2025";"0600";"18,4";"18,5";"18,2";"95,0";"96,0";"95,0";"17,7";"17,7";"17,4";"1006,0";"1006,5";"1006,0";"0,8";"130,0";"1,2";"0,10";"0,0"
"11/04/2025";"0700";"18,6";"18,6";"18,4";"95,0";"96,0";"95,0";"17,9";"17,9";"17,7";"1006,0";"1006,0";"1005,9";"0,5";"136,0";"1,5";"";"0,0"
"11/04/2025";"0800";"18,7";"18,7";"18,6";"96,0";"96,0";"95,0";"18,0";"18,0";"17,9";"1006,2";"1006,2";"1006,0";"0,8";"121,0";"1,9";"";"0,0"
"11/04/2025";"0900";"18,4";"18,7";"18,4";"96,0";"96,0";"96,0";"17,7";"18,0";"17,7";"1006,7";"1006,7";"1006,2";"1,0";"137,0";"1,9";"";"0,0"
"11/04/2025";"1000";"18,1";"18,4";"18,1";"96,0";"96,0";"96,0";"17,4";"17,7";"17,4";"1007,3";"1007,3";"1006,7";"0,9";"138,0";"1,7";"9,70";"0,0"
"11/04/2025";"1100";"18,4";"18,4";"18,0";"96,0";"96,0";"96,0";"17,8";"17,8";"17,3";"1008,1";"1008,1";"1007,3";"1,8";"122,0";"2,8";"224,80";"0,0"
"11/04/2025";"1200";"19,6";"19,8";"18,3";"92,0";"96,0";"91,0";"18,2";"18,6";"17,6";"1008,6";"1008,6";"1008,1";"0,3";"126,0";"2,8";"500,20";"0,0"
"11/04/2025";"1300";"22,9";"22,9";"19,5";"78,0";"92,0";"77,0";"18,8";"19,6";"17,9";"1008,4";"1008,7";"1008,4";"1,1";"107,0";"3,0";"1877,40";"0,0"
"11/04/2025";"1400";"24,3";"25,7";"22,4";"67,0";"78,0";"65,0";"17,7";"19,3";"17,7";"1008,0";"1008,4";"1008,0";"1,3";"165,0";"2,9";"2240,70";"0,0"
"11/04/2025";"1500";"26,2";"27,1";"24,2";"64,0";"70,0";"61,0";"18,7";"19,6";"17,9";"1007,0";"1008,0";"1007,0";"1,8";"153,0";"4,1";"2373,60";"0,0"
"11/04/2025";"1600";"26,7";"27,7";"25,9";"65,0";"65,0";"60,0";"19,7";"20,0";"18,4";"1006,0";"1007,0";"1006,0";"2,2";"127,0";"5,4";"2440,40";"0,0"
"11/04/2025";"1700";"27,7";"28,8";"26,8";"62,0";"66,0";"58,0";"19,7";"20,6";"18,8";"1005,0";"1006,0";"1005,0";"2,9";"137,0";"6,0";"2693,10";"0,0"
"11/04/2025";"1800";"28,1";"28,4";"26,6";"61,0";"66,0";"59,0";"20,0";"20,4";"19,0";"1004,4";"1005,0";"1004,4";"2,8";"147,0";"7,7";"1905,00";"0,0"
"11/04/2025";"1900";"28,2";"28,8";"27,2";"59,0";"62,0";"58,0";"19,4";"20,7";"18,9";"1004,2";"1004,4";"1004,1";"2,8";"146,0";"7,7";"1497,80";"0,0"
"11/04/2025";"2000";"27,2";"28,2";"26,8";"61,0";"63,0";"58,0";"19,1";"19,7";"18,8";"1004,2";"1004,2";"1004,1";"2,4";"144,0";"7,7";"1030,60";"0,0"
"11/04/2025";"2100";"25,0";"27,2";"25,0";"68,0";"68,0";"61,0";"18,6";"19,2";"18,6";"1004,4";"1004,4";"1004,1";"1,6";"141,0";"6,5";"353,00";"0,0"
"11/04/2025";"2200";"23,1";"25,0";"23,0";"75,0";"75,0";"68,0";"18,3";"18,6";"18,3";"1004,8";"1004,8";"1004,4";"1,7";"135,0";"5,5";"1,10";"0,0"
"11/04/2025";"2300";"22,5";"23,1";"22,4";"78,0";"78,0";"75,0";"18,4";"18,4";"18,3";"1005,3";"1005,3";"1004,8";"1,3";"137,0";"3,7";"";"0,0"
"12/04/2025";"0000";"21,4";"22,5";"21,4";"82,0";"82,0";"78,0";"18,2";"18,5";"18,2";"1005,7";"1005,7";"1005,3";"0,9";"148,0";"3,1";"";"0,0"
"12/04/2025";"0100";"20,6";"21,5";"20,6";"86,0";"86,0";"82,0";"18,2";"18,4";"18,2";"1005,9";"1005,9";"1005,7";"0,6";"119,0";"2,4";"";"0,0"
"12/04/2025";"0200";"20,0";"20,6";"19,7";"91,0";"91,0";"86,0";"18,4";"18,4";"17,9";"1005,8";"1005,9";"1005,8";"0,7";"321,0";"2,2";"";"0,0"
"12/04/2025";"0300";"19,4";"20,4";"19,1";"90,0";"92,0";"88,0";"17,6";"18,6";"17,3";"1006,0";"1006,0";"1005,8";"0,9";"232,0";"1,7";"";"0,0"
"12/04/2025";"0400";"18,3";"19,5";"18,3";"94,0";"94,0";"90,0";"17,2";"18,2";"17,2";"1006,0";"1006,2";"1006,0";"1,1";"148,0";"2,2";"";"0,0"
"12/04/2025";"0500";"18,2";"18,5";"17,8";"95,0";"95,0";"94,0";"17,3";"17,7";"16,8";"1006,1";"1006,3";"1006,0";"1,1";"129,0";"3,7";"";"0,0"
"12/04/2025";"0600";"18,4";"18,8";"18,2";"94,0";"95,0";"93,0";"17,4";"17,8";"17,2";"1005,8";"1006,1";"1005,7";"0,7";"140,0";"3,6";"";"0,0"
"12/04/2025";"0700";"17,9";"18,6";"17,8";"94,0";"95,0";"93,0";"17,0";"17,5";"16,8";"1005,7";"1005,8";"1005,7";"1,1";"304,0";"2,3";"";"0,0"
"12/04/2025";"0800";"18,8";"19,4";"17,3";"89,0";"95,0";"89,0";"16,9";"18,1";"16,1";"1006,0";"1006,0";"1005,5";"1,8";"227,0";"3,0";"";"0,0"
"12/04/2025";"0900";"20,2";"21,3";"17,6";"76,0";"93,0";"74,0";"15,8";"17,6";"15,8";"1006,1";"1006,2";"1005,9";"0,9";"94,0";"5,1";"";"0,0"
"12/04/2025";"1000";"18,9";"20,2";"18,3";"86,0";"86,0";"76,0";"16,4";"16,5";"15,6";"1006,3";"1006,3";"1006,1";"1,2";"270,0";"2,2";"13,30";"0,0"
"12/04/2025";"1100";"21,7";"21,7";"18,2";"74,0";"87,0";"74,0";"16,8";"16,9";"15,5";"1006,6";"1006,6";"1006,3";"1,7";"211,0";"3,1";"376,60";"0,0"
"12/04/2025";"1200";"24,3";"24,3";"21,4";"66,0";"77,0";"62,0";"17,6";"17,8";"16,3";"1006,2";"1006,9";"1006,2";"1,8";"209,0";"3,6";"1106,00";"0,0"
"12/04/2025";"1300";"25,7";"25,7";"24,3";"58,0";"66,0";"56,0";"17,0";"17,3";"15,4";"1006,2";"1006,2";"1005,9";"3,4";"267,0";"5,3";"1778,30";"0,0"
"12/04/2025";"1400";"27,6";"27,8";"25,5";"50,0";"59,0";"49,0";"16,2";"17,2";"15,7";"1005,8";"1006,2";"1005,8";"1,2";"65,0";"5,3";"2278,70";"0,0"
"12/04/2025";"1500";"27,7";"28,2";"27,0";"55,0";"55,0";"50,0";"17,8";"17,9";"16,1";"1005,1";"1006,0";"1005,1";"2,1";"297,0";"5,0";"2321,30";"0,0"
"12/04/2025";"1600";"28,6";"28,7";"27,4";"52,0";"55,0";"49,0";"17,9";"18,1";"16,4";"1004,4";"1005,1";"1004,4";"2,2";"327,0";"4,2";"1760,80";"0,0"
"12/04/2025";"1700";"28,3";"29,4";"27,9";"52,0";"54,0";"49,0";"17,5";"18,3";"16,9";"1004,1";"1004,4";"1004,1";"1,3";"25,0";"3,7";"1506,50";"0,0"
"12/04/2025";"1800";"28,0";"28,6";"27,7";"57,0";"59,0";"51,0";"18,7";"19,1";"17,2";"1003,6";"1004,1";"1003,5";"2,2";"307,0";"3,4";"1022,60";"0,0"
"12/04/2025";"1900";"27,2";"28,1";"27,2";"60,0";"61,0";"55,0";"18,7";"19,2";"17,8";"1003,7";"1003,7";"1003,5";"1,2";"271,0";"3,1";"692,50";"0,0"
"12/04/2025";"2000";"25,9";"27,2";"25,9";"72,0";"72,0";"60,0";"20,5";"20,8";"19,1";"1003,8";"1003,9";"1003,7";"0,8";"138,0";"2,5";"254,80";"0,0"
"12/04/2025";"2100";"24,6";"25,9";"24,6";"82,0";"82,0";"72,0";"21,2";"21,4";"20,4";"1004,0";"1004,0";"1003,8";"1,1";"348,0";"1,5";"92,20";"0,0"
"12/04/2025";"2200";"23,2";"24,6";"23,2";"86,0";"86,0";"82,0";"20,8";"21,4";"20,8";"1004,6";"1004,6";"1004,0";"1,1";"67,0";"1,7";"";"0,0"
"12/04/2025";"2300";"22,7";"23,7";"22,7";"87,0";"87,0";"83,0";"20,4";"20,8";"20,2";"1005,3";"1005,3";"1004,6";"1,4";"68,0";"1,8";"";"0,0"
"13/04/2025";"0000";"22,4";"23,1";"22,4";"90,0";"90,0";"86,0";"20,7";"20,7";"20,4";"1006,3";"1006,3";"1005,3";"0,5";"314,0";"1,8";"";"0,0"
"13/04/2025";"0100";"22,8";"22,8";"22,4";"88,0";"90,0";"88,0";"20,7";"20,9";"20,6";"1006,4";"1006,5";"1006,1";"1,1";"290,0";"1,9";"";"0,0"
"13/04/2025";"0200";"22,9";"23,0";"22,4";"86,0";"90,0";"86,0";"20,4";"20,7";"20,4";"1006,9";"1006,9";"1006,4";"1,9";"339,0";"3,9";"";"0,0"
"13/04/2025";"0300";"22,1";"22,9";"22,0";"91,0";"91,0";"86,0";"20,5";"20,6";"20,3";"1006,7";"1006,9";"1006,6";"0,8";"289,0";"3,2";"";"0,0"
"13/04/2025";"0400";"22,3";"22,5";"22,1";"88,0";"91,0";"87,0";"20,1";"20,7";"20,1";"1007,1";"1007,1";"1006,7";"1,4";"314,0";"3,0";"";"0,0"
"13/04/2025";"0500";"22,4";"22,6";"22,3";"84,0";"88,0";"82,0";"19,5";"20,1";"19,4";"1006,4";"1007,1";"1006,4";"2,2";"309,0";"3,9";"";"0,0"
"13/04/2025";"0600";"22,3";"22,5";"22,1";"81,0";"86,0";"80,0";"18,8";"19,7";"18,8";"1006,0";"1006,4";"1006,0";"2,4";"327,0";"4,4";"";"0,0"
"13/04/2025";"0700";"22,3";"22,5";"22,0";"79,0";"82,0";"78,0";"18,4";"18,9";"18,4";"1005,2";"1006,0";"1005,2";"1,8";"340,0";"3,8";"";"0,0"
"13/04/2025";"0800";"21,0";"22,3";"21,0";"88,0";"88,0";"79,0";"19,0";"19,0";"18,4";"1005,3";"1005,3";"1005,0";"1,0";"48,0";"3,2";"";"0,0"
"13/04/2025";"0900";"20,6";"21,0";"20,4";"92,0";"92,0";"88,0";"19,2";"19,2";"18,8";"1006,2";"1006,2";"1005,3";"1,1";"116,0";"1,8";"";"0,2"
"13/04/2025";"1000";"20,4";"20,7";"20,2";"93,0";"93,0";"92,0";"19,2";"19,4";"18,9";"1006,9";"1006,9";"1006,2";"0,9";"143,0";"2,7";"1,10";"0,0"
"13/04/2025";"1100";"20,6";"20,6";"20,4";"93,0";"93,0";"93,0";"19,4";"19,4";"19,2";"1007,6";"1007,7";"1006,9";"0,8";"244,0";"1,6";"34,80";"0,0"
"13/04/2025";"1200";"20,9";"21,0";"20,6";"93,0";"93,0";"92,0";"19,7";"19,7";"19,4";"1008,3";"1008,4";"1007,6";"0,7";"87,0";"2,0";"96,70";"0,0"
"13/04/2025";"1300";"22,2";"22,2";"20,9";"88,0";"93,0";"88,0";"20,1";"20,3";"19,7";"1008,4";"1008,4";"1008,3";"1,0";"105,0";"2,3";"574,60";"0,0"
"13/04/2025";"1400";"23,4";"23,6";"22,2";"78,0";"88,0";"76,0";"19,4";"20,4";"18,9";"1008,1";"1008,4";"1008,1";"1,2";"289,0";"3,3";"1168,00";"0,0"
"13/04/2025";"1500";"23,4";"24,0";"23,2";"76,0";"80,0";"74,0";"18,9";"19,8";"18,7";"1007,8";"1008,1";"1007,8";"2,5";"257,0";"4,5";"676,70";"0,0"
"13/04/2025";"1600";"25,1";"25,6";"23,4";"69,0";"78,0";"67,0";"18,9";"19,9";"18,4";"1007,4";"1007,9";"1007,3";"1,6";"218,0";"5,1";"1214,80";"0,0"
"13/04/2025";"1700";"25,1";"25,4";"24,4";"68,0";"70,0";"66,0";"18,9";"19,3";"18,1";"1006,7";"1007,4";"1006,7";"1,7";"180,0";"4,1";"1322,00";"0,0"
"13/04/2025";"1800";"24,6";"25,3";"24,3";"70,0";"72,0";"66,0";"18,7";"19,3";"18,0";"1006,1";"1006,7";"1006,1";"1,5";"228,0";"4,0";"698,00";"0,0"
"13/04/2025";"1900";"25,5";"26,4";"24,6";"65,0";"70,0";"63,0";"18,4";"19,3";"18,2";"1005,8";"1006,1";"1005,8";"1,7";"253,0";"2,9";"942,20";"0,0"
"13/04/2025";"2000";"24,6";"26,1";"24,6";"69,0";"69,0";"60,0";"18,4";"19,0";"17,3";"1005,7";"1005,8";"1005,6";"1,6";"189,0";"3,3";"738,30";"0,0"
"13/04/2025";"2100";"22,4";"24,6";"22,4";"79,0";"79,0";"69,0";"18,6";"19,2";"18,4";"1006,2";"1006,2";"1005,7";"0,9";"150,0";"2,7";"127,10";"0,0"
"13/04/2025";"2200";"20,5";"22,7";"20,5";"91,0";"91,0";"79,0";"18,9";"19,3";"18,7";"1006,8";"1006,8";"1006,1";"2,5";"124,0";"6,9";"3,20";"1,6"
"13/04/2025";"2300";"20,1";"20,5";"19,9";"90,0";"93,0";"90,0";"18,4";"19,0";"18,4";"1007,8";"1007,8";"1006,8";"2,1";"126,0";"5,8";"";"0,0"
"14/04/2025";"0000";"19,8";"20,2";"19,7";"82,0";"90,0";"82,0";"16,7";"18,4";"16,7";"1008,6";"1008,6";"1007,8";"2,6";"144,0";"6,1";"1,30";"0,0"
"14/04/2025";"0100";"17,9";"19,8";"17,9";"72,0";"83,0";"67,0";"12,8";"16,7";"12,7";"1009,2";"1009,3";"1008,6";"1,5";"159,0";"8,5";"5,30";"0,0"
"14/04/2025";"0200";"18,0";"18,3";"17,5";"75,0";"75,0";"70,0";"13,5";"13,5";"12,5";"1009,5";"1009,5";"1009,1";"2,1";"167,0";"4,7";"2,30";"0,0"
"14/04/2025";"0300";"17,6";"18,6";"17,5";"85,0";"85,0";"73,0";"15,1";"15,1";"13,4";"1010,0";"1010,0";"1009,5";"0,6";"79,0";"3,3";"2,90";"0,0"
"14/04/2025";"0400";"16,3";"17,6";"16,3";"90,0";"90,0";"82,0";"14,6";"15,2";"14,4";"1010,2";"1010,3";"1010,0";"0,9";"351,0";"1,8";"";"0,0"
"14/04/2025";"0500";"16,7";"16,8";"16,3";"89,0";"90,0";"88,0";"14,9";"15,0";"14,7";"1010,0";"1010,2";"1010,0";"1,4";"51,0";"1,9";"";"0,0"
"14/04/2025";"0600";"16,5";"16,8";"16,5";"91,0";"91,0";"88,0";"15,1";"15,1";"14,7";"1009,5";"1010,0";"1009,5";"1,0";"62,0";"1,9";"";"0,0"
"14/04/2025";"0700";"16,0";"16,5";"16,0";"93,0";"93,0";"91,0";"14,9";"15,2";"14,8";"1009,2";"1009,5";"1009,1";"0,5";"200,0";"1,5";"";"0,0"
"14/04/2025";"0800";"14,8";"16,0";"14,8";"95,0";"95,0";"93,0";"14,0";"14,9";"14,0";"1009,3";"1009,4";"1009,2";"1,6";"71,0";"2,0";"";"0,0"
"14/04/2025";"0900";"14,2";"14,8";"14,2";"96,0";"96,0";"95,0";"13,5";"14,0";"13,4";"1010,2";"1010,2";"1009,3";"0,6";"230,0";"2,1";"";"0,0"
"14/04/2025";"1000";"14,0";"14,4";"13,9";"96,0";"96,0";"96,0";"13,4";"13,8";"13,2";"1011,2";"1011,2";"1010,2";"0,5";"346,0";"1,0";"10,00";"0,0"
"14/04/2025";"1100";"14,6";"14,6";"13,6";"97,0";"97,0";"96,0";"14,1";"14,1";"13,0";"1011,6";"1011,6";"1011,2";"0,8";"139,0";"1,3";"268,20";"0,0"
"14/04/2025";"1200";"17,3";"17,4";"14,6";"95,0";"97,0";"95,0";"16,5";"16,7";"14,1";"1012,0";"1012,0";"1011,6";"1,0";"268,0";"1,7";"1059,80";"0,0"
"14/04/2025";"1300";"20,1";"20,4";"17,3";"73,0";"95,0";"70,0";"15,2";"16,9";"14,0";"1011,9";"1012,2";"1011,9";"1,3";"185,0";"2,4";"1808,60";"0,0"
"14/04/2025";"1400";"21,7";"21,8";"19,8";"62,0";"74,0";"62,0";"14,1";"15,4";"13,5";"1011,3";"1011,9";"1011,3";"2,1";"148,0";"4,5";"2374,20";"0,0"
"14/04/2025";"1500";"23,0";"24,2";"21,7";"55,0";"64,0";"54,0";"13,5";"15,9";"12,9";"1010,5";"1011,4";"1010,5";"2,0";"98,0";"4,4";"2766,70";"0,0"
"14/04/2025";"1600";"23,3";"23,7";"22,3";"56,0";"62,0";"55,0";"14,1";"15,4";"13,6";"1009,8";"1010,5";"1009,8";"2,1";"193,0";"5,0";"2350,20";"0,0"
"14/04/2025";"1700";"24,1";"24,4";"22,1";"59,0";"61,0";"52,0";"15,4";"15,4";"13,4";"1008,9";"1009,8";"1008,9";"2,1";"147,0";"5,6";"2175,30";"0,0"
"14/04/2025";"1800";"22,6";"24,8";"22,4";"56,0";"60,0";"52,0";"13,5";"15,7";"13,3";"1008,2";"1008,9";"1008,1";"3,7";"173,0";"6,7";"1918,80";"0,0"
"14/04/2025";"1900";"23,6";"24,6";"22,3";"55,0";"60,0";"50,0";"14,1";"15,3";"13,0";"1008,1";"1008,2";"1007,9";"3,2";"160,0";"6,5";"1542,30";"0,0"
"14/04/2025";"2000";"";"";"";"";"";"";"";"";"";"";"";"";"";"";"";"";""
"14/04/2025";"2100";"";"";"";"";"";"";"";"";"";"";"";"";"";"";"";"";""
"14/04/2025";"2200";"";"";"";"";"";"";"";"";"";"";"";"";"";"";"";"";""
"14/04/2025";"2300";"";"";"";"";"";"";"";"";"";"";"";"";"";"";"";"";""
"15/04/2025";"0000";"";"";"";"";"";"";"";"";"";"";"";"";"";"";"";"";""
"15/04/2025";"0100";"";"";"";"";"";"";"";"";"";"";"";"";"";"";"";"";""
"15/04/2025";"0200";"";"";"";"";"";"";"";"";"";"";"";"";"";"";"";"";""
"15/04/2025";"0300";"";"";"";"";"";"";"";"";"";"";"";"";"";"";"";"";""
"15/04/2025";"0400";"";"";"";"";"";"";"";"";"";"";"";"";"";"";"";"";""
"15/04/2025";"0500";"";"";"";"";"";"";"";"";"";"";"";"";"";"";"";"";""
"15/04/2025";"0600";"";"";"";"";"";"";"";"";"";"";"";"";"";"";"";"";""
"15/04/2025";"0700";"";"";"";"";"";"";"";"";"";"";"";"";"";"";"";"";""
"15/04/2025";"0800";"";"";"";"";"";"";"";"";"";"";"";"";"";"";"";"";""
"15/04/2025";"0900";"";"";"";"";"";"";"";"";"";"";"";"";"";"";"";"";""
"15/04/2025";"1000";"";"";"";"";"";"";"";"";"";"";"";"";"";"";"";"";""
"15/04/2025";"1100";"";"";"";"";"";"";"";"";"";"";"";"";"";"";"";"";""
"15/04/2025";"1200";"";"";"";"";"";"";"";"";"";"";"";"";"";"";"";"";""
"15/04/2025";"1300";"";"";"";"";"";"";"";"";"";"";"";"";"";"";"";"";""
"15/04/2025";"1400";"";"";"";"";"";"";"";"";"";"";"";"";"";"";"";"";""
"15/04/2025";"1500";"";"";"";"";"";"";"";"";"";"";"";"";"";"";"";"";""
"15/04/2025";"1600";"";"";"";"";"";"";"";"";"";"";"";"";"";"";"";"";""
"15/04/2025";"1700";"";"";"";"";"";"";"";"";"";"";"";"";"";"";"";"";""
"15/04/2025";"1800";"";"";"";"";"";"";"";"";"";"";"";"";"";"";"";"";""
"15/04/2025";"1900";"";"";"";"";"";"";"";"";"";"";"";"";"";"";"";"";""
"15/04/2025";"2000";"";"";"";"";"";"";"";"";"";"";"";"";"";"";"";"";""
"15/04/2025";"2100";"";"";"";"";"";"";"";"";"";"";"";"";"";"";"";"";""
"15/04/2025";"2200";"";"";"";"";"";"";"";"";"";"";"";"";"";"";"";"";""
"15/04/2025";"2300";"";"";"";"";"";"";"";"";"";"";"";"";"";"";"";"";""
"16/04/2025";"0000";"";"";"";"";"";"";"";"";"";"";"";"";"";"";"";"";""
"16/04/2025";"0100";"";"";"";"";"";"";"";"";"";"";"";"";"";"";"";"";""
"16/04/2025";"0200";"";"";"";"";"";"";"";"";"";"";"";"";"";"";"";"";""
"16/04/2025";"0300";"";"";"";"";"";"";"";"";"";"";"";"";"";"";"";"";""
"16/04/2025";"0400";"";"";"";"";"";"";"";"";"";"";"";"";"";"";"";"";""
"16/04/2025";"0500";"";"";"";"";"";"";"";"";"";"";"";"";"";"";"";"";""
"16/04/2025";"0600";"";"";"";"";"";"";"";"";"";"";"";"";"";"";"";"";""
"16/04/2025";"0700";"";"";"";"";"";"";"";"";"";"";"";"";"";"";"";"";""
"16/04/2025";"0800";"";"";"";"";"";"";"";"";"";"";"";"";"";"";"";"";""
"16/04/2025";"0900";"";"";"";"";"";"";"";"";"";"";"";"";"";"";"";"";""
"16/04/2025";"1000";"";"";"";"";"";"";"";"";"";"";"";"";"";"";"";"";""
"16/04/2025";"1100";"";"";"";"";"";"";"";"";"";"";"";"";"";"";"";"";""
"16/04/2025";"1200";"";"";"";"";"";"";"";"";"";"";"";"";"";"";"";"";""
"16/04/2025";"1300";"";"";"";"";"";"";"";"";"";"";"";"";"";"";"";"";""
"16/04/2025";"1400";"";"";"";"";"";"";"";"";"";"";"";"";"";"";"";"";""
"16/04/2025";"1500";"";"";"";"";"";"";"";"";"";"";"";"";"";"";"";"";""
"16/04/2025";"1600";"";"";"";"";"";"";"";"";"";"";"";"";"";"";"";"";""
"16/04/2025";"1700";"";"";"";"";"";"";"";"";"";"";"";"";"";"";"";"";""
"16/04/2025";"1800";"";"";"";"";"";"";"";"";"";"";"";"";"";"";"";"";""
"16/04/2025";"1900";"";"";"";"";"";"";"";"";"";"";"";"";"";"";"";"";""
"16/04/2025";"2000";"";"";"";"";"";"";"";"";"";"";"";"";"";"";"";"";""
"16/04/2025";"2100";"";"";"";"";"";"";"";"";"";"";"";"";"";"";"";"";""
"16/04/2025";"2200";"";"";"";"";"";"";"";"";"";"";"";"";"";"";"";"";""
"16/04/2025";"2300";"";"";"";"";"";"";"";"";"";"";"";"";"";"";"";"";""
"17/04/2025";"0000";"";"";"";"";"";"";"";"";"";"";"";"";"";"";"";"";""
"17/04/2025";"0100";"";"";"";"";"";"";"";"";"";"";"";"";"";"";"";"";""
"17/04/2025";"0200";"";"";"";"";"";"";"";"";"";"";"";"";"";"";"";"";""
"17/04/2025";"0300";"";"";"";"";"";"";"";"";"";"";"";"";"";"";"";"";""
"17/04/2025";"0400";"";"";"";"";"";"";"";"";"";"";"";"";"";"";"";"";""
"17/04/2025";"0500";"";"";"";"";"";"";"";"";"";"";"";"";"";"";"";"";""
"17/04/2025";"0600";"";"";"";"";"";"";"";"";"";"";"";"";"";"";"";"";""
"17/04/2025";"0700";"";"";"";"";"";"";"";"";"";"";"";"";"";"";"";"";""
"17/04/2025";"0800";"";"";"";"";"";"";"";"";"";"";"";"";"";"";"";"";""
"17/04/2025";"0900";"";"";"";"";"";"";"";"";"";"";"";"";"";"";"";"";""
"17/04/2025";"1000";"";"";"";"";"";"";"";"";"";"";"";"";"";"";"";"";""
"17/04/2025";"1100";"";"";"";"";"";"";"";"";"";"";"";"";"";"";"";"";""
"17/04/2025";"1200";"";"";"";"";"";"";"";"";"";"";"";"";"";"";"";"";""
"17/04/2025";"1300";"";"";"";"";"";"";"";"";"";"";"";"";"";"";"";"";""
"17/04/2025";"1400";"";"";"";"";"";"";"";"";"";"";"";"";"";"";"";"";""
"17/04/2025";"1500";"";"";"";"";"";"";"";"";"";"";"";"";"";"";"";"";""
"17/04/2025";"1600";"";"";"";"";"";"";"";"";"";"";"";"";"";"";"";"";""
"17/04/2025";"1700";"";"";"";"";"";"";"";"";"";"";"";"";"";"";"";"";""
"17/04/2025";"1800";"";"";"";"";"";"";"";"";"";"";"";"";"";"";"";"";""
"17/04/2025";"1900";"";"";"";"";"";"";"";"";"";"";"";"";"";"";"";"";""
"17/04/2025";"2000";"";"";"";"";"";"";"";"";"";"";"";"";"";"";"";"";""
"17/04/2025";"2100";"";"";"";"";"";"";"";"";"";"";"";"";"";"";"";"";""
"17/04/2025";"2200";"";"";"";"";"";"";"";"";"";"";"";"";"";"";"";"";""
"17/04/2025";"2300";"";"";"";"";"";"";"";"";"";"";"";"";"";"";"";"";""
"18/04/2025";"0000";"";"";"";"";"";"";"";"";"";"";"";"";"";"";"";"";""
"18/04/2025";"0100";"";"";"";"";"";"";"";"";"";"";"";"";"";"";"";"";""
"18/04/2025";"0200";"";"";"";"";"";"";"";"";"";"";"";"";"";"";"";"";""
"18/04/2025";"0300";"";"";"";"";"";"";"";"";"";"";"";"";"";"";"";"";""
"18/04/2025";"0400";"";"";"";"";"";"";"";"";"";"";"";"";"";"";"";"";""
"18/04/2025";"0500";"";"";"";"";"";"";"";"";"";"";"";"";"";"";"";"";""
"18/04/2025";"0600";"";"";"";"";"";"";"";"";"";"";"";"";"";"";"";"";""
"18/04/2025";"0700";"";"";"";"";"";"";"";"";"";"";"";"";"";"";"";"";""
"18/04/2025";"0800";"";"";"";"";"";"";"";"";"";"";"";"";"";"";"";"";""
"18/04/2025";"0900";"";"";"";"";"";"";"";"";"";"";"";"";"";"";"";"";""
"18/04/2025";"1000";"";"";"";"";"";"";"";"";"";"";"";"";"";"";"";"";""
"18/04/2025";"1100";"";"";"";"";"";"";"";"";"";"";"";"";"";"";"";"";""
"18/04/2025";"1200";"";"";"";"";"";"";"";"";"";"";"";"";"";"";"";"";""
"18/04/2025";"1300";"";"";"";"";"";"";"";"";"";"";"";"";"";"";"";"";""
"18/04/2025";"1400";"";"";"";"";"";"";"";"";"";"";"";"";"";"";"";"";""
"18/04/2025";"1500";"";"";"";"";"";"";"";"";"";"";"";"";"";"";"";"";""
"18/04/2025";"1600";"";"";"";"";"";"";"";"";"";"";"";"";"";"";"";"";""
"18/04/2025";"1700";"";"";"";"";"";"";"";"";"";"";"";"";"";"";"";"";""
"18/04/2025";"1800";"";"";"";"";"";"";"";"";"";"";"";"";"";"";"";"";""
"18/04/2025";"1900";"";"";"";"";"";"";"";"";"";"";"";"";"";"";"";"";""
"18/04/2025";"2000";"";"";"";"";"";"";"";"";"";"";"";"";"";"";"";"";""
"18/04/2025";"2100";"";"";"";"";"";"";"";"";"";"";"";"";"";"";"";"";""
"18/04/2025";"2200";"";"";"";"";"";"";"";"";"";"";"";"";"";"";"";"";""
"18/04/2025";"2300";"";"";"";"";"";"";"";"";"";"";"";"";"";"";"";"";""
"19/04/2025";"0000";"";"";"";"";"";"";"";"";"";"";"";"";"";"";"";"";""
"19/04/2025";"0100";"";"";"";"";"";"";"";"";"";"";"";"";"";"";"";"";""
"19/04/2025";"0200";"";"";"";"";"";"";"";"";"";"";"";"";"";"";"";"";""
"19/04/2025";"0300";"";"";"";"";"";"";"";"";"";"";"";"";"";"";"";"";""
"19/04/2025";"0400";"";"";"";"";"";"";"";"";"";"";"";"";"";"";"";"";""
"19/04/2025";"0500";"";"";"";"";"";"";"";"";"";"";"";"";"";"";"";"";""
"19/04/2025";"0600";"";"";"";"";"";"";"";"";"";"";"";"";"";"";"";"";""
"19/04/2025";"0700";"";"";"";"";"";"";"";"";"";"";"";"";"";"";"";"";""
"19/04/2025";"0800";"";"";"";"";"";"";"";"";"";"";"";"";"";"";"";"";""
"19/04/2025";"0900";"";"";"";"";"";"";"";"";"";"";"";"";"";"";"";"";""
"19/04/2025";"1000";"";"";"";"";"";"";"";"";"";"";"";"";"";"";"";"";""
"19/04/2025";"1100";"";"";"";"";"";"";"";"";"";"";"";"";"";"";"";"";""
"19/04/2025";"1200";"";"";"";"";"";"";"";"";"";"";"";"";"";"";"";"";""
"19/04/2025";"1300";"";"";"";"";"";"";"";"";"";"";"";"";"";"";"";"";""
"19/04/2025";"1400";"";"";"";"";"";"";"";"";"";"";"";"";"";"";"";"";""
"19/04/2025";"1500";"";"";"";"";"";"";"";"";"";"";"";"";"";"";"";"";""
"19/04/2025";"1600";"";"";"";"";"";"";"";"";"";"";"";"";"";"";"";"";""
"19/04/2025";"1700";"";"";"";"";"";"";"";"";"";"";"";"";"";"";"";"";""
"19/04/2025";"1800";"";"";"";"";"";"";"";"";"";"";"";"";"";"";"";"";""
"19/04/2025";"1900";"";"";"";"";"";"";"";"";"";"";"";"";"";"";"";"";""
"19/04/2025";"2000";"";"";"";"";"";"";"";"";"";"";"";"";"";"";"";"";""
"19/04/2025";"2100";"";"";"";"";"";"";"";"";"";"";"";"";"";"";"";"";""
"19/04/2025";"2200";"";"";"";"";"";"";"";"";"";"";"";"";"";"";"";"";""
"19/04/2025";"2300";"";"";"";"";"";"";"";"";"";"";"";"";"";"";"";"";""
"20/04/2025";"0000";"";"";"";"";"";"";"";"";"";"";"";"";"";"";"";"";""
"20/04/2025";"0100";"";"";"";"";"";"";"";"";"";"";"";"";"";"";"";"";""
"20/04/2025";"0200";"";"";"";"";"";"";"";"";"";"";"";"";"";"";"";"";""
"20/04/2025";"0300";"";"";"";"";"";"";"";"";"";"";"";"";"";"";"";"";""
"20/04/2025";"0400";"";"";"";"";"";"";"";"";"";"";"";"";"";"";"";"";""
"20/04/2025";"0500";"";"";"";"";"";"";"";"";"";"";"";"";"";"";"";"";""
"20/04/2025";"0600";"";"";"";"";"";"";"";"";"";"";"";"";"";"";"";"";""
"20/04/2025";"0700";"";"";"";"";"";"";"";"";"";"";"";"";"";"";"";"";""
"20/04/2025";"0800";"";"";"";"";"";"";"";"";"";"";"";"";"";"";"";"";""
"20/04/2025";"0900";"";"";"";"";"";"";"";"";"";"";"";"";"";"";"";"";""
"20/04/2025";"1000";"";"";"";"";"";"";"";"";"";"";"";"";"";"";"";"";""
"20/04/2025";"1100";"";"";"";"";"";"";"";"";"";"";"";"";"";"";"";"";""
"20/04/2025";"1200";"";"";"";"";"";"";"";"";"";"";"";"";"";"";"";"";""
"20/04/2025";"1300";"";"";"";"";"";"";"";"";"";"";"";"";"";"";"";"";""
"20/04/2025";"1400";"";"";"";"";"";"";"";"";"";"";"";"";"";"";"";"";""
"20/04/2025";"1500";"";"";"";"";"";"";"";"";"";"";"";"";"";"";"";"";""
"20/04/2025";"1600";"";"";"";"";"";"";"";"";"";"";"";"";"";"";"";"";""
"20/04/2025";"1700";"";"";"";"";"";"";"";"";"";"";"";"";"";"";"";"";""
"20/04/2025";"1800";"";"";"";"";"";"";"";"";"";"";"";"";"";"";"";"";""
"20/04/2025";"1900";"";"";"";"";"";"";"";"";"";"";"";"";"";"";"";"";""
"20/04/2025";"2000";"";"";"";"";"";"";"";"";"";"";"";"";"";"";"";"";""
"20/04/2025";"2100";"";"";"";"";"";"";"";"";"";"";"";"";"";"";"";"";""
"20/04/2025";"2200";"";"";"";"";"";"";"";"";"";"";"";"";"";"";"";"";""
"20/04/2025";"2300";"";"";"";"";"";"";"";"";"";"";"";"";"";"";"";"";""
"21/04/2025";"0000";"";"";"";"";"";"";"";"";"";"";"";"";"";"";"";"";""
"21/04/2025";"0100";"";"";"";"";"";"";"";"";"";"";"";"";"";"";"";"";""
"21/04/2025";"0200";"";"";"";"";"";"";"";"";"";"";"";"";"";"";"";"";""
"21/04/2025";"0300";"";"";"";"";"";"";"";"";"";"";"";"";"";"";"";"";""
"21/04/2025";"0400";"";"";"";"";"";"";"";"";"";"";"";"";"";"";"";"";""
"21/04/2025";"0500";"";"";"";"";"";"";"";"";"";"";"";"";"";"";"";"";""
"21/04/2025";"0600";"";"";"";"";"";"";"";"";"";"";"";"";"";"";"";"";""
"21/04/2025";"0700";"";"";"";"";"";"";"";"";"";"";"";"";"";"";"";"";""
"21/04/2025";"0800";"";"";"";"";"";"";"";"";"";"";"";"";"";"";"";"";""
"21/04/2025";"0900";"";"";"";"";"";"";"";"";"";"";"";"";"";"";"";"";""
"21/04/2025";"1000";"";"";"";"";"";"";"";"";"";"";"";"";"";"";"";"";""
"21/04/2025";"1100";"";"";"";"";"";"";"";"";"";"";"";"";"";"";"";"";""
"21/04/2025";"1200";"";"";"";"";"";"";"";"";"";"";"";"";"";"";"";"";""
"21/04/2025";"1300";"";"";"";"";"";"";"";"";"";"";"";"";"";"";"";"";""
"21/04/2025";"1400";"";"";"";"";"";"";"";"";"";"";"";"";"";"";"";"";""
"21/04/2025";"1500";"";"";"";"";"";"";"";"";"";"";"";"";"";"";"";"";""
"21/04/2025";"1600";"";"";"";"";"";"";"";"";"";"";"";"";"";"";"";"";""
"21/04/2025";"1700";"";"";"";"";"";"";"";"";"";"";"";"";"";"";"";"";""
"21/04/2025";"1800";"";"";"";"";"";"";"";"";"";"";"";"";"";"";"";"";""
"21/04/2025";"1900";"";"";"";"";"";"";"";"";"";"";"";"";"";"";"";"";""
"21/04/2025";"2000";"";"";"";"";"";"";"";"";"";"";"";"";"";"";"";"";""
"21/04/2025";"2100";"";"";"";"";"";"";"";"";"";"";"";"";"";"";"";"";""
"21/04/2025";"2200";"";"";"";"";"";"";"";"";"";"";"";"";"";"";"";"";""
"21/04/2025";"2300";"";"";"";"";"";"";"";"";"";"";"";"";"";"";"";"";""
"22/04/2025";"0000";"";"";"";"";"";"";"";"";"";"";"";"";"";"";"";"";""
"22/04/2025";"0100";"";"";"";"";"";"";"";"";"";"";"";"";"";"";"";"";""
"22/04/2025";"0200";"";"";"";"";"";"";"";"";"";"";"";"";"";"";"";"";""
"22/04/2025";"0300";"";"";"";"";"";"";"";"";"";"";"";"";"";"";"";"";""
"22/04/2025";"0400";"";"";"";"";"";"";"";"";"";"";"";"";"";"";"";"";""
"22/04/2025";"0500";"";"";"";"";"";"";"";"";"";"";"";"";"";"";"";"";""
"22/04/2025";"0600";"";"";"";"";"";"";"";"";"";"";"";"";"";"";"";"";""
"22/04/2025";"0700";"";"";"";"";"";"";"";"";"";"";"";"";"";"";"";"";""
"22/04/2025";"0800";"";"";"";"";"";"";"";"";"";"";"";"";"";"";"";"";""
"22/04/2025";"0900";"";"";"";"";"";"";"";"";"";"";"";"";"";"";"";"";""
"22/04/2025";"1000";"";"";"";"";"";"";"";"";"";"";"";"";"";"";"";"";""
"22/04/2025";"1100";"";"";"";"";"";"";"";"";"";"";"";"";"";"";"";"";""
"22/04/2025";"1200";"";"";"";"";"";"";"";"";"";"";"";"";"";"";"";"";""
"22/04/2025";"1300";"";"";"";"";"";"";"";"";"";"";"";"";"";"";"";"";""
"22/04/2025";"1400";"";"";"";"";"";"";"";"";"";"";"";"";"";"";"";"";""
"22/04/2025";"1500";"";"";"";"";"";"";"";"";"";"";"";"";"";"";"";"";""
"22/04/2025";"1600";"";"";"";"";"";"";"";"";"";"";"";"";"";"";"";"";""
"22/04/2025";"1700";"";"";"";"";"";"";"";"";"";"";"";"";"";"";"";"";""
"22/04/2025";"1800";"";"";"";"";"";"";"";"";"";"";"";"";"";"";"";"";""
"22/04/2025";"1900";"";"";"";"";"";"";"";"";"";"";"";"";"";"";"";"";""
"22/04/2025";"2000";"";"";"";"";"";"";"";"";"";"";"";"";"";"";"";"";""
"22/04/2025";"2100";"";"";"";"";"";"";"";"";"";"";"";"";"";"";"";"";""
"22/04/2025";"2200";"";"";"";"";"";"";"";"";"";"";"";"";"";"";"";"";""
"22/04/2025";"2300";"";"";"";"";"";"";"";"";"";"";"";"";"";"";"";"";""
"23/04/2025";"0000";"";"";"";"";"";"";"";"";"";"";"";"";"";"";"";"";""
"23/04/2025";"0100";"";"";"";"";"";"";"";"";"";"";"";"";"";"";"";"";""
"23/04/2025";"0200";"";"";"";"";"";"";"";"";"";"";"";"";"";"";"";"";""
"23/04/2025";"0300";"";"";"";"";"";"";"";"";"";"";"";"";"";"";"";"";""
"23/04/2025";"0400";"";"";"";"";"";"";"";"";"";"";"";"";"";"";"";"";""
"23/04/2025";"0500";"";"";"";"";"";"";"";"";"";"";"";"";"";"";"";"";""
"23/04/2025";"0600";"";"";"";"";"";"";"";"";"";"";"";"";"";"";"";"";""
"23/04/2025";"0700";"";"";"";"";"";"";"";"";"";"";"";"";"";"";"";"";""
"23/04/2025";"0800";"";"";"";"";"";"";"";"";"";"";"";"";"";"";"";"";""
"23/04/2025";"0900";"";"";"";"";"";"";"";"";"";"";"";"";"";"";"";"";""
"23/04/2025";"1000";"";"";"";"";"";"";"";"";"";"";"";"";"";"";"";"";""
"23/04/2025";"1100";"";"";"";"";"";"";"";"";"";"";"";"";"";"";"";"";""
"23/04/2025";"1200";"";"";"";"";"";"";"";"";"";"";"";"";"";"";"";"";""
"23/04/2025";"1300";"";"";"";"";"";"";"";"";"";"";"";"";"";"";"";"";""
"23/04/2025";"1400";"";"";"";"";"";"";"";"";"";"";"";"";"";"";"";"";""
"23/04/2025";"1500";"";"";"";"";"";"";"";"";"";"";"";"";"";"";"";"";""
"23/04/2025";"1600";"";"";"";"";"";"";"";"";"";"";"";"";"";"";"";"";""
"23/04/2025";"1700";"";"";"";"";"";"";"";"";"";"";"";"";"";"";"";"";""
"23/04/2025";"1800";"";"";"";"";"";"";"";"";"";"";"";"";"";"";"";"";""
"23/04/2025";"1900";"";"";"";"";"";"";"";"";"";"";"";"";"";"";"";"";""
"23/04/2025";"2000";"";"";"";"";"";"";"";"";"";"";"";"";"";"";"";"";""
"23/04/2025";"2100";"";"";"";"";"";"";"";"";"";"";"";"";"";"";"";"";""
"23/04/2025";"2200";"";"";"";"";"";"";"";"";"";"";"";"";"";"";"";"";""
"23/04/2025";"2300";"";"";"";"";"";"";"";"";"";"";"";"";"";"";"";"";""
"24/04/2025";"0000";"";"";"";"";"";"";"";"";"";"";"";"";"";"";"";"";""
"24/04/2025";"0100";"";"";"";"";"";"";"";"";"";"";"";"";"";"";"";"";""
"24/04/2025";"0200";"";"";"";"";"";"";"";"";"";"";"";"";"";"";"";"";""
"24/04/2025";"0300";"";"";"";"";"";"";"";"";"";"";"";"";"";"";"";"";""
"24/04/2025";"0400";"";"";"";"";"";"";"";"";"";"";"";"";"";"";"";"";""
"24/04/2025";"0500";"";"";"";"";"";"";"";"";"";"";"";"";"";"";"";"";""
"24/04/2025";"0600";"";"";"";"";"";"";"";"";"";"";"";"";"";"";"";"";""
"24/04/2025";"0700";"";"";"";"";"";"";"";"";"";"";"";"";"";"";"";"";""
"24/04/2025";"0800";"";"";"";"";"";"";"";"";"";"";"";"";"";"";"";"";""
"24/04/2025";"0900";"";"";"";"";"";"";"";"";"";"";"";"";"";"";"";"";""
"24/04/2025";"1000";"";"";"";"";"";"";"";"";"";"";"";"";"";"";"";"";""
"24/04/2025";"1100";"";"";"";"";"";"";"";"";"";"";"";"";"";"";"";"";""
"24/04/2025";"1200";"";"";"";"";"";"";"";"";"";"";"";"";"";"";"";"";""
"24/04/2025";"1300";"";"";"";"";"";"";"";"";"";"";"";"";"";"";"";"";""
"24/04/2025";"1400";"";"";"";"";"";"";"";"";"";"";"";"";"";"";"";"";""
"24/04/2025";"1500";"";"";"";"";"";"";"";"";"";"";"";"";"";"";"";"";""
"24/04/2025";"1600";"";"";"";"";"";"";"";"";"";"";"";"";"";"";"";"";""
"24/04/2025";"1700";"";"";"";"";"";"";"";"";"";"";"";"";"";"";"";"";""
"24/04/2025";"1800";"";"";"";"";"";"";"";"";"";"";"";"";"";"";"";"";""
"24/04/2025";"1900";"";"";"";"";"";"";"";"";"";"";"";"";"";"";"";"";""
"24/04/2025";"2000";"";"";"";"";"";"";"";"";"";"";"";"";"";"";"";"";""
"24/04/2025";"2100";"";"";"";"";"";"";"";"";"";"";"";"";"";"";"";"";""
"24/04/2025";"2200";"";"";"";"";"";"";"";"";"";"";"";"";"";"";"";"";""
"24/04/2025";"2300";"";"";"";"";"";"";"";"";"";"";"";"";"";"";"";"";""
"25/04/2025";"0000";"";"";"";"";"";"";"";"";"";"";"";"";"";"";"";"";""
"25/04/2025";"0100";"";"";"";"";"";"";"";"";"";"";"";"";"";"";"";"";""
"25/04/2025";"0200";"";"";"";"";"";"";"";"";"";"";"";"";"";"";"";"";""
"25/04/2025";"0300";"";"";"";"";"";"";"";"";"";"";"";"";"";"";"";"";""
"25/04/2025";"0400";"";"";"";"";"";"";"";"";"";"";"";"";"";"";"";"";""
"25/04/2025";"0500";"";"";"";"";"";"";"";"";"";"";"";"";"";"";"";"";""
"25/04/2025";"0600";"";"";"";"";"";"";"";"";"";"";"";"";"";"";"";"";""
"25/04/2025";"0700";"";"";"";"";"";"";"";"";"";"";"";"";"";"";"";"";""
"25/04/2025";"0800";"";"";"";"";"";"";"";"";"";"";"";"";"";"";"";"";""
"25/04/2025";"0900";"";"";"";"";"";"";"";"";"";"";"";"";"";"";"";"";""
"25/04/2025";"1000";"";"";"";"";"";"";"";"";"";"";"";"";"";"";"";"";""
"25/04/2025";"1100";"";"";"";"";"";"";"";"";"";"";"";"";"";"";"";"";""
"25/04/2025";"1200";"";"";"";"";"";"";"";"";"";"";"";"";"";"";"";"";""
"25/04/2025";"1300";"";"";"";"";"";"";"";"";"";"";"";"";"";"";"";"";""
"25/04/2025";"1400";"";"";"";"";"";"";"";"";"";"";"";"";"";"";"";"";""
"25/04/2025";"1500";"";"";"";"";"";"";"";"";"";"";"";"";"";"";"";"";""
"25/04/2025";"1600";"";"";"";"";"";"";"";"";"";"";"";"";"";"";"";"";""
"25/04/2025";"1700";"";"";"";"";"";"";"";"";"";"";"";"";"";"";"";"";""
"25/04/2025";"1800";"";"";"";"";"";"";"";"";"";"";"";"";"";"";"";"";""
"25/04/2025";"1900";"";"";"";"";"";"";"";"";"";"";"";"";"";"";"";"";""
"25/04/2025";"2000";"";"";"";"";"";"";"";"";"";"";"";"";"";"";"";"";""
"25/04/2025";"2100";"";"";"";"";"";"";"";"";"";"";"";"";"";"";"";"";""
"25/04/2025";"2200";"";"";"";"";"";"";"";"";"";"";"";"";"";"";"";"";""
"25/04/2025";"2300";"";"";"";"";"";"";"";"";"";"";"";"";"";"";"";"";""
"26/04/2025";"0000";"";"";"";"";"";"";"";"";"";"";"";"";"";"";"";"";""
"26/04/2025";"0100";"";"";"";"";"";"";"";"";"";"";"";"";"";"";"";"";""
"26/04/2025";"0200";"";"";"";"";"";"";"";"";"";"";"";"";"";"";"";"";""
"26/04/2025";"0300";"";"";"";"";"";"";"";"";"";"";"";"";"";"";"";"";""
"26/04/2025";"0400";"";"";"";"";"";"";"";"";"";"";"";"";"";"";"";"";""
"26/04/2025";"0500";"";"";"";"";"";"";"";"";"";"";"";"";"";"";"";"";""
"26/04/2025";"0600";"";"";"";"";"";"";"";"";"";"";"";"";"";"";"";"";""
"26/04/2025";"0700";"";"";"";"";"";"";"";"";"";"";"";"";"";"";"";"";""
"26/04/2025";"0800";"";"";"";"";"";"";"";"";"";"";"";"";"";"";"";"";""
"26/04/2025";"0900";"";"";"";"";"";"";"";"";"";"";"";"";"";"";"";"";""
"26/04/2025";"1000";"";"";"";"";"";"";"";"";"";"";"";"";"";"";"";"";""
"26/04/2025";"1100";"";"";"";"";"";"";"";"";"";"";"";"";"";"";"";"";""
"26/04/2025";"1200";"";"";"";"";"";"";"";"";"";"";"";"";"";"";"";"";""
"26/04/2025";"1300";"";"";"";"";"";"";"";"";"";"";"";"";"";"";"";"";""
"26/04/2025";"1400";"";"";"";"";"";"";"";"";"";"";"";"";"";"";"";"";""
"26/04/2025";"1500";"";"";"";"";"";"";"";"";"";"";"";"";"";"";"";"";""
"26/04/2025";"1600";"";"";"";"";"";"";"";"";"";"";"";"";"";"";"";"";""
"26/04/2025";"1700";"";"";"";"";"";"";"";"";"";"";"";"";"";"";"";"";""
"26/04/2025";"1800";"";"";"";"";"";"";"";"";"";"";"";"";"";"";"";"";""
"26/04/2025";"1900";"";"";"";"";"";"";"";"";"";"";"";"";"";"";"";"";""
"26/04/2025";"2000";"";"";"";"";"";"";"";"";"";"";"";"";"";"";"";"";""
"26/04/2025";"2100";"";"";"";"";"";"";"";"";"";"";"";"";"";"";"";"";""
"26/04/2025";"2200";"";"";"";"";"";"";"";"";"";"";"";"";"";"";"";"";""
"26/04/2025";"2300";"";"";"";"";"";"";"";"";"";"";"";"";"";"";"";"";""
"27/04/2025";"0000";"";"";"";"";"";"";"";"";"";"";"";"";"";"";"";"";""
"27/04/2025";"0100";"";"";"";"";"";"";"";"";"";"";"";"";"";"";"";"";""
"27/04/2025";"0200";"";"";"";"";"";"";"";"";"";"";"";"";"";"";"";"";""
"27/04/2025";"0300";"";"";"";"";"";"";"";"";"";"";"";"";"";"";"";"";""
"27/04/2025";"0400";"";"";"";"";"";"";"";"";"";"";"";"";"";"";"";"";""
"27/04/2025";"0500";"";"";"";"";"";"";"";"";"";"";"";"";"";"";"";"";""
"27/04/2025";"0600";"";"";"";"";"";"";"";"";"";"";"";"";"";"";"";"";""
"27/04/2025";"0700";"";"";"";"";"";"";"";"";"";"";"";"";"";"";"";"";""
"27/04/2025";"0800";"";"";"";"";"";"";"";"";"";"";"";"";"";"";"";"";""
"27/04/2025";"0900";"";"";"";"";"";"";"";"";"";"";"";"";"";"";"";"";""
"27/04/2025";"1000";"";"";"";"";"";"";"";"";"";"";"";"";"";"";"";"";""
"27/04/2025";"1100";"";"";"";"";"";"";"";"";"";"";"";"";"";"";"";"";""
"27/04/2025";"1200";"";"";"";"";"";"";"";"";"";"";"";"";"";"";"";"";""
"27/04/2025";"1300";"";"";"";"";"";"";"";"";"";"";"";"";"";"";"";"";""
"27/04/2025";"1400";"";"";"";"";"";"";"";"";"";"";"";"";"";"";"";"";""
"27/04/2025";"1500";"";"";"";"";"";"";"";"";"";"";"";"";"";"";"";"";""
"27/04/2025";"1600";"";"";"";"";"";"";"";"";"";"";"";"";"";"";"";"";""
"27/04/2025";"1700";"";"";"";"";"";"";"";"";"";"";"";"";"";"";"";"";""
"27/04/2025";"1800";"";"";"";"";"";"";"";"";"";"";"";"";"";"";"";"";""
"27/04/2025";"1900";"";"";"";"";"";"";"";"";"";"";"";"";"";"";"";"";""
"27/04/2025";"2000";"";"";"";"";"";"";"";"";"";"";"";"";"";"";"";"";""
"27/04/2025";"2100";"";"";"";"";"";"";"";"";"";"";"";"";"";"";"";"";""
"27/04/2025";"2200";"";"";"";"";"";"";"";"";"";"";"";"";"";"";"";"";""
"27/04/2025";"2300";"";"";"";"";"";"";"";"";"";"";"";"";"";"";"";"";""
"28/04/2025";"0000";"";"";"";"";"";"";"";"";"";"";"";"";"";"";"";"";""
"28/04/2025";"0100";"";"";"";"";"";"";"";"";"";"";"";"";"";"";"";"";""
"28/04/2025";"0200";"";"";"";"";"";"";"";"";"";"";"";"";"";"";"";"";""
"28/04/2025";"0300";"";"";"";"";"";"";"";"";"";"";"";"";"";"";"";"";""
"28/04/2025";"0400";"";"";"";"";"";"";"";"";"";"";"";"";"";"";"";"";""
"28/04/2025";"0500";"";"";"";"";"";"";"";"";"";"";"";"";"";"";"";"";""
"28/04/2025";"0600";"";"";"";"";"";"";"";"";"";"";"";"";"";"";"";"";""
"28/04/2025";"0700";"";"";"";"";"";"";"";"";"";"";"";"";"";"";"";"";""
"28/04/2025";"0800";"";"";"";"";"";"";"";"";"";"";"";"";"";"";"";"";""
"28/04/2025";"0900";"";"";"";"";"";"";"";"";"";"";"";"";"";"";"";"";""
"28/04/2025";"1000";"";"";"";"";"";"";"";"";"";"";"";"";"";"";"";"";""
"28/04/2025";"1100";"";"";"";"";"";"";"";"";"";"";"";"";"";"";"";"";""
"28/04/2025";"1200";"";"";"";"";"";"";"";"";"";"";"";"";"";"";"";"";""
"28/04/2025";"1300";"";"";"";"";"";"";"";"";"";"";"";"";"";"";"";"";""
"28/04/2025";"1400";"";"";"";"";"";"";"";"";"";"";"";"";"";"";"";"";""
"28/04/2025";"1500";"";"";"";"";"";"";"";"";"";"";"";"";"";"";"";"";""
"28/04/2025";"1600";"";"";"";"";"";"";"";"";"";"";"";"";"";"";"";"";""
"28/04/2025";"1700";"";"";"";"";"";"";"";"";"";"";"";"";"";"";"";"";""
"28/04/2025";"1800";"";"";"";"";"";"";"";"";"";"";"";"";"";"";"";"";""
"28/04/2025";"1900";"";"";"";"";"";"";"";"";"";"";"";"";"";"";"";"";""
"28/04/2025";"2000";"";"";"";"";"";"";"";"";"";"";"";"";"";"";"";"";""
"28/04/2025";"2100";"";"";"";"";"";"";"";"";"";"";"";"";"";"";"";"";""
"28/04/2025";"2200";"";"";"";"";"";"";"";"";"";"";"";"";"";"";"";"";""
"28/04/2025";"2300";"";"";"";"";"";"";"";"";"";"";"";"";"";"";"";"";""
"29/04/2025";"0000";"";"";"";"";"";"";"";"";"";"";"";"";"";"";"";"";""
"29/04/2025";"0100";"";"";"";"";"";"";"";"";"";"";"";"";"";"";"";"";""
"29/04/2025";"0200";"";"";"";"";"";"";"";"";"";"";"";"";"";"";"";"";""
"29/04/2025";"0300";"";"";"";"";"";"";"";"";"";"";"";"";"";"";"";"";""
"29/04/2025";"0400";"";"";"";"";"";"";"";"";"";"";"";"";"";"";"";"";""
"29/04/2025";"0500";"";"";"";"";"";"";"";"";"";"";"";"";"";"";"";"";""
"29/04/2025";"0600";"";"";"";"";"";"";"";"";"";"";"";"";"";"";"";"";""
"29/04/2025";"0700";"";"";"";"";"";"";"";"";"";"";"";"";"";"";"";"";""
"29/04/2025";"0800";"";"";"";"";"";"";"";"";"";"";"";"";"";"";"";"";""
"29/04/2025";"0900";"";"";"";"";"";"";"";"";"";"";"";"";"";"";"";"";""
"29/04/2025";"1000";"";"";"";"";"";"";"";"";"";"";"";"";"";"";"";"";""
"29/04/2025";"1100";"";"";"";"";"";"";"";"";"";"";"";"";"";"";"";"";""
"29/04/2025";"1200";"";"";"";"";"";"";"";"";"";"";"";"";"";"";"";"";""
"29/04/2025";"1300";"";"";"";"";"";"";"";"";"";"";"";"";"";"";"";"";""
"29/04/2025";"1400";"";"";"";"";"";"";"";"";"";"";"";"";"";"";"";"";""
"29/04/2025";"1500";"";"";"";"";"";"";"";"";"";"";"";"";"";"";"";"";""
"29/04/2025";"1600";"";"";"";"";"";"";"";"";"";"";"";"";"";"";"";"";""
"29/04/2025";"1700";"";"";"";"";"";"";"";"";"";"";"";"";"";"";"";"";""
"29/04/2025";"1800";"";"";"";"";"";"";"";"";"";"";"";"";"";"";"";"";""
"29/04/2025";"1900";"";"";"";"";"";"";"";"";"";"";"";"";"";"";"";"";""
"29/04/2025";"2000";"";"";"";"";"";"";"";"";"";"";"";"";"";"";"";"";""
"29/04/2025";"2100";"";"";"";"";"";"";"";"";"";"";"";"";"";"";"";"";""
"29/04/2025";"2200";"";"";"";"";"";"";"";"";"";"";"";"";"";"";"";"";""
"29/04/2025";"2300";"";"";"";"";"";"";"";"";"";"";"";"";"";"";"";"";""
"30/04/2025";"0000";"";"";"";"";"";"";"";"";"";"";"";"";"";"";"";"";""
"30/04/2025";"0100";"";"";"";"";"";"";"";"";"";"";"";"";"";"";"";"";""
"30/04/2025";"0200";"";"";"";"";"";"";"";"";"";"";"";"";"";"";"";"";""
"30/04/2025";"0300";"";"";"";"";"";"";"";"";"";"";"";"";"";"";"";"";""
"30/04/2025";"0400";"";"";"";"";"";"";"";"";"";"";"";"";"";"";"";"";""
"30/04/2025";"0500";"";"";"";"";"";"";"";"";"";"";"";"";"";"";"";"";""
"30/04/2025";"0600";"";"";"";"";"";"";"";"";"";"";"";"";"";"";"";"";""
"30/04/2025";"0700";"";"";"";"";"";"";"";"";"";"";"";"";"";"";"";"";""
"30/04/2025";"0800";"";"";"";"";"";"";"";"";"";"";"";"";"";"";"";"";""
"30/04/2025";"0900";"";"";"";"";"";"";"";"";"";"";"";"";"";"";"";"";""
"30/04/2025";"1000";"";"";"";"";"";"";"";"";"";"";"";"";"";"";"";"";""
"30/04/2025";"1100";"";"";"";"";"";"";"";"";"";"";"";"";"";"";"";"";""
"30/04/2025";"1200";"";"";"";"";"";"";"";"";"";"";"";"";"";"";"";"";""
"30/04/2025";"1300";"";"";"";"";"";"";"";"";"";"";"";"";"";"";"";"";""
"30/04/2025";"1400";"";"";"";"";"";"";"";"";"";"";"";"";"";"";"";"";""
"30/04/2025";"1500";"";"";"";"";"";"";"";"";"";"";"";"";"";"";"";"";""
"30/04/2025";"1600";"";"";"";"";"";"";"";"";"";"";"";"";"";"";"";"";""
"30/04/2025";"1700";"";"";"";"";"";"";"";"";"";"";"";"";"";"";"";"";""
"30/04/2025";"1800";"";"";"";"";"";"";"";"";"";"";"";"";"";"";"";"";""
"30/04/2025";"1900";"";"";"";"";"";"";"";"";"";"";"";"";"";"";"";"";""
"30/04/2025";"2000";"";"";"";"";"";"";"";"";"";"";"";"";"";"";"";"";""
"30/04/2025";"2100";"";"";"";"";"";"";"";"";"";"";"";"";"";"";"";"";""
"30/04/2025";"2200";"";"";"";"";"";"";"";"";"";"";"";"";"";"";"";"";""
"30/04/2025";"2300";"";"";"";"";"";"";"";"";"";"";"";"";"";"";"";"";""
"01/05/2025";"0000";"";"";"";"";"";"";"";"";"";"";"";"";"";"";"";"";""
"01/05/2025";"0100";"";"";"";"";"";"";"";"";"";"";"";"";"";"";"";"";""
"01/05/2025";"0200";"";"";"";"";"";"";"";"";"";"";"";"";"";"";"";"";""
"01/05/2025";"0300";"";"";"";"";"";"";"";"";"";"";"";"";"";"";"";"";""
"01/05/2025";"0400";"";"";"";"";"";"";"";"";"";"";"";"";"";"";"";"";""
"01/05/2025";"0500";"";"";"";"";"";"";"";"";"";"";"";"";"";"";"";"";""
"01/05/2025";"0600";"";"";"";"";"";"";"";"";"";"";"";"";"";"";"";"";""
"01/05/2025";"0700";"";"";"";"";"";"";"";"";"";"";"";"";"";"";"";"";""
"01/05/2025";"0800";"";"";"";"";"";"";"";"";"";"";"";"";"";"";"";"";""
"01/05/2025";"0900";"";"";"";"";"";"";"";"";"";"";"";"";"";"";"";"";""
"01/05/2025";"1000";"";"";"";"";"";"";"";"";"";"";"";"";"";"";"";"";""
"01/05/2025";"1100";"";"";"";"";"";"";"";"";"";"";"";"";"";"";"";"";""
"01/05/2025";"1200";"";"";"";"";"";"";"";"";"";"";"";"";"";"";"";"";""
"01/05/2025";"1300";"";"";"";"";"";"";"";"";"";"";"";"";"";"";"";"";""
"01/05/2025";"1400";"";"";"";"";"";"";"";"";"";"";"";"";"";"";"";"";""
"01/05/2025";"1500";"";"";"";"";"";"";"";"";"";"";"";"";"";"";"";"";""
"01/05/2025";"1600";"";"";"";"";"";"";"";"";"";"";"";"";"";"";"";"";""
"01/05/2025";"1700";"";"";"";"";"";"";"";"";"";"";"";"";"";"";"";"";""
"01/05/2025";"1800";"";"";"";"";"";"";"";"";"";"";"";"";"";"";"";"";""
"01/05/2025";"1900";"";"";"";"";"";"";"";"";"";"";"";"";"";"";"";"";""
"01/05/2025";"2000";"";"";"";"";"";"";"";"";"";"";"";"";"";"";"";"";""
"01/05/2025";"2100";"";"";"";"";"";"";"";"";"";"";"";"";"";"";"";"";""
"01/05/2025";"2200";"";"";"";"";"";"";"";"";"";"";"";"";"";"";"";"";""
"01/05/2025";"2300";"";"";"";"";"";"";"";"";"";"";"";"";"";"";"";"";""
"02/05/2025";"0000";"";"";"";"";"";"";"";"";"";"";"";"";"";"";"";"";""
"02/05/2025";"0100";"";"";"";"";"";"";"";"";"";"";"";"";"";"";"";"";""
"02/05/2025";"0200";"";"";"";"";"";"";"";"";"";"";"";"";"";"";"";"";""
"02/05/2025";"0300";"";"";"";"";"";"";"";"";"";"";"";"";"";"";"";"";""
"02/05/2025";"0400";"";"";"";"";"";"";"";"";"";"";"";"";"";"";"";"";""
"02/05/2025";"0500";"";"";"";"";"";"";"";"";"";"";"";"";"";"";"";"";""
"02/05/2025";"0600";"";"";"";"";"";"";"";"";"";"";"";"";"";"";"";"";""
"02/05/2025";"0700";"";"";"";"";"";"";"";"";"";"";"";"";"";"";"";"";""
"02/05/2025";"0800";"";"";"";"";"";"";"";"";"";"";"";"";"";"";"";"";""
"02/05/2025";"0900";"";"";"";"";"";"";"";"";"";"";"";"";"";"";"";"";""
"02/05/2025";"1000";"";"";"";"";"";"";"";"";"";"";"";"";"";"";"";"";""
"02/05/2025";"1100";"";"";"";"";"";"";"";"";"";"";"";"";"";"";"";"";""
"02/05/2025";"1200";"";"";"";"";"";"";"";"";"";"";"";"";"";"";"";"";""
"02/05/2025";"1300";"";"";"";"";"";"";"";"";"";"";"";"";"";"";"";"";""
"02/05/2025";"1400";"";"";"";"";"";"";"";"";"";"";"";"";"";"";"";"";""
"02/05/2025";"1500";"";"";"";"";"";"";"";"";"";"";"";"";"";"";"";"";""
"02/05/2025";"1600";"";"";"";"";"";"";"";"";"";"";"";"";"";"";"";"";""
"02/05/2025";"1700";"";"";"";"";"";"";"";"";"";"";"";"";"";"";"";"";""
"02/05/2025";"1800";"";"";"";"";"";"";"";"";"";"";"";"";"";"";"";"";""
"02/05/2025";"1900";"";"";"";"";"";"";"";"";"";"";"";"";"";"";"";"";""
"02/05/2025";"2000";"";"";"";"";"";"";"";"";"";"";"";"";"";"";"";"";""
"02/05/2025";"2100";"";"";"";"";"";"";"";"";"";"";"";"";"";"";"";"";""
"02/05/2025";"2200";"";"";"";"";"";"";"";"";"";"";"";"";"";"";"";"";""
"02/05/2025";"2300";"";"";"";"";"";"";"";"";"";"";"";"";"";"";"";"";""
"03/05/2025";"0000";"";"";"";"";"";"";"";"";"";"";"";"";"";"";"";"";""
"03/05/2025";"0100";"";"";"";"";"";"";"";"";"";"";"";"";"";"";"";"";""
"03/05/2025";"0200";"";"";"";"";"";"";"";"";"";"";"";"";"";"";"";"";""
"03/05/2025";"0300";"";"";"";"";"";"";"";"";"";"";"";"";"";"";"";"";""
"03/05/2025";"0400";"";"";"";"";"";"";"";"";"";"";"";"";"";"";"";"";""
"03/05/2025";"0500";"";"";"";"";"";"";"";"";"";"";"";"";"";"";"";"";""
"03/05/2025";"0600";"";"";"";"";"";"";"";"";"";"";"";"";"";"";"";"";""
"03/05/2025";"0700";"";"";"";"";"";"";"";"";"";"";"";"";"";"";"";"";""
"03/05/2025";"0800";"";"";"";"";"";"";"";"";"";"";"";"";"";"";"";"";""
"03/05/2025";"0900";"";"";"";"";"";"";"";"";"";"";"";"";"";"";"";"";""
"03/05/2025";"1000";"";"";"";"";"";"";"";"";"";"";"";"";"";"";"";"";""
"03/05/2025";"1100";"";"";"";"";"";"";"";"";"";"";"";"";"";"";"";"";""
"03/05/2025";"1200";"";"";"";"";"";"";"";"";"";"";"";"";"";"";"";"";""
"03/05/2025";"1300";"";"";"";"";"";"";"";"";"";"";"";"";"";"";"";"";""
"03/05/2025";"1400";"";"";"";"";"";"";"";"";"";"";"";"";"";"";"";"";""
"03/05/2025";"1500";"";"";"";"";"";"";"";"";"";"";"";"";"";"";"";"";""
"03/05/2025";"1600";"";"";"";"";"";"";"";"";"";"";"";"";"";"";"";"";""
"03/05/2025";"1700";"";"";"";"";"";"";"";"";"";"";"";"";"";"";"";"";""
"03/05/2025";"1800";"";"";"";"";"";"";"";"";"";"";"";"";"";"";"";"";""
"03/05/2025";"1900";"";"";"";"";"";"";"";"";"";"";"";"";"";"";"";"";""
"03/05/2025";"2000";"";"";"";"";"";"";"";"";"";"";"";"";"";"";"";"";""
"03/05/2025";"2100";"";"";"";"";"";"";"";"";"";"";"";"";"";"";"";"";""
"03/05/2025";"2200";"";"";"";"";"";"";"";"";"";"";"";"";"";"";"";"";""
"03/05/2025";"2300";"";"";"";"";"";"";"";"";"";"";"";"";"";"";"";"";""
"04/05/2025";"0000";"";"";"";"";"";"";"";"";"";"";"";"";"";"";"";"";""
"04/05/2025";"0100";"";"";"";"";"";"";"";"";"";"";"";"";"";"";"";"";""
"04/05/2025";"0200";"";"";"";"";"";"";"";"";"";"";"";"";"";"";"";"";""
"04/05/2025";"0300";"";"";"";"";"";"";"";"";"";"";"";"";"";"";"";"";""
"04/05/2025";"0400";"";"";"";"";"";"";"";"";"";"";"";"";"";"";"";"";""
"04/05/2025";"0500";"";"";"";"";"";"";"";"";"";"";"";"";"";"";"";"";""
"04/05/2025";"0600";"";"";"";"";"";"";"";"";"";"";"";"";"";"";"";"";""
"04/05/2025";"0700";"";"";"";"";"";"";"";"";"";"";"";"";"";"";"";"";""
"04/05/2025";"0800";"";"";"";"";"";"";"";"";"";"";"";"";"";"";"";"";""
"04/05/2025";"0900";"";"";"";"";"";"";"";"";"";"";"";"";"";"";"";"";""
"04/05/2025";"1000";"";"";"";"";"";"";"";"";"";"";"";"";"";"";"";"";""
"04/05/2025";"1100";"";"";"";"";"";"";"";"";"";"";"";"";"";"";"";"";""
"04/05/2025";"1200";"";"";"";"";"";"";"";"";"";"";"";"";"";"";"";"";""
"04/05/2025";"1300";"";"";"";"";"";"";"";"";"";"";"";"";"";"";"";"";""
"04/05/2025";"1400";"";"";"";"";"";"";"";"";"";"";"";"";"";"";"";"";""
"04/05/2025";"1500";"";"";"";"";"";"";"";"";"";"";"";"";"";"";"";"";""
"04/05/2025";"1600";"";"";"";"";"";"";"";"";"";"";"";"";"";"";"";"";""
"04/05/2025";"1700";"";"";"";"";"";"";"";"";"";"";"";"";"";"";"";"";""
"04/05/2025";"1800";"";"";"";"";"";"";"";"";"";"";"";"";"";"";"";"";""
"04/05/2025";"1900";"";"";"";"";"";"";"";"";"";"";"";"";"";"";"";"";""
"04/05/2025";"2000";"";"";"";"";"";"";"";"";"";"";"";"";"";"";"";"";""
"04/05/2025";"2100";"";"";"";"";"";"";"";"";"";"";"";"";"";"";"";"";""
"04/05/2025";"2200";"";"";"";"";"";"";"";"";"";"";"";"";"";"";"";"";""
"04/05/2025";"2300";"";"";"";"";"";"";"";"";"";"";"";"";"";"";"";"";""
"05/05/2025";"0000";"";"";"";"";"";"";"";"";"";"";"";"";"";"";"";"";""
"05/05/2025";"0100";"";"";"";"";"";"";"";"";"";"";"";"";"";"";"";"";""
"05/05/2025";"0200";"";"";"";"";"";"";"";"";"";"";"";"";"";"";"";"";""
"05/05/2025";"0300";"";"";"";"";"";"";"";"";"";"";"";"";"";"";"";"";""
"05/05/2025";"0400";"";"";"";"";"";"";"";"";"";"";"";"";"";"";"";"";""
"05/05/2025";"0500";"";"";"";"";"";"";"";"";"";"";"";"";"";"";"";"";""
"05/05/2025";"0600";"";"";"";"";"";"";"";"";"";"";"";"";"";"";"";"";""
"05/05/2025";"0700";"";"";"";"";"";"";"";"";"";"";"";"";"";"";"";"";""
"05/05/2025";"0800";"";"";"";"";"";"";"";"";"";"";"";"";"";"";"";"";""
"05/05/2025";"0900";"";"";"";"";"";"";"";"";"";"";"";"";"";"";"";"";""
"05/05/2025";"1000";"";"";"";"";"";"";"";"";"";"";"";"";"";"";"";"";""
"05/05/2025";"1100";"";"";"";"";"";"";"";"";"";"";"";"";"";"";"";"";""
"05/05/2025";"1200";"";"";"";"";"";"";"";"";"";"";"";"";"";"";"";"";""
"05/05/2025";"1300";"";"";"";"";"";"";"";"";"";"";"";"";"";"";"";"";""
"05/05/2025";"1400";"";"";"";"";"";"";"";"";"";"";"";"";"";"";"";"";""
"05/05/2025";"1500";"";"";"";"";"";"";"";"";"";"";"";"";"";"";"";"";""
"05/05/2025";"1600";"";"";"";"";"";"";"";"";"";"";"";"";"";"";"";"";""
"05/05/2025";"1700";"";"";"";"";"";"";"";"";"";"";"";"";"";"";"";"";""
"05/05/2025";"1800";"";"";"";"";"";"";"";"";"";"";"";"";"";"";"";"";""
"05/05/2025";"1900";"";"";"";"";"";"";"";"";"";"";"";"";"";"";"";"";""
"05/05/2025";"2000";"";"";"";"";"";"";"";"";"";"";"";"";"";"";"";"";""
"05/05/2025";"2100";"";"";"";"";"";"";"";"";"";"";"";"";"";"";"";"";""
"05/05/2025";"2200";"";"";"";"";"";"";"";"";"";"";"";"";"";"";"";"";""
"05/05/2025";"2300";"";"";"";"";"";"";"";"";"";"";"";"";"";"";"";"";""
"06/05/2025";"0000";"";"";"";"";"";"";"";"";"";"";"";"";"";"";"";"";""
"06/05/2025";"0100";"";"";"";"";"";"";"";"";"";"";"";"";"";"";"";"";""
"06/05/2025";"0200";"";"";"";"";"";"";"";"";"";"";"";"";"";"";"";"";""
"06/05/2025";"0300";"";"";"";"";"";"";"";"";"";"";"";"";"";"";"";"";""
"06/05/2025";"0400";"";"";"";"";"";"";"";"";"";"";"";"";"";"";"";"";""
"06/05/2025";"0500";"";"";"";"";"";"";"";"";"";"";"";"";"";"";"";"";""
"06/05/2025";"0600";"";"";"";"";"";"";"";"";"";"";"";"";"";"";"";"";""
"06/05/2025";"0700";"";"";"";"";"";"";"";"";"";"";"";"";"";"";"";"";""
"06/05/2025";"0800";"";"";"";"";"";"";"";"";"";"";"";"";"";"";"";"";""
"06/05/2025";"0900";"";"";"";"";"";"";"";"";"";"";"";"";"";"";"";"";""
"06/05/2025";"1000";"";"";"";"";"";"";"";"";"";"";"";"";"";"";"";"";""
"06/05/2025";"1100";"";"";"";"";"";"";"";"";"";"";"";"";"";"";"";"";""
"06/05/2025";"1200";"";"";"";"";"";"";"";"";"";"";"";"";"";"";"";"";""
"06/05/2025";"1300";"";"";"";"";"";"";"";"";"";"";"";"";"";"";"";"";""
"06/05/2025";"1400";"";"";"";"";"";"";"";"";"";"";"";"";"";"";"";"";""
"06/05/2025";"1500";"";"";"";"";"";"";"";"";"";"";"";"";"";"";"";"";""
"06/05/2025";"1600";"";"";"";"";"";"";"";"";"";"";"";"";"";"";"";"";""
"06/05/2025";"1700";"";"";"";"";"";"";"";"";"";"";"";"";"";"";"";"";""
"06/05/2025";"1800";"";"";"";"";"";"";"";"";"";"";"";"";"";"";"";"";""
"06/05/2025";"1900";"";"";"";"";"";"";"";"";"";"";"";"";"";"";"";"";""
"06/05/2025";"2000";"";"";"";"";"";"";"";"";"";"";"";"";"";"";"";"";""
"06/05/2025";"2100";"";"";"";"";"";"";"";"";"";"";"";"";"";"";"";"";""
"06/05/2025";"2200";"";"";"";"";"";"";"";"";"";"";"";"";"";"";"";"";""
"06/05/2025";"2300";"";"";"";"";"";"";"";"";"";"";"";"";"";"";"";"";""
"07/05/2025";"0000";"";"";"";"";"";"";"";"";"";"";"";"";"";"";"";"";""
"07/05/2025";"0100";"";"";"";"";"";"";"";"";"";"";"";"";"";"";"";"";""
"07/05/2025";"0200";"";"";"";"";"";"";"";"";"";"";"";"";"";"";"";"";""
"07/05/2025";"0300";"";"";"";"";"";"";"";"";"";"";"";"";"";"";"";"";""
"07/05/2025";"0400";"";"";"";"";"";"";"";"";"";"";"";"";"";"";"";"";""
"07/05/2025";"0500";"";"";"";"";"";"";"";"";"";"";"";"";"";"";"";"";""
"07/05/2025";"0600";"";"";"";"";"";"";"";"";"";"";"";"";"";"";"";"";""
"07/05/2025";"0700";"";"";"";"";"";"";"";"";"";"";"";"";"";"";"";"";""
"07/05/2025";"0800";"";"";"";"";"";"";"";"";"";"";"";"";"";"";"";"";""
"07/05/2025";"0900";"";"";"";"";"";"";"";"";"";"";"";"";"";"";"";"";""
"07/05/2025";"1000";"";"";"";"";"";"";"";"";"";"";"";"";"";"";"";"";""
"07/05/2025";"1100";"";"";"";"";"";"";"";"";"";"";"";"";"";"";"";"";""
"07/05/2025";"1200";"";"";"";"";"";"";"";"";"";"";"";"";"";"";"";"";""
"07/05/2025";"1300";"";"";"";"";"";"";"";"";"";"";"";"";"";"";"";"";""
"07/05/2025";"1400";"";"";"";"";"";"";"";"";"";"";"";"";"";"";"";"";""
"07/05/2025";"1500";"";"";"";"";"";"";"";"";"";"";"";"";"";"";"";"";""
"07/05/2025";"1600";"";"";"";"";"";"";"";"";"";"";"";"";"";"";"";"";""
"07/05/2025";"1700";"";"";"";"";"";"";"";"";"";"";"";"";"";"";"";"";""
"07/05/2025";"1800";"";"";"";"";"";"";"";"";"";"";"";"";"";"";"";"";""
"07/05/2025";"1900";"";"";"";"";"";"";"";"";"";"";"";"";"";"";"";"";""
"07/05/2025";"2000";"";"";"";"";"";"";"";"";"";"";"";"";"";"";"";"";""
"07/05/2025";"2100";"";"";"";"";"";"";"";"";"";"";"";"";"";"";"";"";""
"07/05/2025";"2200";"";"";"";"";"";"";"";"";"";"";"";"";"";"";"";"";""
"07/05/2025";"2300";"";"";"";"";"";"";"";"";"";"";"";"";"";"";"";"";""
"08/05/2025";"0000";"";"";"";"";"";"";"";"";"";"";"";"";"";"";"";"";""
"08/05/2025";"0100";"";"";"";"";"";"";"";"";"";"";"";"";"";"";"";"";""
"08/05/2025";"0200";"";"";"";"";"";"";"";"";"";"";"";"";"";"";"";"";""
"08/05/2025";"0300";"";"";"";"";"";"";"";"";"";"";"";"";"";"";"";"";""
"08/05/2025";"0400";"";"";"";"";"";"";"";"";"";"";"";"";"";"";"";"";""
"08/05/2025";"0500";"";"";"";"";"";"";"";"";"";"";"";"";"";"";"";"";""
"08/05/2025";"0600";"";"";"";"";"";"";"";"";"";"";"";"";"";"";"";"";""
"08/05/2025";"0700";"";"";"";"";"";"";"";"";"";"";"";"";"";"";"";"";""
"08/05/2025";"0800";"";"";"";"";"";"";"";"";"";"";"";"";"";"";"";"";""
"08/05/2025";"0900";"";"";"";"";"";"";"";"";"";"";"";"";"";"";"";"";""
"08/05/2025";"1000";"";"";"";"";"";"";"";"";"";"";"";"";"";"";"";"";""
"08/05/2025";"1100";"";"";"";"";"";"";"";"";"";"";"";"";"";"";"";"";""
"08/05/2025";"1200";"";"";"";"";"";"";"";"";"";"";"";"";"";"";"";"";""
"08/05/2025";"1300";"";"";"";"";"";"";"";"";"";"";"";"";"";"";"";"";""
"08/05/2025";"1400";"";"";"";"";"";"";"";"";"";"";"";"";"";"";"";"";""
"08/05/2025";"1500";"";"";"";"";"";"";"";"";"";"";"";"";"";"";"";"";""
"08/05/2025";"1600";"";"";"";"";"";"";"";"";"";"";"";"";"";"";"";"";""
"08/05/2025";"1700";"";"";"";"";"";"";"";"";"";"";"";"";"";"";"";"";""
"08/05/2025";"1800";"";"";"";"";"";"";"";"";"";"";"";"";"";"";"";"";""
"08/05/2025";"1900";"";"";"";"";"";"";"";"";"";"";"";"";"";"";"";"";""
"08/05/2025";"2000";"";"";"";"";"";"";"";"";"";"";"";"";"";"";"";"";""
"08/05/2025";"2100";"";"";"";"";"";"";"";"";"";"";"";"";"";"";"";"";""
"08/05/2025";"2200";"";"";"";"";"";"";"";"";"";"";"";"";"";"";"";"";""
"08/05/2025";"2300";"";"";"";"";"";"";"";"";"";"";"";"";"";"";"";"";""
"09/05/2025";"0000";"";"";"";"";"";"";"";"";"";"";"";"";"";"";"";"";""
"09/05/2025";"0100";"";"";"";"";"";"";"";"";"";"";"";"";"";"";"";"";""
"09/05/2025";"0200";"";"";"";"";"";"";"";"";"";"";"";"";"";"";"";"";""
"09/05/2025";"0300";"";"";"";"";"";"";"";"";"";"";"";"";"";"";"";"";""
"09/05/2025";"0400";"";"";"";"";"";"";"";"";"";"";"";"";"";"";"";"";""
"09/05/2025";"0500";"";"";"";"";"";"";"";"";"";"";"";"";"";"";"";"";""
"09/05/2025";"0600";"";"";"";"";"";"";"";"";"";"";"";"";"";"";"";"";""
"09/05/2025";"0700";"";"";"";"";"";"";"";"";"";"";"";"";"";"";"";"";""
"09/05/2025";"0800";"";"";"";"";"";"";"";"";"";"";"";"";"";"";"";"";""
"09/05/2025";"0900";"";"";"";"";"";"";"";"";"";"";"";"";"";"";"";"";""
"09/05/2025";"1000";"";"";"";"";"";"";"";"";"";"";"";"";"";"";"";"";""
"09/05/2025";"1100";"";"";"";"";"";"";"";"";"";"";"";"";"";"";"";"";""
"09/05/2025";"1200";"";"";"";"";"";"";"";"";"";"";"";"";"";"";"";"";""
"09/05/2025";"1300";"";"";"";"";"";"";"";"";"";"";"";"";"";"";"";"";""
"09/05/2025";"1400";"";"";"";"";"";"";"";"";"";"";"";"";"";"";"";"";""
"09/05/2025";"1500";"";"";"";"";"";"";"";"";"";"";"";"";"";"";"";"";""
"09/05/2025";"1600";"";"";"";"";"";"";"";"";"";"";"";"";"";"";"";"";""
"09/05/2025";"1700";"";"";"";"";"";"";"";"";"";"";"";"";"";"";"";"";""
"09/05/2025";"1800";"";"";"";"";"";"";"";"";"";"";"";"";"";"";"";"";""
"09/05/2025";"1900";"";"";"";"";"";"";"";"";"";"";"";"";"";"";"";"";""
"09/05/2025";"2000";"";"";"";"";"";"";"";"";"";"";"";"";"";"";"";"";""
"09/05/2025";"2100";"";"";"";"";"";"";"";"";"";"";"";"";"";"";"";"";""
"09/05/2025";"2200";"";"";"";"";"";"";"";"";"";"";"";"";"";"";"";"";""
"09/05/2025";"2300";"";"";"";"";"";"";"";"";"";"";"";"";"";"";"";"";""
"10/05/2025";"0000";"";"";"";"";"";"";"";"";"";"";"";"";"";"";"";"";""
"10/05/2025";"0100";"";"";"";"";"";"";"";"";"";"";"";"";"";"";"";"";""
"10/05/2025";"0200";"";"";"";"";"";"";"";"";"";"";"";"";"";"";"";"";""
"10/05/2025";"0300";"";"";"";"";"";"";"";"";"";"";"";"";"";"";"";"";""
"10/05/2025";"0400";"";"";"";"";"";"";"";"";"";"";"";"";"";"";"";"";""
"10/05/2025";"0500";"";"";"";"";"";"";"";"";"";"";"";"";"";"";"";"";""
"10/05/2025";"0600";"";"";"";"";"";"";"";"";"";"";"";"";"";"";"";"";""
"10/05/2025";"0700";"";"";"";"";"";"";"";"";"";"";"";"";"";"";"";"";""
"10/05/2025";"0800";"";"";"";"";"";"";"";"";"";"";"";"";"";"";"";"";""
"10/05/2025";"0900";"";"";"";"";"";"";"";"";"";"";"";"";"";"";"";"";""
"10/05/2025";"1000";"";"";"";"";"";"";"";"";"";"";"";"";"";"";"";"";""
"10/05/2025";"1100";"";"";"";"";"";"";"";"";"";"";"";"";"";"";"";"";""
"10/05/2025";"1200";"";"";"";"";"";"";"";"";"";"";"";"";"";"";"";"";""
"10/05/2025";"1300";"";"";"";"";"";"";"";"";"";"";"";"";"";"";"";"";""
"10/05/2025";"1400";"";"";"";"";"";"";"";"";"";"";"";"";"";"";"";"";""
"10/05/2025";"1500";"";"";"";"";"";"";"";"";"";"";"";"";"";"";"";"";""
"10/05/2025";"1600";"";"";"";"";"";"";"";"";"";"";"";"";"";"";"";"";""
"10/05/2025";"1700";"";"";"";"";"";"";"";"";"";"";"";"";"";"";"";"";""
"10/05/2025";"1800";"";"";"";"";"";"";"";"";"";"";"";"";"";"";"";"";""
"10/05/2025";"1900";"";"";"";"";"";"";"";"";"";"";"";"";"";"";"";"";""
"10/05/2025";"2000";"";"";"";"";"";"";"";"";"";"";"";"";"";"";"";"";""
"10/05/2025";"2100";"";"";"";"";"";"";"";"";"";"";"";"";"";"";"";"";""
"10/05/2025";"2200";"";"";"";"";"";"";"";"";"";"";"";"";"";"";"";"";""
"10/05/2025";"2300";"";"";"";"";"";"";"";"";"";"";"";"";"";"";"";"";""
"11/05/2025";"0000";"";"";"";"";"";"";"";"";"";"";"";"";"";"";"";"";""
"11/05/2025";"0100";"";"";"";"";"";"";"";"";"";"";"";"";"";"";"";"";""
"11/05/2025";"0200";"";"";"";"";"";"";"";"";"";"";"";"";"";"";"";"";""
"11/05/2025";"0300";"";"";"";"";"";"";"";"";"";"";"";"";"";"";"";"";""
"11/05/2025";"0400";"";"";"";"";"";"";"";"";"";"";"";"";"";"";"";"";""
"11/05/2025";"0500";"";"";"";"";"";"";"";"";"";"";"";"";"";"";"";"";""
"11/05/2025";"0600";"";"";"";"";"";"";"";"";"";"";"";"";"";"";"";"";""
"11/05/2025";"0700";"";"";"";"";"";"";"";"";"";"";"";"";"";"";"";"";""
"11/05/2025";"0800";"";"";"";"";"";"";"";"";"";"";"";"";"";"";"";"";""
"11/05/2025";"0900";"";"";"";"";"";"";"";"";"";"";"";"";"";"";"";"";""
"11/05/2025";"1000";"";"";"";"";"";"";"";"";"";"";"";"";"";"";"";"";""
"11/05/2025";"1100";"";"";"";"";"";"";"";"";"";"";"";"";"";"";"";"";""
"11/05/2025";"1200";"";"";"";"";"";"";"";"";"";"";"";"";"";"";"";"";""
"11/05/2025";"1300";"";"";"";"";"";"";"";"";"";"";"";"";"";"";"";"";""
"11/05/2025";"1400";"";"";"";"";"";"";"";"";"";"";"";"";"";"";"";"";""
"11/05/2025";"1500";"";"";"";"";"";"";"";"";"";"";"";"";"";"";"";"";""
"11/05/2025";"1600";"";"";"";"";"";"";"";"";"";"";"";"";"";"";"";"";""
"11/05/2025";"1700";"";"";"";"";"";"";"";"";"";"";"";"";"";"";"";"";""
"11/05/2025";"1800";"";"";"";"";"";"";"";"";"";"";"";"";"";"";"";"";""
"11/05/2025";"1900";"";"";"";"";"";"";"";"";"";"";"";"";"";"";"";"";""
"11/05/2025";"2000";"";"";"";"";"";"";"";"";"";"";"";"";"";"";"";"";""
"11/05/2025";"2100";"";"";"";"";"";"";"";"";"";"";"";"";"";"";"";"";""
"11/05/2025";"2200";"";"";"";"";"";"";"";"";"";"";"";"";"";"";"";"";""
"11/05/2025";"2300";"";"";"";"";"";"";"";"";"";"";"";"";"";"";"";"";""
"12/05/2025";"0000";"";"";"";"";"";"";"";"";"";"";"";"";"";"";"";"";""
"12/05/2025";"0100";"";"";"";"";"";"";"";"";"";"";"";"";"";"";"";"";""
"12/05/2025";"0200";"";"";"";"";"";"";"";"";"";"";"";"";"";"";"";"";""
"12/05/2025";"0300";"";"";"";"";"";"";"";"";"";"";"";"";"";"";"";"";""
"12/05/2025";"0400";"";"";"";"";"";"";"";"";"";"";"";"";"";"";"";"";""
"12/05/2025";"0500";"";"";"";"";"";"";"";"";"";"";"";"";"";"";"";"";""
"12/05/2025";"0600";"";"";"";"";"";"";"";"";"";"";"";"";"";"";"";"";""
"12/05/2025";"0700";"";"";"";"";"";"";"";"";"";"";"";"";"";"";"";"";""
"12/05/2025";"0800";"";"";"";"";"";"";"";"";"";"";"";"";"";"";"";"";""
"12/05/2025";"0900";"";"";"";"";"";"";"";"";"";"";"";"";"";"";"";"";""
"12/05/2025";"1000";"";"";"";"";"";"";"";"";"";"";"";"";"";"";"";"";""
"12/05/2025";"1100";"";"";"";"";"";"";"";"";"";"";"";"";"";"";"";"";""
"12/05/2025";"1200";"";"";"";"";"";"";"";"";"";"";"";"";"";"";"";"";""
"12/05/2025";"1300";"";"";"";"";"";"";"";"";"";"";"";"";"";"";"";"";""
"12/05/2025";"1400";"";"";"";"";"";"";"";"";"";"";"";"";"";"";"";"";""
"12/05/2025";"1500";"";"";"";"";"";"";"";"";"";"";"";"";"";"";"";"";""
"12/05/2025";"1600";"";"";"";"";"";"";"";"";"";"";"";"";"";"";"";"";""
"12/05/2025";"1700";"";"";"";"";"";"";"";"";"";"";"";"";"";"";"";"";""
"12/05/2025";"1800";"";"";"";"";"";"";"";"";"";"";"";"";"";"";"";"";""
"12/05/2025";"1900";"";"";"";"";"";"";"";"";"";"";"";"";"";"";"";"";""
"12/05/2025";"2000";"";"";"";"";"";"";"";"";"";"";"";"";"";"";"";"";""
"12/05/2025";"2100";"";"";"";"";"";"";"";"";"";"";"";"";"";"";"";"";""
"12/05/2025";"2200";"";"";"";"";"";"";"";"";"";"";"";"";"";"";"";"";""
"12/05/2025";"2300";"";"";"";"";"";"";"";"";"";"";"";"";"";"";"";"";""
"13/05/2025";"0000";"";"";"";"";"";"";"";"";"";"";"";"";"";"";"";"";""
"13/05/2025";"0100";"";"";"";"";"";"";"";"";"";"";"";"";"";"";"";"";""
"13/05/2025";"0200";"";"";"";"";"";"";"";"";"";"";"";"";"";"";"";"";""
"13/05/2025";"0300";"";"";"";"";"";"";"";"";"";"";"";"";"";"";"";"";""
"13/05/2025";"0400";"";"";"";"";"";"";"";"";"";"";"";"";"";"";"";"";""
"13/05/2025";"0500";"";"";"";"";"";"";"";"";"";"";"";"";"";"";"";"";""
"13/05/2025";"0600";"";"";"";"";"";"";"";"";"";"";"";"";"";"";"";"";""
"13/05/2025";"0700";"";"";"";"";"";"";"";"";"";"";"";"";"";"";"";"";""
"13/05/2025";"0800";"";"";"";"";"";"";"";"";"";"";"";"";"";"";"";"";""
"13/05/2025";"0900";"";"";"";"";"";"";"";"";"";"";"";"";"";"";"";"";""
"13/05/2025";"1000";"";"";"";"";"";"";"";"";"";"";"";"";"";"";"";"";""
"13/05/2025";"1100";"";"";"";"";"";"";"";"";"";"";"";"";"";"";"";"";""
"13/05/2025";"1200";"";"";"";"";"";"";"";"";"";"";"";"";"";"";"";"";""
"13/05/2025";"1300";"";"";"";"";"";"";"";"";"";"";"";"";"";"";"";"";""
"13/05/2025";"1400";"";"";"";"";"";"";"";"";"";"";"";"";"";"";"";"";""
"13/05/2025";"1500";"";"";"";"";"";"";"";"";"";"";"";"";"";"";"";"";""
"13/05/2025";"1600";"";"";"";"";"";"";"";"";"";"";"";"";"";"";"";"";""
"13/05/2025";"1700";"";"";"";"";"";"";"";"";"";"";"";"";"";"";"";"";""
"13/05/2025";"1800";"";"";"";"";"";"";"";"";"";"";"";"";"";"";"";"";""
"13/05/2025";"1900";"";"";"";"";"";"";"";"";"";"";"";"";"";"";"";"";""
"13/05/2025";"2000";"";"";"";"";"";"";"";"";"";"";"";"";"";"";"";"";""
"13/05/2025";"2100";"";"";"";"";"";"";"";"";"";"";"";"";"";"";"";"";""
"13/05/2025";"2200";"";"";"";"";"";"";"";"";"";"";"";"";"";"";"";"";""
"13/05/2025";"2300";"";"";"";"";"";"";"";"";"";"";"";"";"";"";"";"";""
"14/05/2025";"0000";"";"";"";"";"";"";"";"";"";"";"";"";"";"";"";"";""
"14/05/2025";"0100";"";"";"";"";"";"";"";"";"";"";"";"";"";"";"";"";""
"14/05/2025";"0200";"";"";"";"";"";"";"";"";"";"";"";"";"";"";"";"";""
"14/05/2025";"0300";"";"";"";"";"";"";"";"";"";"";"";"";"";"";"";"";""
"14/05/2025";"0400";"";"";"";"";"";"";"";"";"";"";"";"";"";"";"";"";""
"14/05/2025";"0500";"";"";"";"";"";"";"";"";"";"";"";"";"";"";"";"";""
"14/05/2025";"0600";"";"";"";"";"";"";"";"";"";"";"";"";"";"";"";"";""
"14/05/2025";"0700";"";"";"";"";"";"";"";"";"";"";"";"";"";"";"";"";""
"14/05/2025";"0800";"";"";"";"";"";"";"";"";"";"";"";"";"";"";"";"";""
"14/05/2025";"0900";"";"";"";"";"";"";"";"";"";"";"";"";"";"";"";"";""
"14/05/2025";"1000";"";"";"";"";"";"";"";"";"";"";"";"";"";"";"";"";""
"14/05/2025";"1100";"";"";"";"";"";"";"";"";"";"";"";"";"";"";"";"";""
"14/05/2025";"1200";"";"";"";"";"";"";"";"";"";"";"";"";"";"";"";"";""
"14/05/2025";"1300";"";"";"";"";"";"";"";"";"";"";"";"";"";"";"";"";""
"14/05/2025";"1400";"";"";"";"";"";"";"";"";"";"";"";"";"";"";"";"";""
"14/05/2025";"1500";"";"";"";"";"";"";"";"";"";"";"";"";"";"";"";"";""
"14/05/2025";"1600";"";"";"";"";"";"";"";"";"";"";"";"";"";"";"";"";""
"14/05/2025";"1700";"";"";"";"";"";"";"";"";"";"";"";"";"";"";"";"";""
"14/05/2025";"1800";"";"";"";"";"";"";"";"";"";"";"";"";"";"";"";"";""
"14/05/2025";"1900";"";"";"";"";"";"";"";"";"";"";"";"";"";"";"";"";""
"14/05/2025";"2000";"";"";"";"";"";"";"";"";"";"";"";"";"";"";"";"";""
"14/05/2025";"2100";"";"";"";"";"";"";"";"";"";"";"";"";"";"";"";"";""
"14/05/2025";"2200";"";"";"";"";"";"";"";"";"";"";"";"";"";"";"";"";""
"14/05/2025";"2300";"";"";"";"";"";"";"";"";"";"";"";"";"";"";"";"";""
"15/05/2025";"0000";"";"";"";"";"";"";"";"";"";"";"";"";"";"";"";"";""
"15/05/2025";"0100";"";"";"";"";"";"";"";"";"";"";"";"";"";"";"";"";""
"15/05/2025";"0200";"";"";"";"";"";"";"";"";"";"";"";"";"";"";"";"";""
"15/05/2025";"0300";"";"";"";"";"";"";"";"";"";"";"";"";"";"";"";"";""
"15/05/2025";"0400";"";"";"";"";"";"";"";"";"";"";"";"";"";"";"";"";""
"15/05/2025";"0500";"";"";"";"";"";"";"";"";"";"";"";"";"";"";"";"";""
"15/05/2025";"0600";"";"";"";"";"";"";"";"";"";"";"";"";"";"";"";"";""
"15/05/2025";"0700";"";"";"";"";"";"";"";"";"";"";"";"";"";"";"";"";""
"15/05/2025";"0800";"";"";"";"";"";"";"";"";"";"";"";"";"";"";"";"";""
"15/05/2025";"0900";"";"";"";"";"";"";"";"";"";"";"";"";"";"";"";"";""
"15/05/2025";"1000";"";"";"";"";"";"";"";"";"";"";"";"";"";"";"";"";""
"15/05/2025";"1100";"";"";"";"";"";"";"";"";"";"";"";"";"";"";"";"";""
"15/05/2025";"1200";"";"";"";"";"";"";"";"";"";"";"";"";"";"";"";"";""
"15/05/2025";"1300";"";"";"";"";"";"";"";"";"";"";"";"";"";"";"";"";""
"15/05/2025";"1400";"";"";"";"";"";"";"";"";"";"";"";"";"";"";"";"";""
"15/05/2025";"1500";"";"";"";"";"";"";"";"";"";"";"";"";"";"";"";"";""
"15/05/2025";"1600";"";"";"";"";"";"";"";"";"";"";"";"";"";"";"";"";""
"15/05/2025";"1700";"";"";"";"";"";"";"";"";"";"";"";"";"";"";"";"";""
"15/05/2025";"1800";"";"";"";"";"";"";"";"";"";"";"";"";"";"";"";"";""
"15/05/2025";"1900";"";"";"";"";"";"";"";"";"";"";"";"";"";"";"";"";""
"15/05/2025";"2000";"";"";"";"";"";"";"";"";"";"";"";"";"";"";"";"";""
"15/05/2025";"2100";"";"";"";"";"";"";"";"";"";"";"";"";"";"";"";"";""
"15/05/2025";"2200";"";"";"";"";"";"";"";"";"";"";"";"";"";"";"";"";""
"15/05/2025";"2300";"";"";"";"";"";"";"";"";"";"";"";"";"";"";"";"";""
"16/05/2025";"0000";"";"";"";"";"";"";"";"";"";"";"";"";"";"";"";"";""
"16/05/2025";"0100";"";"";"";"";"";"";"";"";"";"";"";"";"";"";"";"";""
"16/05/2025";"0200";"";"";"";"";"";"";"";"";"";"";"";"";"";"";"";"";""
"16/05/2025";"0300";"";"";"";"";"";"";"";"";"";"";"";"";"";"";"";"";""
"16/05/2025";"0400";"";"";"";"";"";"";"";"";"";"";"";"";"";"";"";"";""
"16/05/2025";"0500";"";"";"";"";"";"";"";"";"";"";"";"";"";"";"";"";""
"16/05/2025";"0600";"";"";"";"";"";"";"";"";"";"";"";"";"";"";"";"";""
"16/05/2025";"0700";"";"";"";"";"";"";"";"";"";"";"";"";"";"";"";"";""
"16/05/2025";"0800";"";"";"";"";"";"";"";"";"";"";"";"";"";"";"";"";""
"16/05/2025";"0900";"";"";"";"";"";"";"";"";"";"";"";"";"";"";"";"";""
"16/05/2025";"1000";"";"";"";"";"";"";"";"";"";"";"";"";"";"";"";"";""
"16/05/2025";"1100";"";"";"";"";"";"";"";"";"";"";"";"";"";"";"";"";""
"16/05/2025";"1200";"";"";"";"";"";"";"";"";"";"";"";"";"";"";"";"";""
"16/05/2025";"1300";"";"";"";"";"";"";"";"";"";"";"";"";"";"";"";"";""
"16/05/2025";"1400";"";"";"";"";"";"";"";"";"";"";"";"";"";"";"";"";""
"16/05/2025";"1500";"";"";"";"";"";"";"";"";"";"";"";"";"";"";"";"";""
"16/05/2025";"1600";"";"";"";"";"";"";"";"";"";"";"";"";"";"";"";"";""
"16/05/2025";"1700";"";"";"";"";"";"";"";"";"";"";"";"";"";"";"";"";""
"16/05/2025";"1800";"";"";"";"";"";"";"";"";"";"";"";"";"";"";"";"";""
"16/05/2025";"1900";"";"";"";"";"";"";"";"";"";"";"";"";"";"";"";"";""
"16/05/2025";"2000";"";"";"";"";"";"";"";"";"";"";"";"";"";"";"";"";""
"16/05/2025";"2100";"";"";"";"";"";"";"";"";"";"";"";"";"";"";"";"";""
"16/05/2025";"2200";"";"";"";"";"";"";"";"";"";"";"";"";"";"";"";"";""
"16/05/2025";"2300";"";"";"";"";"";"";"";"";"";"";"";"";"";"";"";"";""
"17/05/2025";"0000";"";"";"";"";"";"";"";"";"";"";"";"";"";"";"";"";""
"17/05/2025";"0100";"";"";"";"";"";"";"";"";"";"";"";"";"";"";"";"";""
"17/05/2025";"0200";"";"";"";"";"";"";"";"";"";"";"";"";"";"";"";"";""
"17/05/2025";"0300";"";"";"";"";"";"";"";"";"";"";"";"";"";"";"";"";""
"17/05/2025";"0400";"";"";"";"";"";"";"";"";"";"";"";"";"";"";"";"";""
"17/05/2025";"0500";"";"";"";"";"";"";"";"";"";"";"";"";"";"";"";"";""
"17/05/2025";"0600";"";"";"";"";"";"";"";"";"";"";"";"";"";"";"";"";""
"17/05/2025";"0700";"";"";"";"";"";"";"";"";"";"";"";"";"";"";"";"";""
"17/05/2025";"0800";"";"";"";"";"";"";"";"";"";"";"";"";"";"";"";"";""
"17/05/2025";"0900";"";"";"";"";"";"";"";"";"";"";"";"";"";"";"";"";""
"17/05/2025";"1000";"";"";"";"";"";"";"";"";"";"";"";"";"";"";"";"";""
"17/05/2025";"1100";"";"";"";"";"";"";"";"";"";"";"";"";"";"";"";"";""
"17/05/2025";"1200";"";"";"";"";"";"";"";"";"";"";"";"";"";"";"";"";""
"17/05/2025";"1300";"";"";"";"";"";"";"";"";"";"";"";"";"";"";"";"";""
"17/05/2025";"1400";"";"";"";"";"";"";"";"";"";"";"";"";"";"";"";"";""
"17/05/2025";"1500";"";"";"";"";"";"";"";"";"";"";"";"";"";"";"";"";""
"17/05/2025";"1600";"";"";"";"";"";"";"";"";"";"";"";"";"";"";"";"";""
"17/05/2025";"1700";"";"";"";"";"";"";"";"";"";"";"";"";"";"";"";"";""
"17/05/2025";"1800";"";"";"";"";"";"";"";"";"";"";"";"";"";"";"";"";""
"17/05/2025";"1900";"";"";"";"";"";"";"";"";"";"";"";"";"";"";"";"";""
"17/05/2025";"2000";"";"";"";"";"";"";"";"";"";"";"";"";"";"";"";"";""
"17/05/2025";"2100";"";"";"";"";"";"";"";"";"";"";"";"";"";"";"";"";""
"17/05/2025";"2200";"";"";"";"";"";"";"";"";"";"";"";"";"";"";"";"";""
"17/05/2025";"2300";"";"";"";"";"";"";"";"";"";"";"";"";"";"";"";"";""
"18/05/2025";"0000";"";"";"";"";"";"";"";"";"";"";"";"";"";"";"";"";""
"18/05/2025";"0100";"";"";"";"";"";"";"";"";"";"";"";"";"";"";"";"";""
"18/05/2025";"0200";"";"";"";"";"";"";"";"";"";"";"";"";"";"";"";"";""
"18/05/2025";"0300";"";"";"";"";"";"";"";"";"";"";"";"";"";"";"";"";""
"18/05/2025";"0400";"";"";"";"";"";"";"";"";"";"";"";"";"";"";"";"";""
"18/05/2025";"0500";"";"";"";"";"";"";"";"";"";"";"";"";"";"";"";"";""
"18/05/2025";"0600";"";"";"";"";"";"";"";"";"";"";"";"";"";"";"";"";""
"18/05/2025";"0700";"";"";"";"";"";"";"";"";"";"";"";"";"";"";"";"";""
"18/05/2025";"0800";"";"";"";"";"";"";"";"";"";"";"";"";"";"";"";"";""
"18/05/2025";"0900";"";"";"";"";"";"";"";"";"";"";"";"";"";"";"";"";""
"18/05/2025";"1000";"";"";"";"";"";"";"";"";"";"";"";"";"";"";"";"";""
"18/05/2025";"1100";"";"";"";"";"";"";"";"";"";"";"";"";"";"";"";"";""
"18/05/2025";"1200";"";"";"";"";"";"";"";"";"";"";"";"";"";"";"";"";""
"18/05/2025";"1300";"";"";"";"";"";"";"";"";"";"";"";"";"";"";"";"";""
"18/05/2025";"1400";"";"";"";"";"";"";"";"";"";"";"";"";"";"";"";"";""
"18/05/2025";"1500";"";"";"";"";"";"";"";"";"";"";"";"";"";"";"";"";""
"18/05/2025";"1600";"";"";"";"";"";"";"";"";"";"";"";"";"";"";"";"";""
"18/05/2025";"1700";"";"";"";"";"";"";"";"";"";"";"";"";"";"";"";"";""
"18/05/2025";"1800";"";"";"";"";"";"";"";"";"";"";"";"";"";"";"";"";""
"18/05/2025";"1900";"";"";"";"";"";"";"";"";"";"";"";"";"";"";"";"";""
"18/05/2025";"2000";"";"";"";"";"";"";"";"";"";"";"";"";"";"";"";"";""
"18/05/2025";"2100";"";"";"";"";"";"";"";"";"";"";"";"";"";"";"";"";""
"18/05/2025";"2200";"";"";"";"";"";"";"";"";"";"";"";"";"";"";"";"";""
"18/05/2025";"2300";"";"";"";"";"";"";"";"";"";"";"";"";"";"";"";"";""
"19/05/2025";"0000";"";"";"";"";"";"";"";"";"";"";"";"";"";"";"";"";""
"19/05/2025";"0100";"";"";"";"";"";"";"";"";"";"";"";"";"";"";"";"";""
"19/05/2025";"0200";"";"";"";"";"";"";"";"";"";"";"";"";"";"";"";"";""
"19/05/2025";"0300";"";"";"";"";"";"";"";"";"";"";"";"";"";"";"";"";""
"19/05/2025";"0400";"";"";"";"";"";"";"";"";"";"";"";"";"";"";"";"";""
"19/05/2025";"0500";"";"";"";"";"";"";"";"";"";"";"";"";"";"";"";"";""
"19/05/2025";"0600";"";"";"";"";"";"";"";"";"";"";"";"";"";"";"";"";""
"19/05/2025";"0700";"";"";"";"";"";"";"";"";"";"";"";"";"";"";"";"";""
"19/05/2025";"0800";"";"";"";"";"";"";"";"";"";"";"";"";"";"";"";"";""
"19/05/2025";"0900";"";"";"";"";"";"";"";"";"";"";"";"";"";"";"";"";""
"19/05/2025";"1000";"";"";"";"";"";"";"";"";"";"";"";"";"";"";"";"";""
"19/05/2025";"1100";"";"";"";"";"";"";"";"";"";"";"";"";"";"";"";"";""
"19/05/2025";"1200";"";"";"";"";"";"";"";"";"";"";"";"";"";"";"";"";""
"19/05/2025";"1300";"";"";"";"";"";"";"";"";"";"";"";"";"";"";"";"";""
"19/05/2025";"1400";"";"";"";"";"";"";"";"";"";"";"";"";"";"";"";"";""
"19/05/2025";"1500";"";"";"";"";"";"";"";"";"";"";"";"";"";"";"";"";""
"19/05/2025";"1600";"";"";"";"";"";"";"";"";"";"";"";"";"";"";"";"";""
"19/05/2025";"1700";"";"";"";"";"";"";"";"";"";"";"";"";"";"";"";"";""
"19/05/2025";"1800";"";"";"";"";"";"";"";"";"";"";"";"";"";"";"";"";""
"19/05/2025";"1900";"";"";"";"";"";"";"";"";"";"";"";"";"";"";"";"";""
"19/05/2025";"2000";"";"";"";"";"";"";"";"";"";"";"";"";"";"";"";"";""
"19/05/2025";"2100";"";"";"";"";"";"";"";"";"";"";"";"";"";"";"";"";""
"19/05/2025";"2200";"";"";"";"";"";"";"";"";"";"";"";"";"";"";"";"";""
"19/05/2025";"2300";"";"";"";"";"";"";"";"";"";"";"";"";"";"";"";"";""
"20/05/2025";"0000";"";"";"";"";"";"";"";"";"";"";"";"";"";"";"";"";""
"20/05/2025";"0100";"";"";"";"";"";"";"";"";"";"";"";"";"";"";"";"";""
"20/05/2025";"0200";"";"";"";"";"";"";"";"";"";"";"";"";"";"";"";"";""
"20/05/2025";"0300";"";"";"";"";"";"";"";"";"";"";"";"";"";"";"";"";""
"20/05/2025";"0400";"";"";"";"";"";"";"";"";"";"";"";"";"";"";"";"";""
"20/05/2025";"0500";"";"";"";"";"";"";"";"";"";"";"";"";"";"";"";"";""
"20/05/2025";"0600";"";"";"";"";"";"";"";"";"";"";"";"";"";"";"";"";""
"20/05/2025";"0700";"";"";"";"";"";"";"";"";"";"";"";"";"";"";"";"";""
"20/05/2025";"0800";"";"";"";"";"";"";"";"";"";"";"";"";"";"";"";"";""
"20/05/2025";"0900";"";"";"";"";"";"";"";"";"";"";"";"";"";"";"";"";""
"20/05/2025";"1000";"";"";"";"";"";"";"";"";"";"";"";"";"";"";"";"";""
"20/05/2025";"1100";"";"";"";"";"";"";"";"";"";"";"";"";"";"";"";"";""
"20/05/2025";"1200";"";"";"";"";"";"";"";"";"";"";"";"";"";"";"";"";""
"20/05/2025";"1300";"";"";"";"";"";"";"";"";"";"";"";"";"";"";"";"";""
"20/05/2025";"1400";"";"";"";"";"";"";"";"";"";"";"";"";"";"";"";"";""
"20/05/2025";"1500";"";"";"";"";"";"";"";"";"";"";"";"";"";"";"";"";""
"20/05/2025";"1600";"";"";"";"";"";"";"";"";"";"";"";"";"";"";"";"";""
"20/05/2025";"1700";"";"";"";"";"";"";"";"";"";"";"";"";"";"";"";"";""
"20/05/2025";"1800";"";"";"";"";"";"";"";"";"";"";"";"";"";"";"";"";""
"20/05/2025";"1900";"";"";"";"";"";"";"";"";"";"";"";"";"";"";"";"";""
"20/05/2025";"2000";"";"";"";"";"";"";"";"";"";"";"";"";"";"";"";"";""
"20/05/2025";"2100";"";"";"";"";"";"";"";"";"";"";"";"";"";"";"";"";""
"20/05/2025";"2200";"";"";"";"";"";"";"";"";"";"";"";"";"";"";"";"";""
"20/05/2025";"2300";"";"";"";"";"";"";"";"";"";"";"";"";"";"";"";"";""
"21/05/2025";"0000";"";"";"";"";"";"";"";"";"";"";"";"";"";"";"";"";""
"21/05/2025";"0100";"";"";"";"";"";"";"";"";"";"";"";"";"";"";"";"";""
"21/05/2025";"0200";"";"";"";"";"";"";"";"";"";"";"";"";"";"";"";"";""
"21/05/2025";"0300";"";"";"";"";"";"";"";"";"";"";"";"";"";"";"";"";""
"21/05/2025";"0400";"";"";"";"";"";"";"";"";"";"";"";"";"";"";"";"";""
"21/05/2025";"0500";"";"";"";"";"";"";"";"";"";"";"";"";"";"";"";"";""
"21/05/2025";"0600";"";"";"";"";"";"";"";"";"";"";"";"";"";"";"";"";""
"21/05/2025";"0700";"";"";"";"";"";"";"";"";"";"";"";"";"";"";"";"";""
"21/05/2025";"0800";"";"";"";"";"";"";"";"";"";"";"";"";"";"";"";"";""
"21/05/2025";"0900";"";"";"";"";"";"";"";"";"";"";"";"";"";"";"";"";""
"21/05/2025";"1000";"";"";"";"";"";"";"";"";"";"";"";"";"";"";"";"";""
"21/05/2025";"1100";"";"";"";"";"";"";"";"";"";"";"";"";"";"";"";"";""
"21/05/2025";"1200";"";"";"";"";"";"";"";"";"";"";"";"";"";"";"";"";""
"21/05/2025";"1300";"";"";"";"";"";"";"";"";"";"";"";"";"";"";"";"";""
"21/05/2025";"1400";"";"";"";"";"";"";"";"";"";"";"";"";"";"";"";"";""
"21/05/2025";"1500";"";"";"";"";"";"";"";"";"";"";"";"";"";"";"";"";""
"21/05/2025";"1600";"";"";"";"";"";"";"";"";"";"";"";"";"";"";"";"";""
"21/05/2025";"1700";"";"";"";"";"";"";"";"";"";"";"";"";"";"";"";"";""
"21/05/2025";"1800";"";"";"";"";"";"";"";"";"";"";"";"";"";"";"";"";""
"21/05/2025";"1900";"";"";"";"";"";"";"";"";"";"";"";"";"";"";"";"";""
"21/05/2025";"2000";"";"";"";"";"";"";"";"";"";"";"";"";"";"";"";"";""
"21/05/2025";"2100";"";"";"";"";"";"";"";"";"";"";"";"";"";"";"";"";""
"21/05/2025";"2200";"";"";"";"";"";"";"";"";"";"";"";"";"";"";"";"";""
"21/05/2025";"2300";"";"";"";"";"";"";"";"";"";"";"";"";"";"";"";"";""
"22/05/2025";"0000";"";"";"";"";"";"";"";"";"";"";"";"";"";"";"";"";""
"22/05/2025";"0100";"";"";"";"";"";"";"";"";"";"";"";"";"";"";"";"";""
"22/05/2025";"0200";"";"";"";"";"";"";"";"";"";"";"";"";"";"";"";"";""
"22/05/2025";"0300";"";"";"";"";"";"";"";"";"";"";"";"";"";"";"";"";""
"22/05/2025";"0400";"";"";"";"";"";"";"";"";"";"";"";"";"";"";"";"";""
"22/05/2025";"0500";"";"";"";"";"";"";"";"";"";"";"";"";"";"";"";"";""
"22/05/2025";"0600";"";"";"";"";"";"";"";"";"";"";"";"";"";"";"";"";""
"22/05/2025";"0700";"";"";"";"";"";"";"";"";"";"";"";"";"";"";"";"";""
"22/05/2025";"0800";"";"";"";"";"";"";"";"";"";"";"";"";"";"";"";"";""
"22/05/2025";"0900";"";"";"";"";"";"";"";"";"";"";"";"";"";"";"";"";""
"22/05/2025";"1000";"";"";"";"";"";"";"";"";"";"";"";"";"";"";"";"";""
"22/05/2025";"1100";"";"";"";"";"";"";"";"";"";"";"";"";"";"";"";"";""
"22/05/2025";"1200";"";"";"";"";"";"";"";"";"";"";"";"";"";"";"";"";""
"22/05/2025";"1300";"";"";"";"";"";"";"";"";"";"";"";"";"";"";"";"";""
"22/05/2025";"1400";"";"";"";"";"";"";"";"";"";"";"";"";"";"";"";"";""
"22/05/2025";"1500";"";"";"";"";"";"";"";"";"";"";"";"";"";"";"";"";""
"22/05/2025";"1600";"";"";"";"";"";"";"";"";"";"";"";"";"";"";"";"";""
"22/05/2025";"1700";"";"";"";"";"";"";"";"";"";"";"";"";"";"";"";"";""
"22/05/2025";"1800";"";"";"";"";"";"";"";"";"";"";"";"";"";"";"";"";""
"22/05/2025";"1900";"";"";"";"";"";"";"";"";"";"";"";"";"";"";"";"";""
"22/05/2025";"2000";"";"";"";"";"";"";"";"";"";"";"";"";"";"";"";"";""
"22/05/2025";"2100";"";"";"";"";"";"";"";"";"";"";"";"";"";"";"";"";""
"22/05/2025";"2200";"";"";"";"";"";"";"";"";"";"";"";"";"";"";"";"";""
"22/05/2025";"2300";"";"";"";"";"";"";"";"";"";"";"";"";"";"";"";"";""
"23/05/2025";"0000";"";"";"";"";"";"";"";"";"";"";"";"";"";"";"";"";""
"23/05/2025";"0100";"";"";"";"";"";"";"";"";"";"";"";"";"";"";"";"";""
"23/05/2025";"0200";"";"";"";"";"";"";"";"";"";"";"";"";"";"";"";"";""
"23/05/2025";"0300";"";"";"";"";"";"";"";"";"";"";"";"";"";"";"";"";""
"23/05/2025";"0400";"";"";"";"";"";"";"";"";"";"";"";"";"";"";"";"";""
"23/05/2025";"0500";"";"";"";"";"";"";"";"";"";"";"";"";"";"";"";"";""
"23/05/2025";"0600";"";"";"";"";"";"";"";"";"";"";"";"";"";"";"";"";""
"23/05/2025";"0700";"";"";"";"";"";"";"";"";"";"";"";"";"";"";"";"";""
"23/05/2025";"0800";"";"";"";"";"";"";"";"";"";"";"";"";"";"";"";"";""
"23/05/2025";"0900";"";"";"";"";"";"";"";"";"";"";"";"";"";"";"";"";""
"23/05/2025";"1000";"";"";"";"";"";"";"";"";"";"";"";"";"";"";"";"";""
"23/05/2025";"1100";"";"";"";"";"";"";"";"";"";"";"";"";"";"";"";"";""
"23/05/2025";"1200";"";"";"";"";"";"";"";"";"";"";"";"";"";"";"";"";""
"23/05/2025";"1300";"";"";"";"";"";"";"";"";"";"";"";"";"";"";"";"";""
"23/05/2025";"1400";"";"";"";"";"";"";"";"";"";"";"";"";"";"";"";"";""
"23/05/2025";"1500";"";"";"";"";"";"";"";"";"";"";"";"";"";"";"";"";""
"23/05/2025";"1600";"";"";"";"";"";"";"";"";"";"";"";"";"";"";"";"";""
"23/05/2025";"1700";"";"";"";"";"";"";"";"";"";"";"";"";"";"";"";"";""
"23/05/2025";"1800";"";"";"";"";"";"";"";"";"";"";"";"";"";"";"";"";""
"23/05/2025";"1900";"";"";"";"";"";"";"";"";"";"";"";"";"";"";"";"";""
"23/05/2025";"2000";"";"";"";"";"";"";"";"";"";"";"";"";"";"";"";"";""
"23/05/2025";"2100";"";"";"";"";"";"";"";"";"";"";"";"";"";"";"";"";""
"23/05/2025";"2200";"";"";"";"";"";"";"";"";"";"";"";"";"";"";"";"";""
"23/05/2025";"2300";"";"";"";"";"";"";"";"";"";"";"";"";"";"";"";"";""
"24/05/2025";"0000";"";"";"";"";"";"";"";"";"";"";"";"";"";"";"";"";""
"24/05/2025";"0100";"";"";"";"";"";"";"";"";"";"";"";"";"";"";"";"";""
"24/05/2025";"0200";"";"";"";"";"";"";"";"";"";"";"";"";"";"";"";"";""
"24/05/2025";"0300";"";"";"";"";"";"";"";"";"";"";"";"";"";"";"";"";""
"24/05/2025";"0400";"";"";"";"";"";"";"";"";"";"";"";"";"";"";"";"";""
"24/05/2025";"0500";"";"";"";"";"";"";"";"";"";"";"";"";"";"";"";"";""
"24/05/2025";"0600";"";"";"";"";"";"";"";"";"";"";"";"";"";"";"";"";""
"24/05/2025";"0700";"";"";"";"";"";"";"";"";"";"";"";"";"";"";"";"";""
"24/05/2025";"0800";"";"";"";"";"";"";"";"";"";"";"";"";"";"";"";"";""
"24/05/2025";"0900";"";"";"";"";"";"";"";"";"";"";"";"";"";"";"";"";""
"24/05/2025";"1000";"";"";"";"";"";"";"";"";"";"";"";"";"";"";"";"";""
"24/05/2025";"1100";"";"";"";"";"";"";"";"";"";"";"";"";"";"";"";"";""
"24/05/2025";"1200";"";"";"";"";"";"";"";"";"";"";"";"";"";"";"";"";""
"24/05/2025";"1300";"";"";"";"";"";"";"";"";"";"";"";"";"";"";"";"";""
"24/05/2025";"1400";"";"";"";"";"";"";"";"";"";"";"";"";"";"";"";"";""
"24/05/2025";"1500";"";"";"";"";"";"";"";"";"";"";"";"";"";"";"";"";""
"24/05/2025";"1600";"";"";"";"";"";"";"";"";"";"";"";"";"";"";"";"";""
"24/05/2025";"1700";"";"";"";"";"";"";"";"";"";"";"";"";"";"";"";"";""
"24/05/2025";"1800";"";"";"";"";"";"";"";"";"";"";"";"";"";"";"";"";""
"24/05/2025";"1900";"";"";"";"";"";"";"";"";"";"";"";"";"";"";"";"";""
"24/05/2025";"2000";"";"";"";"";"";"";"";"";"";"";"";"";"";"";"";"";""
"24/05/2025";"2100";"";"";"";"";"";"";"";"";"";"";"";"";"";"";"";"";""
"24/05/2025";"2200";"";"";"";"";"";"";"";"";"";"";"";"";"";"";"";"";""
"24/05/2025";"2300";"";"";"";"";"";"";"";"";"";"";"";"";"";"";"";"";""
"25/05/2025";"0000";"";"";"";"";"";"";"";"";"";"";"";"";"";"";"";"";""
"25/05/2025";"0100";"";"";"";"";"";"";"";"";"";"";"";"";"";"";"";"";""
"25/05/2025";"0200";"";"";"";"";"";"";"";"";"";"";"";"";"";"";"";"";""
"25/05/2025";"0300";"";"";"";"";"";"";"";"";"";"";"";"";"";"";"";"";""
"25/05/2025";"0400";"";"";"";"";"";"";"";"";"";"";"";"";"";"";"";"";""
"25/05/2025";"0500";"";"";"";"";"";"";"";"";"";"";"";"";"";"";"";"";""
"25/05/2025";"0600";"";"";"";"";"";"";"";"";"";"";"";"";"";"";"";"";""
"25/05/2025";"0700";"";"";"";"";"";"";"";"";"";"";"";"";"";"";"";"";""
"25/05/2025";"0800";"";"";"";"";"";"";"";"";"";"";"";"";"";"";"";"";""
"25/05/2025";"0900";"";"";"";"";"";"";"";"";"";"";"";"";"";"";"";"";""
"25/05/2025";"1000";"";"";"";"";"";"";"";"";"";"";"";"";"";"";"";"";""
"25/05/2025";"1100";"";"";"";"";"";"";"";"";"";"";"";"";"";"";"";"";""
"25/05/2025";"1200";"";"";"";"";"";"";"";"";"";"";"";"";"";"";"";"";""
"25/05/2025";"1300";"";"";"";"";"";"";"";"";"";"";"";"";"";"";"";"";""
"25/05/2025";"1400";"";"";"";"";"";"";"";"";"";"";"";"";"";"";"";"";""
"25/05/2025";"1500";"";"";"";"";"";"";"";"";"";"";"";"";"";"";"";"";""
"25/05/2025";"1600";"";"";"";"";"";"";"";"";"";"";"";"";"";"";"";"";""
"25/05/2025";"1700";"";"";"";"";"";"";"";"";"";"";"";"";"";"";"";"";""
"25/05/2025";"1800";"";"";"";"";"";"";"";"";"";"";"";"";"";"";"";"";""
"25/05/2025";"1900";"";"";"";"";"";"";"";"";"";"";"";"";"";"";"";"";""
"25/05/2025";"2000";"";"";"";"";"";"";"";"";"";"";"";"";"";"";"";"";""
"25/05/2025";"2100";"";"";"";"";"";"";"";"";"";"";"";"";"";"";"";"";""
"25/05/2025";"2200";"";"";"";"";"";"";"";"";"";"";"";"";"";"";"";"";""
"25/05/2025";"2300";"";"";"";"";"";"";"";"";"";"";"";"";"";"";"";"";""
"26/05/2025";"0000";"";"";"";"";"";"";"";"";"";"";"";"";"";"";"";"";""
"26/05/2025";"0100";"";"";"";"";"";"";"";"";"";"";"";"";"";"";"";"";""
"26/05/2025";"0200";"";"";"";"";"";"";"";"";"";"";"";"";"";"";"";"";""
"26/05/2025";"0300";"";"";"";"";"";"";"";"";"";"";"";"";"";"";"";"";""
"26/05/2025";"0400";"";"";"";"";"";"";"";"";"";"";"";"";"";"";"";"";""
"26/05/2025";"0500";"";"";"";"";"";"";"";"";"";"";"";"";"";"";"";"";""
"26/05/2025";"0600";"";"";"";"";"";"";"";"";"";"";"";"";"";"";"";"";""
"26/05/2025";"0700";"";"";"";"";"";"";"";"";"";"";"";"";"";"";"";"";""
"26/05/2025";"0800";"";"";"";"";"";"";"";"";"";"";"";"";"";"";"";"";""
"26/05/2025";"0900";"";"";"";"";"";"";"";"";"";"";"";"";"";"";"";"";""
"26/05/2025";"1000";"";"";"";"";"";"";"";"";"";"";"";"";"";"";"";"";""
"26/05/2025";"1100";"";"";"";"";"";"";"";"";"";"";"";"";"";"";"";"";""
"26/05/2025";"1200";"";"";"";"";"";"";"";"";"";"";"";"";"";"";"";"";""
"26/05/2025";"1300";"";"";"";"";"";"";"";"";"";"";"";"";"";"";"";"";""
"26/05/2025";"1400";"";"";"";"";"";"";"";"";"";"";"";"";"";"";"";"";""
"26/05/2025";"1500";"";"";"";"";"";"";"";"";"";"";"";"";"";"";"";"";""
"26/05/2025";"1600";"";"";"";"";"";"";"";"";"";"";"";"";"";"";"";"";""
"26/05/2025";"1700";"";"";"";"";"";"";"";"";"";"";"";"";"";"";"";"";""
"26/05/2025";"1800";"";"";"";"";"";"";"";"";"";"";"";"";"";"";"";"";""
"26/05/2025";"1900";"";"";"";"";"";"";"";"";"";"";"";"";"";"";"";"";""
"26/05/2025";"2000";"";"";"";"";"";"";"";"";"";"";"";"";"";"";"";"";""
"26/05/2025";"2100";"";"";"";"";"";"";"";"";"";"";"";"";"";"";"";"";""
"26/05/2025";"2200";"";"";"";"";"";"";"";"";"";"";"";"";"";"";"";"";""
"26/05/2025";"2300";"";"";"";"";"";"";"";"";"";"";"";"";"";"";"";"";""
"27/05/2025";"0000";"";"";"";"";"";"";"";"";"";"";"";"";"";"";"";"";""
"27/05/2025";"0100";"";"";"";"";"";"";"";"";"";"";"";"";"";"";"";"";""
"27/05/2025";"0200";"";"";"";"";"";"";"";"";"";"";"";"";"";"";"";"";""
"27/05/2025";"0300";"";"";"";"";"";"";"";"";"";"";"";"";"";"";"";"";""
"27/05/2025";"0400";"";"";"";"";"";"";"";"";"";"";"";"";"";"";"";"";""
"27/05/2025";"0500";"";"";"";"";"";"";"";"";"";"";"";"";"";"";"";"";""
"27/05/2025";"0600";"";"";"";"";"";"";"";"";"";"";"";"";"";"";"";"";""
"27/05/2025";"0700";"";"";"";"";"";"";"";"";"";"";"";"";"";"";"";"";""
"27/05/2025";"0800";"";"";"";"";"";"";"";"";"";"";"";"";"";"";"";"";""
"27/05/2025";"0900";"";"";"";"";"";"";"";"";"";"";"";"";"";"";"";"";""
"27/05/2025";"1000";"";"";"";"";"";"";"";"";"";"";"";"";"";"";"";"";""
"27/05/2025";"1100";"";"";"";"";"";"";"";"";"";"";"";"";"";"";"";"";""
"27/05/2025";"1200";"";"";"";"";"";"";"";"";"";"";"";"";"";"";"";"";""
"27/05/2025";"1300";"";"";"";"";"";"";"";"";"";"";"";"";"";"";"";"";""
"27/05/2025";"1400";"";"";"";"";"";"";"";"";"";"";"";"";"";"";"";"";""
"27/05/2025";"1500";"";"";"";"";"";"";"";"";"";"";"";"";"";"";"";"";""
"27/05/2025";"1600";"";"";"";"";"";"";"";"";"";"";"";"";"";"";"";"";""
"27/05/2025";"1700";"";"";"";"";"";"";"";"";"";"";"";"";"";"";"";"";""
"27/05/2025";"1800";"";"";"";"";"";"";"";"";"";"";"";"";"";"";"";"";""
"27/05/2025";"1900";"";"";"";"";"";"";"";"";"";"";"";"";"";"";"";"";""
"27/05/2025";"2000";"";"";"";"";"";"";"";"";"";"";"";"";"";"";"";"";""
"27/05/2025";"2100";"";"";"";"";"";"";"";"";"";"";"";"";"";"";"";"";""
"27/05/2025";"2200";"";"";"";"";"";"";"";"";"";"";"";"";"";"";"";"";""
"27/05/2025";"2300";"";"";"";"";"";"";"";"";"";"";"";"";"";"";"";"";""
"28/05/2025";"0000";"";"";"";"";"";"";"";"";"";"";"";"";"";"";"";"";""
"28/05/2025";"0100";"";"";"";"";"";"";"";"";"";"";"";"";"";"";"";"";""
"28/05/2025";"0200";"";"";"";"";"";"";"";"";"";"";"";"";"";"";"";"";""
"28/05/2025";"0300";"";"";"";"";"";"";"";"";"";"";"";"";"";"";"";"";""
"28/05/2025";"0400";"";"";"";"";"";"";"";"";"";"";"";"";"";"";"";"";""
"28/05/2025";"0500";"";"";"";"";"";"";"";"";"";"";"";"";"";"";"";"";""
"28/05/2025";"0600";"";"";"";"";"";"";"";"";"";"";"";"";"";"";"";"";""
"28/05/2025";"0700";"";"";"";"";"";"";"";"";"";"";"";"";"";"";"";"";""
"28/05/2025";"0800";"";"";"";"";"";"";"";"";"";"";"";"";"";"";"";"";""
"28/05/2025";"0900";"";"";"";"";"";"";"";"";"";"";"";"";"";"";"";"";""
"28/05/2025";"1000";"";"";"";"";"";"";"";"";"";"";"";"";"";"";"";"";""
"28/05/2025";"1100";"";"";"";"";"";"";"";"";"";"";"";"";"";"";"";"";""
"28/05/2025";"1200";"";"";"";"";"";"";"";"";"";"";"";"";"";"";"";"";""
"28/05/2025";"1300";"";"";"";"";"";"";"";"";"";"";"";"";"";"";"";"";""
"28/05/2025";"1400";"";"";"";"";"";"";"";"";"";"";"";"";"";"";"";"";""
"28/05/2025";"1500";"";"";"";"";"";"";"";"";"";"";"";"";"";"";"";"";""
"28/05/2025";"1600";"";"";"";"";"";"";"";"";"";"";"";"";"";"";"";"";""
"28/05/2025";"1700";"";"";"";"";"";"";"";"";"";"";"";"";"";"";"";"";""
"28/05/2025";"1800";"";"";"";"";"";"";"";"";"";"";"";"";"";"";"";"";""
"28/05/2025";"1900";"";"";"";"";"";"";"";"";"";"";"";"";"";"";"";"";""
"28/05/2025";"2000";"";"";"";"";"";"";"";"";"";"";"";"";"";"";"";"";""
"28/05/2025";"2100";"";"";"";"";"";"";"";"";"";"";"";"";"";"";"";"";""
"28/05/2025";"2200";"";"";"";"";"";"";"";"";"";"";"";"";"";"";"";"";""
"28/05/2025";"2300";"";"";"";"";"";"";"";"";"";"";"";"";"";"";"";"";""
"29/05/2025";"0000";"";"";"";"";"";"";"";"";"";"";"";"";"";"";"";"";""
"29/05/2025";"0100";"";"";"";"";"";"";"";"";"";"";"";"";"";"";"";"";""
"29/05/2025";"0200";"";"";"";"";"";"";"";"";"";"";"";"";"";"";"";"";""
"29/05/2025";"0300";"";"";"";"";"";"";"";"";"";"";"";"";"";"";"";"";""
"29/05/2025";"0400";"";"";"";"";"";"";"";"";"";"";"";"";"";"";"";"";""
"29/05/2025";"0500";"";"";"";"";"";"";"";"";"";"";"";"";"";"";"";"";""
"29/05/2025";"0600";"";"";"";"";"";"";"";"";"";"";"";"";"";"";"";"";""
"29/05/2025";"0700";"";"";"";"";"";"";"";"";"";"";"";"";"";"";"";"";""
"29/05/2025";"0800";"";"";"";"";"";"";"";"";"";"";"";"";"";"";"";"";""
"29/05/2025";"0900";"";"";"";"";"";"";"";"";"";"";"";"";"";"";"";"";""
"29/05/2025";"1000";"";"";"";"";"";"";"";"";"";"";"";"";"";"";"";"";""
"29/05/2025";"1100";"";"";"";"";"";"";"";"";"";"";"";"";"";"";"";"";""
"29/05/2025";"1200";"";"";"";"";"";"";"";"";"";"";"";"";"";"";"";"";""
"29/05/2025";"1300";"";"";"";"";"";"";"";"";"";"";"";"";"";"";"";"";""
"29/05/2025";"1400";"";"";"";"";"";"";"";"";"";"";"";"";"";"";"";"";""
"29/05/2025";"1500";"";"";"";"";"";"";"";"";"";"";"";"";"";"";"";"";""
"29/05/2025";"1600";"";"";"";"";"";"";"";"";"";"";"";"";"";"";"";"";""
"29/05/2025";"1700";"";"";"";"";"";"";"";"";"";"";"";"";"";"";"";"";""
"29/05/2025";"1800";"";"";"";"";"";"";"";"";"";"";"";"";"";"";"";"";""
"29/05/2025";"1900";"";"";"";"";"";"";"";"";"";"";"";"";"";"";"";"";""
"29/05/2025";"2000";"";"";"";"";"";"";"";"";"";"";"";"";"";"";"";"";""
"29/05/2025";"2100";"";"";"";"";"";"";"";"";"";"";"";"";"";"";"";"";""
"29/05/2025";"2200";"";"";"";"";"";"";"";"";"";"";"";"";"";"";"";"";""
"29/05/2025";"2300";"";"";"";"";"";"";"";"";"";"";"";"";"";"";"";"";""
"30/05/2025";"0000";"";"";"";"";"";"";"";"";"";"";"";"";"";"";"";"";""
"30/05/2025";"0100";"";"";"";"";"";"";"";"";"";"";"";"";"";"";"";"";""
"30/05/2025";"0200";"";"";"";"";"";"";"";"";"";"";"";"";"";"";"";"";""
"30/05/2025";"0300";"";"";"";"";"";"";"";"";"";"";"";"";"";"";"";"";""
"30/05/2025";"0400";"";"";"";"";"";"";"";"";"";"";"";"";"";"";"";"";""
"30/05/2025";"0500";"";"";"";"";"";"";"";"";"";"";"";"";"";"";"";"";""
"30/05/2025";"0600";"";"";"";"";"";"";"";"";"";"";"";"";"";"";"";"";""
"30/05/2025";"0700";"";"";"";"";"";"";"";"";"";"";"";"";"";"";"";"";""
"30/05/2025";"0800";"";"";"";"";"";"";"";"";"";"";"";"";"";"";"";"";""
"30/05/2025";"0900";"";"";"";"";"";"";"";"";"";"";"";"";"";"";"";"";""
"30/05/2025";"1000";"";"";"";"";"";"";"";"";"";"";"";"";"";"";"";"";""
"30/05/2025";"1100";"";"";"";"";"";"";"";"";"";"";"";"";"";"";"";"";""
"30/05/2025";"1200";"";"";"";"";"";"";"";"";"";"";"";"";"";"";"";"";""
"30/05/2025";"1300";"";"";"";"";"";"";"";"";"";"";"";"";"";"";"";"";""
"30/05/2025";"1400";"";"";"";"";"";"";"";"";"";"";"";"";"";"";"";"";""
"30/05/2025";"1500";"";"";"";"";"";"";"";"";"";"";"";"";"";"";"";"";""
"30/05/2025";"1600";"";"";"";"";"";"";"";"";"";"";"";"";"";"";"";"";""
"30/05/2025";"1700";"";"";"";"";"";"";"";"";"";"";"";"";"";"";"";"";""
"30/05/2025";"1800";"";"";"";"";"";"";"";"";"";"";"";"";"";"";"";"";""
"30/05/2025";"1900";"";"";"";"";"";"";"";"";"";"";"";"";"";"";"";"";""
"30/05/2025";"2000";"";"";"";"";"";"";"";"";"";"";"";"";"";"";"";"";""
"30/05/2025";"2100";"";"";"";"";"";"";"";"";"";"";"";"";"";"";"";"";""
"30/05/2025";"2200";"";"";"";"";"";"";"";"";"";"";"";"";"";"";"";"";""
"30/05/2025";"2300";"";"";"";"";"";"";"";"";"";"";"";"";"";"";"";"";""
"31/05/2025";"0000";"";"";"";"";"";"";"";"";"";"";"";"";"";"";"";"";""
"31/05/2025";"0100";"";"";"";"";"";"";"";"";"";"";"";"";"";"";"";"";""
"31/05/2025";"0200";"";"";"";"";"";"";"";"";"";"";"";"";"";"";"";"";""
"31/05/2025";"0300";"";"";"";"";"";"";"";"";"";"";"";"";"";"";"";"";""
"31/05/2025";"0400";"";"";"";"";"";"";"";"";"";"";"";"";"";"";"";"";""
"31/05/2025";"0500";"";"";"";"";"";"";"";"";"";"";"";"";"";"";"";"";""
"31/05/2025";"0600";"";"";"";"";"";"";"";"";"";"";"";"";"";"";"";"";""
"31/05/2025";"0700";"";"";"";"";"";"";"";"";"";"";"";"";"";"";"";"";""
"31/05/2025";"0800";"";"";"";"";"";"";"";"";"";"";"";"";"";"";"";"";""
"31/05/2025";"0900";"";"";"";"";"";"";"";"";"";"";"";"";"";"";"";"";""
"31/05/2025";"1000";"";"";"";"";"";"";"";"";"";"";"";"";"";"";"";"";""
"31/05/2025";"1100";"";"";"";"";"";"";"";"";"";"";"";"";"";"";"";"";""
"31/05/2025";"1200";"";"";"";"";"";"";"";"";"";"";"";"";"";"";"";"";""
"31/05/2025";"1300";"";"";"";"";"";"";"";"";"";"";"";"";"";"";"";"";""
"31/05/2025";"1400";"";"";"";"";"";"";"";"";"";"";"";"";"";"";"";"";""
"31/05/2025";"1500";"";"";"";"";"";"";"";"";"";"";"";"";"";"";"";"";""
"31/05/2025";"1600";"";"";"";"";"";"";"";"";"";"";"";"";"";"";"";"";""
"31/05/2025";"1700";"";"";"";"";"";"";"";"";"";"";"";"";"";"";"";"";""
"31/05/2025";"1800";"";"";"";"";"";"";"";"";"";"";"";"";"";"";"";"";""
"31/05/2025";"1900";"";"";"";"";"";"";"";"";"";"";"";"";"";"";"";"";""
"31/05/2025";"2000";"";"";"";"";"";"";"";"";"";"";"";"";"";"";"";"";""
"31/05/2025";"2100";"";"";"";"";"";"";"";"";"";"";"";"";"";"";"";"";""
"31/05/2025";"2200";"";"";"";"";"";"";"";"";"";"";"";"";"";"";"";"";""
"31/05/2025";"2300";"";"";"";"";"";"";"";"";"";"";"";"";"";"";"";"";""
"01/06/2025";"0000";"";"";"";"";"";"";"";"";"";"";"";"";"";"";"";"";""
"01/06/2025";"0100";"";"";"";"";"";"";"";"";"";"";"";"";"";"";"";"";""
"01/06/2025";"0200";"";"";"";"";"";"";"";"";"";"";"";"";"";"";"";"";""
"01/06/2025";"0300";"";"";"";"";"";"";"";"";"";"";"";"";"";"";"";"";""
"01/06/2025";"0400";"";"";"";"";"";"";"";"";"";"";"";"";"";"";"";"";""
"01/06/2025";"0500";"";"";"";"";"";"";"";"";"";"";"";"";"";"";"";"";""
"01/06/2025";"0600";"";"";"";"";"";"";"";"";"";"";"";"";"";"";"";"";""
"01/06/2025";"0700";"";"";"";"";"";"";"";"";"";"";"";"";"";"";"";"";""
"01/06/2025";"0800";"";"";"";"";"";"";"";"";"";"";"";"";"";"";"";"";""
"01/06/2025";"0900";"";"";"";"";"";"";"";"";"";"";"";"";"";"";"";"";""
"01/06/2025";"1000";"";"";"";"";"";"";"";"";"";"";"";"";"";"";"";"";""
"01/06/2025";"1100";"";"";"";"";"";"";"";"";"";"";"";"";"";"";"";"";""
"01/06/2025";"1200";"";"";"";"";"";"";"";"";"";"";"";"";"";"";"";"";""
"01/06/2025";"1300";"";"";"";"";"";"";"";"";"";"";"";"";"";"";"";"";""
"01/06/2025";"1400";"";"";"";"";"";"";"";"";"";"";"";"";"";"";"";"";""
"01/06/2025";"1500";"";"";"";"";"";"";"";"";"";"";"";"";"";"";"";"";""
"01/06/2025";"1600";"";"";"";"";"";"";"";"";"";"";"";"";"";"";"";"";""
"01/06/2025";"1700";"";"";"";"";"";"";"";"";"";"";"";"";"";"";"";"";""
"01/06/2025";"1800";"";"";"";"";"";"";"";"";"";"";"";"";"";"";"";"";""
"01/06/2025";"1900";"";"";"";"";"";"";"";"";"";"";"";"";"";"";"";"";""
"01/06/2025";"2000";"";"";"";"";"";"";"";"";"";"";"";"";"";"";"";"";""
"01/06/2025";"2100";"";"";"";"";"";"";"";"";"";"";"";"";"";"";"";"";""
"01/06/2025";"2200";"";"";"";"";"";"";"";"";"";"";"";"";"";"";"";"";""
"01/06/2025";"2300";"";"";"";"";"";"";"";"";"";"";"";"";"";"";"";"";""
"02/06/2025";"0000";"";"";"";"";"";"";"";"";"";"";"";"";"";"";"";"";""
"02/06/2025";"0100";"";"";"";"";"";"";"";"";"";"";"";"";"";"";"";"";""
"02/06/2025";"0200";"";"";"";"";"";"";"";"";"";"";"";"";"";"";"";"";""
"02/06/2025";"0300";"";"";"";"";"";"";"";"";"";"";"";"";"";"";"";"";""
"02/06/2025";"0400";"";"";"";"";"";"";"";"";"";"";"";"";"";"";"";"";""
"02/06/2025";"0500";"";"";"";"";"";"";"";"";"";"";"";"";"";"";"";"";""
"02/06/2025";"0600";"";"";"";"";"";"";"";"";"";"";"";"";"";"";"";"";""
"02/06/2025";"0700";"";"";"";"";"";"";"";"";"";"";"";"";"";"";"";"";""
"02/06/2025";"0800";"";"";"";"";"";"";"";"";"";"";"";"";"";"";"";"";""
"02/06/2025";"0900";"";"";"";"";"";"";"";"";"";"";"";"";"";"";"";"";""
"02/06/2025";"1000";"";"";"";"";"";"";"";"";"";"";"";"";"";"";"";"";""
"02/06/2025";"1100";"";"";"";"";"";"";"";"";"";"";"";"";"";"";"";"";""
"02/06/2025";"1200";"";"";"";"";"";"";"";"";"";"";"";"";"";"";"";"";""
"02/06/2025";"1300";"";"";"";"";"";"";"";"";"";"";"";"";"";"";"";"";""
"02/06/2025";"1400";"";"";"";"";"";"";"";"";"";"";"";"";"";"";"";"";""
"02/06/2025";"1500";"";"";"";"";"";"";"";"";"";"";"";"";"";"";"";"";""
"02/06/2025";"1600";"";"";"";"";"";"";"";"";"";"";"";"";"";"";"";"";""
"02/06/2025";"1700";"";"";"";"";"";"";"";"";"";"";"";"";"";"";"";"";""
"02/06/2025";"1800";"";"";"";"";"";"";"";"";"";"";"";"";"";"";"";"";""
"02/06/2025";"1900";"";"";"";"";"";"";"";"";"";"";"";"";"";"";"";"";""
"02/06/2025";"2000";"";"";"";"";"";"";"";"";"";"";"";"";"";"";"";"";""
"02/06/2025";"2100";"";"";"";"";"";"";"";"";"";"";"";"";"";"";"";"";""
"02/06/2025";"2200";"";"";"";"";"";"";"";"";"";"";"";"";"";"";"";"";""
"02/06/2025";"2300";"";"";"";"";"";"";"";"";"";"";"";"";"";"";"";"";""
"03/06/2025";"0000";"";"";"";"";"";"";"";"";"";"";"";"";"";"";"";"";""
"03/06/2025";"0100";"";"";"";"";"";"";"";"";"";"";"";"";"";"";"";"";""
"03/06/2025";"0200";"";"";"";"";"";"";"";"";"";"";"";"";"";"";"";"";""
"03/06/2025";"0300";"";"";"";"";"";"";"";"";"";"";"";"";"";"";"";"";""
"03/06/2025";"0400";"";"";"";"";"";"";"";"";"";"";"";"";"";"";"";"";""
"03/06/2025";"0500";"";"";"";"";"";"";"";"";"";"";"";"";"";"";"";"";""
"03/06/2025";"0600";"";"";"";"";"";"";"";"";"";"";"";"";"";"";"";"";""
"03/06/2025";"0700";"";"";"";"";"";"";"";"";"";"";"";"";"";"";"";"";""
"03/06/2025";"0800";"";"";"";"";"";"";"";"";"";"";"";"";"";"";"";"";""
"03/06/2025";"0900";"";"";"";"";"";"";"";"";"";"";"";"";"";"";"";"";""
"03/06/2025";"1000";"";"";"";"";"";"";"";"";"";"";"";"";"";"";"";"";""
"03/06/2025";"1100";"";"";"";"";"";"";"";"";"";"";"";"";"";"";"";"";""
"03/06/2025";"1200";"";"";"";"";"";"";"";"";"";"";"";"";"";"";"";"";""
"03/06/2025";"1300";"";"";"";"";"";"";"";"";"";"";"";"";"";"";"";"";""
"03/06/2025";"1400";"";"";"";"";"";"";"";"";"";"";"";"";"";"";"";"";""
"03/06/2025";"1500";"";"";"";"";"";"";"";"";"";"";"";"";"";"";"";"";""
"03/06/2025";"1600";"";"";"";"";"";"";"";"";"";"";"";"";"";"";"";"";""
"03/06/2025";"1700";"";"";"";"";"";"";"";"";"";"";"";"";"";"";"";"";""
"03/06/2025";"1800";"";"";"";"";"";"";"";"";"";"";"";"";"";"";"";"";""
"03/06/2025";"1900";"";"";"";"";"";"";"";"";"";"";"";"";"";"";"";"";""
"03/06/2025";"2000";"";"";"";"";"";"";"";"";"";"";"";"";"";"";"";"";""
"03/06/2025";"2100";"";"";"";"";"";"";"";"";"";"";"";"";"";"";"";"";""
"03/06/2025";"2200";"";"";"";"";"";"";"";"";"";"";"";"";"";"";"";"";""
"03/06/2025";"2300";"";"";"";"";"";"";"";"";"";"";"";"";"";"";"";"";""
"04/06/2025";"0000";"";"";"";"";"";"";"";"";"";"";"";"";"";"";"";"";""
"04/06/2025";"0100";"";"";"";"";"";"";"";"";"";"";"";"";"";"";"";"";""
"04/06/2025";"0200";"";"";"";"";"";"";"";"";"";"";"";"";"";"";"";"";""
"04/06/2025";"0300";"";"";"";"";"";"";"";"";"";"";"";"";"";"";"";"";""
"04/06/2025";"0400";"";"";"";"";"";"";"";"";"";"";"";"";"";"";"";"";""
"04/06/2025";"0500";"";"";"";"";"";"";"";"";"";"";"";"";"";"";"";"";""
"04/06/2025";"0600";"";"";"";"";"";"";"";"";"";"";"";"";"";"";"";"";""
"04/06/2025";"0700";"";"";"";"";"";"";"";"";"";"";"";"";"";"";"";"";""
"04/06/2025";"0800";"";"";"";"";"";"";"";"";"";"";"";"";"";"";"";"";""
"04/06/2025";"0900";"";"";"";"";"";"";"";"";"";"";"";"";"";"";"";"";""
"04/06/2025";"1000";"";"";"";"";"";"";"";"";"";"";"";"";"";"";"";"";""
"04/06/2025";"1100";"";"";"";"";"";"";"";"";"";"";"";"";"";"";"";"";""
"04/06/2025";"1200";"";"";"";"";"";"";"";"";"";"";"";"";"";"";"";"";""
"04/06/2025";"1300";"";"";"";"";"";"";"";"";"";"";"";"";"";"";"";"";""
"04/06/2025";"1400";"";"";"";"";"";"";"";"";"";"";"";"";"";"";"";"";""
"04/06/2025";"1500";"";"";"";"";"";"";"";"";"";"";"";"";"";"";"";"";""
"04/06/2025";"1600";"";"";"";"";"";"";"";"";"";"";"";"";"";"";"";"";""
"04/06/2025";"1700";"";"";"";"";"";"";"";"";"";"";"";"";"";"";"";"";""
"04/06/2025";"1800";"";"";"";"";"";"";"";"";"";"";"";"";"";"";"";"";""
"04/06/2025";"1900";"";"";"";"";"";"";"";"";"";"";"";"";"";"";"";"";""
"04/06/2025";"2000";"";"";"";"";"";"";"";"";"";"";"";"";"";"";"";"";""
"04/06/2025";"2100";"";"";"";"";"";"";"";"";"";"";"";"";"";"";"";"";""
"04/06/2025";"2200";"";"";"";"";"";"";"";"";"";"";"";"";"";"";"";"";""
"04/06/2025";"2300";"";"";"";"";"";"";"";"";"";"";"";"";"";"";"";"";""
"05/06/2025";"0000";"";"";"";"";"";"";"";"";"";"";"";"";"";"";"";"";""
"05/06/2025";"0100";"";"";"";"";"";"";"";"";"";"";"";"";"";"";"";"";""
"05/06/2025";"0200";"";"";"";"";"";"";"";"";"";"";"";"";"";"";"";"";""
"05/06/2025";"0300";"";"";"";"";"";"";"";"";"";"";"";"";"";"";"";"";""
"05/06/2025";"0400";"";"";"";"";"";"";"";"";"";"";"";"";"";"";"";"";""
"05/06/2025";"0500";"";"";"";"";"";"";"";"";"";"";"";"";"";"";"";"";""
"05/06/2025";"0600";"";"";"";"";"";"";"";"";"";"";"";"";"";"";"";"";""
"05/06/2025";"0700";"";"";"";"";"";"";"";"";"";"";"";"";"";"";"";"";""
"05/06/2025";"0800";"";"";"";"";"";"";"";"";"";"";"";"";"";"";"";"";""
"05/06/2025";"0900";"";"";"";"";"";"";"";"";"";"";"";"";"";"";"";"";""
"05/06/2025";"1000";"";"";"";"";"";"";"";"";"";"";"";"";"";"";"";"";""
"05/06/2025";"1100";"";"";"";"";"";"";"";"";"";"";"";"";"";"";"";"";""
"05/06/2025";"1200";"";"";"";"";"";"";"";"";"";"";"";"";"";"";"";"";""
"05/06/2025";"1300";"";"";"";"";"";"";"";"";"";"";"";"";"";"";"";"";""
"05/06/2025";"1400";"";"";"";"";"";"";"";"";"";"";"";"";"";"";"";"";""
"05/06/2025";"1500";"";"";"";"";"";"";"";"";"";"";"";"";"";"";"";"";""
"05/06/2025";"1600";"";"";"";"";"";"";"";"";"";"";"";"";"";"";"";"";""
"05/06/2025";"1700";"";"";"";"";"";"";"";"";"";"";"";"";"";"";"";"";""
"05/06/2025";"1800";"";"";"";"";"";"";"";"";"";"";"";"";"";"";"";"";""
"05/06/2025";"1900";"";"";"";"";"";"";"";"";"";"";"";"";"";"";"";"";""
"05/06/2025";"2000";"";"";"";"";"";"";"";"";"";"";"";"";"";"";"";"";""
"05/06/2025";"2100";"";"";"";"";"";"";"";"";"";"";"";"";"";"";"";"";""
"05/06/2025";"2200";"";"";"";"";"";"";"";"";"";"";"";"";"";"";"";"";""
"05/06/2025";"2300";"";"";"";"";"";"";"";"";"";"";"";"";"";"";"";"";""
"06/06/2025";"0000";"";"";"";"";"";"";"";"";"";"";"";"";"";"";"";"";""
"06/06/2025";"0100";"";"";"";"";"";"";"";"";"";"";"";"";"";"";"";"";""
"06/06/2025";"0200";"";"";"";"";"";"";"";"";"";"";"";"";"";"";"";"";""
"06/06/2025";"0300";"";"";"";"";"";"";"";"";"";"";"";"";"";"";"";"";""
"06/06/2025";"0400";"";"";"";"";"";"";"";"";"";"";"";"";"";"";"";"";""
"06/06/2025";"0500";"";"";"";"";"";"";"";"";"";"";"";"";"";"";"";"";""
"06/06/2025";"0600";"";"";"";"";"";"";"";"";"";"";"";"";"";"";"";"";""
"06/06/2025";"0700";"";"";"";"";"";"";"";"";"";"";"";"";"";"";"";"";""
"06/06/2025";"0800";"";"";"";"";"";"";"";"";"";"";"";"";"";"";"";"";""
"06/06/2025";"0900";"";"";"";"";"";"";"";"";"";"";"";"";"";"";"";"";""
"06/06/2025";"1000";"";"";"";"";"";"";"";"";"";"";"";"";"";"";"";"";""
"06/06/2025";"1100";"";"";"";"";"";"";"";"";"";"";"";"";"";"";"";"";""
"06/06/2025";"1200";"";"";"";"";"";"";"";"";"";"";"";"";"";"";"";"";""
"06/06/2025";"1300";"";"";"";"";"";"";"";"";"";"";"";"";"";"";"";"";""
"06/06/2025";"1400";"";"";"";"";"";"";"";"";"";"";"";"";"";"";"";"";""
"06/06/2025";"1500";"";"";"";"";"";"";"";"";"";"";"";"";"";"";"";"";""
"06/06/2025";"1600";"";"";"";"";"";"";"";"";"";"";"";"";"";"";"";"";""
"06/06/2025";"1700";"";"";"";"";"";"";"";"";"";"";"";"";"";"";"";"";""
"06/06/2025";"1800";"";"";"";"";"";"";"";"";"";"";"";"";"";"";"";"";""
"06/06/2025";"1900";"";"";"";"";"";"";"";"";"";"";"";"";"";"";"";"";""
"06/06/2025";"2000";"";"";"";"";"";"";"";"";"";"";"";"";"";"";"";"";""
"06/06/2025";"2100";"";"";"";"";"";"";"";"";"";"";"";"";"";"";"";"";""
"06/06/2025";"2200";"";"";"";"";"";"";"";"";"";"";"";"";"";"";"";"";""
"06/06/2025";"2300";"";"";"";"";"";"";"";"";"";"";"";"";"";"";"";"";""
"07/06/2025";"0000";"";"";"";"";"";"";"";"";"";"";"";"";"";"";"";"";""
"07/06/2025";"0100";"";"";"";"";"";"";"";"";"";"";"";"";"";"";"";"";""
"07/06/2025";"0200";"";"";"";"";"";"";"";"";"";"";"";"";"";"";"";"";""
"07/06/2025";"0300";"";"";"";"";"";"";"";"";"";"";"";"";"";"";"";"";""
"07/06/2025";"0400";"";"";"";"";"";"";"";"";"";"";"";"";"";"";"";"";""
"07/06/2025";"0500";"";"";"";"";"";"";"";"";"";"";"";"";"";"";"";"";""
"07/06/2025";"0600";"";"";"";"";"";"";"";"";"";"";"";"";"";"";"";"";""
"07/06/2025";"0700";"";"";"";"";"";"";"";"";"";"";"";"";"";"";"";"";""
"07/06/2025";"0800";"";"";"";"";"";"";"";"";"";"";"";"";"";"";"";"";""
"07/06/2025";"0900";"";"";"";"";"";"";"";"";"";"";"";"";"";"";"";"";""
"07/06/2025";"1000";"";"";"";"";"";"";"";"";"";"";"";"";"";"";"";"";""
"07/06/2025";"1100";"";"";"";"";"";"";"";"";"";"";"";"";"";"";"";"";""
"07/06/2025";"1200";"";"";"";"";"";"";"";"";"";"";"";"";"";"";"";"";""
"07/06/2025";"1300";"";"";"";"";"";"";"";"";"";"";"";"";"";"";"";"";""
"07/06/2025";"1400";"";"";"";"";"";"";"";"";"";"";"";"";"";"";"";"";""
"07/06/2025";"1500";"";"";"";"";"";"";"";"";"";"";"";"";"";"";"";"";""
"07/06/2025";"1600";"";"";"";"";"";"";"";"";"";"";"";"";"";"";"";"";""
"07/06/2025";"1700";"";"";"";"";"";"";"";"";"";"";"";"";"";"";"";"";""
"07/06/2025";"1800";"";"";"";"";"";"";"";"";"";"";"";"";"";"";"";"";""
"07/06/2025";"1900";"";"";"";"";"";"";"";"";"";"";"";"";"";"";"";"";""
"07/06/2025";"2000";"";"";"";"";"";"";"";"";"";"";"";"";"";"";"";"";""
"07/06/2025";"2100";"";"";"";"";"";"";"";"";"";"";"";"";"";"";"";"";""
"07/06/2025";"2200";"";"";"";"";"";"";"";"";"";"";"";"";"";"";"";"";""
"07/06/2025";"2300";"";"";"";"";"";"";"";"";"";"";"";"";"";"";"";"";""
"08/06/2025";"0000";"";"";"";"";"";"";"";"";"";"";"";"";"";"";"";"";""
"08/06/2025";"0100";"";"";"";"";"";"";"";"";"";"";"";"";"";"";"";"";""
"08/06/2025";"0200";"";"";"";"";"";"";"";"";"";"";"";"";"";"";"";"";""
"08/06/2025";"0300";"";"";"";"";"";"";"";"";"";"";"";"";"";"";"";"";""
"08/06/2025";"0400";"";"";"";"";"";"";"";"";"";"";"";"";"";"";"";"";""
"08/06/2025";"0500";"";"";"";"";"";"";"";"";"";"";"";"";"";"";"";"";""
"08/06/2025";"0600";"";"";"";"";"";"";"";"";"";"";"";"";"";"";"";"";""
"08/06/2025";"0700";"";"";"";"";"";"";"";"";"";"";"";"";"";"";"";"";""
"08/06/2025";"0800";"";"";"";"";"";"";"";"";"";"";"";"";"";"";"";"";""
"08/06/2025";"0900";"";"";"";"";"";"";"";"";"";"";"";"";"";"";"";"";""
"08/06/2025";"1000";"";"";"";"";"";"";"";"";"";"";"";"";"";"";"";"";""
"08/06/2025";"1100";"";"";"";"";"";"";"";"";"";"";"";"";"";"";"";"";""
"08/06/2025";"1200";"";"";"";"";"";"";"";"";"";"";"";"";"";"";"";"";""
"08/06/2025";"1300";"";"";"";"";"";"";"";"";"";"";"";"";"";"";"";"";""
"08/06/2025";"1400";"";"";"";"";"";"";"";"";"";"";"";"";"";"";"";"";""
"08/06/2025";"1500";"";"";"";"";"";"";"";"";"";"";"";"";"";"";"";"";""
"08/06/2025";"1600";"";"";"";"";"";"";"";"";"";"";"";"";"";"";"";"";""
"08/06/2025";"1700";"";"";"";"";"";"";"";"";"";"";"";"";"";"";"";"";""
"08/06/2025";"1800";"";"";"";"";"";"";"";"";"";"";"";"";"";"";"";"";""
"08/06/2025";"1900";"";"";"";"";"";"";"";"";"";"";"";"";"";"";"";"";""
"08/06/2025";"2000";"";"";"";"";"";"";"";"";"";"";"";"";"";"";"";"";""
"08/06/2025";"2100";"";"";"";"";"";"";"";"";"";"";"";"";"";"";"";"";""
"08/06/2025";"2200";"";"";"";"";"";"";"";"";"";"";"";"";"";"";"";"";""
"08/06/2025";"2300";"";"";"";"";"";"";"";"";"";"";"";"";"";"";"";"";""
"09/06/2025";"0000";"";"";"";"";"";"";"";"";"";"";"";"";"";"";"";"";""
"09/06/2025";"0100";"";"";"";"";"";"";"";"";"";"";"";"";"";"";"";"";""
"09/06/2025";"0200";"";"";"";"";"";"";"";"";"";"";"";"";"";"";"";"";""
"09/06/2025";"0300";"";"";"";"";"";"";"";"";"";"";"";"";"";"";"";"";""
"09/06/2025";"0400";"";"";"";"";"";"";"";"";"";"";"";"";"";"";"";"";""
"09/06/2025";"0500";"";"";"";"";"";"";"";"";"";"";"";"";"";"";"";"";""
"09/06/2025";"0600";"";"";"";"";"";"";"";"";"";"";"";"";"";"";"";"";""
"09/06/2025";"0700";"";"";"";"";"";"";"";"";"";"";"";"";"";"";"";"";""
"09/06/2025";"0800";"";"";"";"";"";"";"";"";"";"";"";"";"";"";"";"";""
"09/06/2025";"0900";"";"";"";"";"";"";"";"";"";"";"";"";"";"";"";"";""
"09/06/2025";"1000";"";"";"";"";"";"";"";"";"";"";"";"";"";"";"";"";""
"09/06/2025";"1100";"";"";"";"";"";"";"";"";"";"";"";"";"";"";"";"";""
"09/06/2025";"1200";"";"";"";"";"";"";"";"";"";"";"";"";"";"";"";"";""
"09/06/2025";"1300";"";"";"";"";"";"";"";"";"";"";"";"";"";"";"";"";""
"09/06/2025";"1400";"";"";"";"";"";"";"";"";"";"";"";"";"";"";"";"";""
"09/06/2025";"1500";"";"";"";"";"";"";"";"";"";"";"";"";"";"";"";"";""
"09/06/2025";"1600";"";"";"";"";"";"";"";"";"";"";"";"";"";"";"";"";""
"09/06/2025";"1700";"";"";"";"";"";"";"";"";"";"";"";"";"";"";"";"";""
"09/06/2025";"1800";"";"";"";"";"";"";"";"";"";"";"";"";"";"";"";"";""
"09/06/2025";"1900";"";"";"";"";"";"";"";"";"";"";"";"";"";"";"";"";""
"09/06/2025";"2000";"";"";"";"";"";"";"";"";"";"";"";"";"";"";"";"";""
"09/06/2025";"2100";"";"";"";"";"";"";"";"";"";"";"";"";"";"";"";"";""
"09/06/2025";"2200";"";"";"";"";"";"";"";"";"";"";"";"";"";"";"";"";""
"09/06/2025";"2300";"";"";"";"";"";"";"";"";"";"";"";"";"";"";"";"";""
"10/06/2025";"0000";"";"";"";"";"";"";"";"";"";"";"";"";"";"";"";"";""
"10/06/2025";"0100";"";"";"";"";"";"";"";"";"";"";"";"";"";"";"";"";""
"10/06/2025";"0200";"";"";"";"";"";"";"";"";"";"";"";"";"";"";"";"";""
"10/06/2025";"0300";"";"";"";"";"";"";"";"";"";"";"";"";"";"";"";"";""
"10/06/2025";"0400";"";"";"";"";"";"";"";"";"";"";"";"";"";"";"";"";""
"10/06/2025";"0500";"";"";"";"";"";"";"";"";"";"";"";"";"";"";"";"";""
"10/06/2025";"0600";"";"";"";"";"";"";"";"";"";"";"";"";"";"";"";"";""
"10/06/2025";"0700";"";"";"";"";"";"";"";"";"";"";"";"";"";"";"";"";""
"10/06/2025";"0800";"";"";"";"";"";"";"";"";"";"";"";"";"";"";"";"";""
"10/06/2025";"0900";"";"";"";"";"";"";"";"";"";"";"";"";"";"";"";"";""
"10/06/2025";"1000";"";"";"";"";"";"";"";"";"";"";"";"";"";"";"";"";""
"10/06/2025";"1100";"";"";"";"";"";"";"";"";"";"";"";"";"";"";"";"";""
"10/06/2025";"1200";"";"";"";"";"";"";"";"";"";"";"";"";"";"";"";"";""
"10/06/2025";"1300";"";"";"";"";"";"";"";"";"";"";"";"";"";"";"";"";""
"10/06/2025";"1400";"";"";"";"";"";"";"";"";"";"";"";"";"";"";"";"";""
"10/06/2025";"1500";"";"";"";"";"";"";"";"";"";"";"";"";"";"";"";"";""
"10/06/2025";"1600";"";"";"";"";"";"";"";"";"";"";"";"";"";"";"";"";""
"10/06/2025";"1700";"";"";"";"";"";"";"";"";"";"";"";"";"";"";"";"";""
"10/06/2025";"1800";"";"";"";"";"";"";"";"";"";"";"";"";"";"";"";"";""
"10/06/2025";"1900";"";"";"";"";"";"";"";"";"";"";"";"";"";"";"";"";""
"10/06/2025";"2000";"";"";"";"";"";"";"";"";"";"";"";"";"";"";"";"";""
"10/06/2025";"2100";"";"";"";"";"";"";"";"";"";"";"";"";"";"";"";"";""
"10/06/2025";"2200";"";"";"";"";"";"";"";"";"";"";"";"";"";"";"";"";""
"10/06/2025";"2300";"";"";"";"";"";"";"";"";"";"";"";"";"";"";"";"";""
"11/06/2025";"0000";"";"";"";"";"";"";"";"";"";"";"";"";"";"";"";"";""
"11/06/2025";"0100";"";"";"";"";"";"";"";"";"";"";"";"";"";"";"";"";""
"11/06/2025";"0200";"";"";"";"";"";"";"";"";"";"";"";"";"";"";"";"";""
"11/06/2025";"0300";"";"";"";"";"";"";"";"";"";"";"";"";"";"";"";"";""
"11/06/2025";"0400";"";"";"";"";"";"";"";"";"";"";"";"";"";"";"";"";""
"11/06/2025";"0500";"";"";"";"";"";"";"";"";"";"";"";"";"";"";"";"";""
"11/06/2025";"0600";"";"";"";"";"";"";"";"";"";"";"";"";"";"";"";"";""
"11/06/2025";"0700";"";"";"";"";"";"";"";"";"";"";"";"";"";"";"";"";""
"11/06/2025";"0800";"";"";"";"";"";"";"";"";"";"";"";"";"";"";"";"";""
"11/06/2025";"0900";"";"";"";"";"";"";"";"";"";"";"";"";"";"";"";"";""
"11/06/2025";"1000";"";"";"";"";"";"";"";"";"";"";"";"";"";"";"";"";""
"11/06/2025";"1100";"";"";"";"";"";"";"";"";"";"";"";"";"";"";"";"";""
"11/06/2025";"1200";"";"";"";"";"";"";"";"";"";"";"";"";"";"";"";"";""
"11/06/2025";"1300";"";"";"";"";"";"";"";"";"";"";"";"";"";"";"";"";""
"11/06/2025";"1400";"";"";"";"";"";"";"";"";"";"";"";"";"";"";"";"";""
"11/06/2025";"1500";"";"";"";"";"";"";"";"";"";"";"";"";"";"";"";"";""
"11/06/2025";"1600";"";"";"";"";"";"";"";"";"";"";"";"";"";"";"";"";""
"11/06/2025";"1700";"";"";"";"";"";"";"";"";"";"";"";"";"";"";"";"";""
"11/06/2025";"1800";"";"";"";"";"";"";"";"";"";"";"";"";"";"";"";"";""
"11/06/2025";"1900";"";"";"";"";"";"";"";"";"";"";"";"";"";"";"";"";""
"11/06/2025";"2000";"";"";"";"";"";"";"";"";"";"";"";"";"";"";"";"";""
"11/06/2025";"2100";"";"";"";"";"";"";"";"";"";"";"";"";"";"";"";"";""
"11/06/2025";"2200";"";"";"";"";"";"";"";"";"";"";"";"";"";"";"";"";""
"11/06/2025";"2300";"";"";"";"";"";"";"";"";"";"";"";"";"";"";"";"";""
"12/06/2025";"0000";"";"";"";"";"";"";"";"";"";"";"";"";"";"";"";"";""
"12/06/2025";"0100";"";"";"";"";"";"";"";"";"";"";"";"";"";"";"";"";""
"12/06/2025";"0200";"";"";"";"";"";"";"";"";"";"";"";"";"";"";"";"";""
"12/06/2025";"0300";"";"";"";"";"";"";"";"";"";"";"";"";"";"";"";"";""
"12/06/2025";"0400";"";"";"";"";"";"";"";"";"";"";"";"";"";"";"";"";""
"12/06/2025";"0500";"";"";"";"";"";"";"";"";"";"";"";"";"";"";"";"";""
"12/06/2025";"0600";"";"";"";"";"";"";"";"";"";"";"";"";"";"";"";"";""
"12/06/2025";"0700";"";"";"";"";"";"";"";"";"";"";"";"";"";"";"";"";""
"12/06/2025";"0800";"";"";"";"";"";"";"";"";"";"";"";"";"";"";"";"";""
"12/06/2025";"0900";"";"";"";"";"";"";"";"";"";"";"";"";"";"";"";"";""
"12/06/2025";"1000";"";"";"";"";"";"";"";"";"";"";"";"";"";"";"";"";""
"12/06/2025";"1100";"";"";"";"";"";"";"";"";"";"";"";"";"";"";"";"";""
"12/06/2025";"1200";"";"";"";"";"";"";"";"";"";"";"";"";"";"";"";"";""
"12/06/2025";"1300";"";"";"";"";"";"";"";"";"";"";"";"";"";"";"";"";""
"12/06/2025";"1400";"";"";"";"";"";"";"";"";"";"";"";"";"";"";"";"";""
"12/06/2025";"1500";"";"";"";"";"";"";"";"";"";"";"";"";"";"";"";"";""
"12/06/2025";"1600";"";"";"";"";"";"";"";"";"";"";"";"";"";"";"";"";""
"12/06/2025";"1700";"";"";"";"";"";"";"";"";"";"";"";"";"";"";"";"";""
"12/06/2025";"1800";"";"";"";"";"";"";"";"";"";"";"";"";"";"";"";"";""
"12/06/2025";"1900";"";"";"";"";"";"";"";"";"";"";"";"";"";"";"";"";""
"12/06/2025";"2000";"";"";"";"";"";"";"";"";"";"";"";"";"";"";"";"";""
"12/06/2025";"2100";"";"";"";"";"";"";"";"";"";"";"";"";"";"";"";"";""
"12/06/2025";"2200";"";"";"";"";"";"";"";"";"";"";"";"";"";"";"";"";""
"12/06/2025";"2300";"";"";"";"";"";"";"";"";"";"";"";"";"";"";"";"";""
"13/06/2025";"0000";"";"";"";"";"";"";"";"";"";"";"";"";"";"";"";"";""
"13/06/2025";"0100";"";"";"";"";"";"";"";"";"";"";"";"";"";"";"";"";""
"13/06/2025";"0200";"";"";"";"";"";"";"";"";"";"";"";"";"";"";"";"";""
"13/06/2025";"0300";"";"";"";"";"";"";"";"";"";"";"";"";"";"";"";"";""
"13/06/2025";"0400";"";"";"";"";"";"";"";"";"";"";"";"";"";"";"";"";""
"13/06/2025";"0500";"";"";"";"";"";"";"";"";"";"";"";"";"";"";"";"";""
"13/06/2025";"0600";"";"";"";"";"";"";"";"";"";"";"";"";"";"";"";"";""
"13/06/2025";"0700";"";"";"";"";"";"";"";"";"";"";"";"";"";"";"";"";""
"13/06/2025";"0800";"";"";"";"";"";"";"";"";"";"";"";"";"";"";"";"";""
"13/06/2025";"0900";"";"";"";"";"";"";"";"";"";"";"";"";"";"";"";"";""
"13/06/2025";"1000";"";"";"";"";"";"";"";"";"";"";"";"";"";"";"";"";""
"13/06/2025";"1100";"";"";"";"";"";"";"";"";"";"";"";"";"";"";"";"";""
"13/06/2025";"1200";"";"";"";"";"";"";"";"";"";"";"";"";"";"";"";"";""
"13/06/2025";"1300";"";"";"";"";"";"";"";"";"";"";"";"";"";"";"";"";""
"13/06/2025";"1400";"";"";"";"";"";"";"";"";"";"";"";"";"";"";"";"";""
"13/06/2025";"1500";"";"";"";"";"";"";"";"";"";"";"";"";"";"";"";"";""
"13/06/2025";"1600";"";"";"";"";"";"";"";"";"";"";"";"";"";"";"";"";""
"13/06/2025";"1700";"";"";"";"";"";"";"";"";"";"";"";"";"";"";"";"";""
"13/06/2025";"1800";"";"";"";"";"";"";"";"";"";"";"";"";"";"";"";"";""
"13/06/2025";"1900";"";"";"";"";"";"";"";"";"";"";"";"";"";"";"";"";""
"13/06/2025";"2000";"";"";"";"";"";"";"";"";"";"";"";"";"";"";"";"";""
"13/06/2025";"2100";"";"";"";"";"";"";"";"";"";"";"";"";"";"";"";"";""
"13/06/2025";"2200";"";"";"";"";"";"";"";"";"";"";"";"";"";"";"";"";""
"13/06/2025";"2300";"";"";"";"";"";"";"";"";"";"";"";"";"";"";"";"";""
"14/06/2025";"0000";"";"";"";"";"";"";"";"";"";"";"";"";"";"";"";"";""
"14/06/2025";"0100";"";"";"";"";"";"";"";"";"";"";"";"";"";"";"";"";""
"14/06/2025";"0200";"";"";"";"";"";"";"";"";"";"";"";"";"";"";"";"";""
"14/06/2025";"0300";"";"";"";"";"";"";"";"";"";"";"";"";"";"";"";"";""
"14/06/2025";"0400";"";"";"";"";"";"";"";"";"";"";"";"";"";"";"";"";""
"14/06/2025";"0500";"";"";"";"";"";"";"";"";"";"";"";"";"";"";"";"";""
"14/06/2025";"0600";"";"";"";"";"";"";"";"";"";"";"";"";"";"";"";"";""
"14/06/2025";"0700";"";"";"";"";"";"";"";"";"";"";"";"";"";"";"";"";""
"14/06/2025";"0800";"";"";"";"";"";"";"";"";"";"";"";"";"";"";"";"";""
"14/06/2025";"0900";"";"";"";"";"";"";"";"";"";"";"";"";"";"";"";"";""
"14/06/2025";"1000";"";"";"";"";"";"";"";"";"";"";"";"";"";"";"";"";""
"14/06/2025";"1100";"";"";"";"";"";"";"";"";"";"";"";"";"";"";"";"";""
"14/06/2025";"1200";"";"";"";"";"";"";"";"";"";"";"";"";"";"";"";"";""
"14/06/2025";"1300";"";"";"";"";"";"";"";"";"";"";"";"";"";"";"";"";""
"14/06/2025";"1400";"";"";"";"";"";"";"";"";"";"";"";"";"";"";"";"";""
"14/06/2025";"1500";"";"";"";"";"";"";"";"";"";"";"";"";"";"";"";"";""
"14/06/2025";"1600";"";"";"";"";"";"";"";"";"";"";"";"";"";"";"";"";""
"14/06/2025";"1700";"";"";"";"";"";"";"";"";"";"";"";"";"";"";"";"";""
"14/06/2025";"1800";"";"";"";"";"";"";"";"";"";"";"";"";"";"";"";"";""
"14/06/2025";"1900";"";"";"";"";"";"";"";"";"";"";"";"";"";"";"";"";""
"14/06/2025";"2000";"";"";"";"";"";"";"";"";"";"";"";"";"";"";"";"";""
"14/06/2025";"2100";"";"";"";"";"";"";"";"";"";"";"";"";"";"";"";"";""
"14/06/2025";"2200";"";"";"";"";"";"";"";"";"";"";"";"";"";"";"";"";""
"14/06/2025";"2300";"";"";"";"";"";"";"";"";"";"";"";"";"";"";"";"";""
"15/06/2025";"0000";"";"";"";"";"";"";"";"";"";"";"";"";"";"";"";"";""
"15/06/2025";"0100";"";"";"";"";"";"";"";"";"";"";"";"";"";"";"";"";""
"15/06/2025";"0200";"";"";"";"";"";"";"";"";"";"";"";"";"";"";"";"";""
"15/06/2025";"0300";"";"";"";"";"";"";"";"";"";"";"";"";"";"";"";"";""
"15/06/2025";"0400";"";"";"";"";"";"";"";"";"";"";"";"";"";"";"";"";""
"15/06/2025";"0500";"";"";"";"";"";"";"";"";"";"";"";"";"";"";"";"";""
"15/06/2025";"0600";"";"";"";"";"";"";"";"";"";"";"";"";"";"";"";"";""
"15/06/2025";"0700";"";"";"";"";"";"";"";"";"";"";"";"";"";"";"";"";""
"15/06/2025";"0800";"";"";"";"";"";"";"";"";"";"";"";"";"";"";"";"";""
"15/06/2025";"0900";"";"";"";"";"";"";"";"";"";"";"";"";"";"";"";"";""
"15/06/2025";"1000";"";"";"";"";"";"";"";"";"";"";"";"";"";"";"";"";""
"15/06/2025";"1100";"";"";"";"";"";"";"";"";"";"";"";"";"";"";"";"";""
"15/06/2025";"1200";"";"";"";"";"";"";"";"";"";"";"";"";"";"";"";"";""
"15/06/2025";"1300";"";"";"";"";"";"";"";"";"";"";"";"";"";"";"";"";""
"15/06/2025";"1400";"";"";"";"";"";"";"";"";"";"";"";"";"";"";"";"";""
"15/06/2025";"1500";"";"";"";"";"";"";"";"";"";"";"";"";"";"";"";"";""
"15/06/2025";"1600";"";"";"";"";"";"";"";"";"";"";"";"";"";"";"";"";""
"15/06/2025";"1700";"";"";"";"";"";"";"";"";"";"";"";"";"";"";"";"";""
"15/06/2025";"1800";"";"";"";"";"";"";"";"";"";"";"";"";"";"";"";"";""
"15/06/2025";"1900";"";"";"";"";"";"";"";"";"";"";"";"";"";"";"";"";""
"15/06/2025";"2000";"";"";"";"";"";"";"";"";"";"";"";"";"";"";"";"";""
"15/06/2025";"2100";"";"";"";"";"";"";"";"";"";"";"";"";"";"";"";"";""
"15/06/2025";"2200";"";"";"";"";"";"";"";"";"";"";"";"";"";"";"";"";""
"15/06/2025";"2300";"";"";"";"";"";"";"";"";"";"";"";"";"";"";"";"";""
"16/06/2025";"0000";"";"";"";"";"";"";"";"";"";"";"";"";"";"";"";"";""
"16/06/2025";"0100";"";"";"";"";"";"";"";"";"";"";"";"";"";"";"";"";""
"16/06/2025";"0200";"";"";"";"";"";"";"";"";"";"";"";"";"";"";"";"";""
"16/06/2025";"0300";"";"";"";"";"";"";"";"";"";"";"";"";"";"";"";"";""
"16/06/2025";"0400";"";"";"";"";"";"";"";"";"";"";"";"";"";"";"";"";""
"16/06/2025";"0500";"";"";"";"";"";"";"";"";"";"";"";"";"";"";"";"";""
"16/06/2025";"0600";"";"";"";"";"";"";"";"";"";"";"";"";"";"";"";"";""
"16/06/2025";"0700";"";"";"";"";"";"";"";"";"";"";"";"";"";"";"";"";""
"16/06/2025";"0800";"";"";"";"";"";"";"";"";"";"";"";"";"";"";"";"";""
"16/06/2025";"0900";"";"";"";"";"";"";"";"";"";"";"";"";"";"";"";"";""
"16/06/2025";"1000";"";"";"";"";"";"";"";"";"";"";"";"";"";"";"";"";""
"16/06/2025";"1100";"";"";"";"";"";"";"";"";"";"";"";"";"";"";"";"";""
"16/06/2025";"1200";"";"";"";"";"";"";"";"";"";"";"";"";"";"";"";"";""
"16/06/2025";"1300";"";"";"";"";"";"";"";"";"";"";"";"";"";"";"";"";""
"16/06/2025";"1400";"";"";"";"";"";"";"";"";"";"";"";"";"";"";"";"";""
"16/06/2025";"1500";"";"";"";"";"";"";"";"";"";"";"";"";"";"";"";"";""
"16/06/2025";"1600";"";"";"";"";"";"";"";"";"";"";"";"";"";"";"";"";""
"16/06/2025";"1700";"";"";"";"";"";"";"";"";"";"";"";"";"";"";"";"";""
"16/06/2025";"1800";"";"";"";"";"";"";"";"";"";"";"";"";"";"";"";"";""
"16/06/2025";"1900";"";"";"";"";"";"";"";"";"";"";"";"";"";"";"";"";""
"16/06/2025";"2000";"";"";"";"";"";"";"";"";"";"";"";"";"";"";"";"";""
"16/06/2025";"2100";"";"";"";"";"";"";"";"";"";"";"";"";"";"";"";"";""
"16/06/2025";"2200";"";"";"";"";"";"";"";"";"";"";"";"";"";"";"";"";""
"16/06/2025";"2300";"";"";"";"";"";"";"";"";"";"";"";"";"";"";"";"";""
"17/06/2025";"0000";"";"";"";"";"";"";"";"";"";"";"";"";"";"";"";"";""
"17/06/2025";"0100";"";"";"";"";"";"";"";"";"";"";"";"";"";"";"";"";""
"17/06/2025";"0200";"";"";"";"";"";"";"";"";"";"";"";"";"";"";"";"";""
"17/06/2025";"0300";"";"";"";"";"";"";"";"";"";"";"";"";"";"";"";"";""
"17/06/2025";"0400";"";"";"";"";"";"";"";"";"";"";"";"";"";"";"";"";""
"17/06/2025";"0500";"";"";"";"";"";"";"";"";"";"";"";"";"";"";"";"";""
"17/06/2025";"0600";"";"";"";"";"";"";"";"";"";"";"";"";"";"";"";"";""
"17/06/2025";"0700";"";"";"";"";"";"";"";"";"";"";"";"";"";"";"";"";""
"17/06/2025";"0800";"";"";"";"";"";"";"";"";"";"";"";"";"";"";"";"";""
"17/06/2025";"0900";"";"";"";"";"";"";"";"";"";"";"";"";"";"";"";"";""
"17/06/2025";"1000";"";"";"";"";"";"";"";"";"";"";"";"";"";"";"";"";""
"17/06/2025";"1100";"";"";"";"";"";"";"";"";"";"";"";"";"";"";"";"";""
"17/06/2025";"1200";"";"";"";"";"";"";"";"";"";"";"";"";"";"";"";"";""
"17/06/2025";"1300";"";"";"";"";"";"";"";"";"";"";"";"";"";"";"";"";""
"17/06/2025";"1400";"";"";"";"";"";"";"";"";"";"";"";"";"";"";"";"";""
"17/06/2025";"1500";"";"";"";"";"";"";"";"";"";"";"";"";"";"";"";"";""
"17/06/2025";"1600";"";"";"";"";"";"";"";"";"";"";"";"";"";"";"";"";""
"17/06/2025";"1700";"";"";"";"";"";"";"";"";"";"";"";"";"";"";"";"";""
"17/06/2025";"1800";"";"";"";"";"";"";"";"";"";"";"";"";"";"";"";"";""
"17/06/2025";"1900";"";"";"";"";"";"";"";"";"";"";"";"";"";"";"";"";""
"17/06/2025";"2000";"";"";"";"";"";"";"";"";"";"";"";"";"";"";"";"";""
"17/06/2025";"2100";"";"";"";"";"";"";"";"";"";"";"";"";"";"";"";"";""
"17/06/2025";"2200";"";"";"";"";"";"";"";"";"";"";"";"";"";"";"";"";""
"17/06/2025";"2300";"";"";"";"";"";"";"";"";"";"";"";"";"";"";"";"";""
"18/06/2025";"0000";"";"";"";"";"";"";"";"";"";"";"";"";"";"";"";"";""
"18/06/2025";"0100";"";"";"";"";"";"";"";"";"";"";"";"";"";"";"";"";""
"18/06/2025";"0200";"";"";"";"";"";"";"";"";"";"";"";"";"";"";"";"";""
"18/06/2025";"0300";"";"";"";"";"";"";"";"";"";"";"";"";"";"";"";"";""
"18/06/2025";"0400";"";"";"";"";"";"";"";"";"";"";"";"";"";"";"";"";""
"18/06/2025";"0500";"";"";"";"";"";"";"";"";"";"";"";"";"";"";"";"";""
"18/06/2025";"0600";"";"";"";"";"";"";"";"";"";"";"";"";"";"";"";"";""
"18/06/2025";"0700";"";"";"";"";"";"";"";"";"";"";"";"";"";"";"";"";""
"18/06/2025";"0800";"";"";"";"";"";"";"";"";"";"";"";"";"";"";"";"";""
"18/06/2025";"0900";"";"";"";"";"";"";"";"";"";"";"";"";"";"";"";"";""
"18/06/2025";"1000";"";"";"";"";"";"";"";"";"";"";"";"";"";"";"";"";""
"18/06/2025";"1100";"";"";"";"";"";"";"";"";"";"";"";"";"";"";"";"";""
"18/06/2025";"1200";"";"";"";"";"";"";"";"";"";"";"";"";"";"";"";"";""
"18/06/2025";"1300";"";"";"";"";"";"";"";"";"";"";"";"";"";"";"";"";""
"18/06/2025";"1400";"";"";"";"";"";"";"";"";"";"";"";"";"";"";"";"";""
"18/06/2025";"1500";"";"";"";"";"";"";"";"";"";"";"";"";"";"";"";"";""
"18/06/2025";"1600";"";"";"";"";"";"";"";"";"";"";"";"";"";"";"";"";""
"18/06/2025";"1700";"";"";"";"";"";"";"";"";"";"";"";"";"";"";"";"";""
"18/06/2025";"1800";"";"";"";"";"";"";"";"";"";"";"";"";"";"";"";"";""
"18/06/2025";"1900";"";"";"";"";"";"";"";"";"";"";"";"";"";"";"";"";""
"18/06/2025";"2000";"";"";"";"";"";"";"";"";"";"";"";"";"";"";"";"";""
"18/06/2025";"2100";"";"";"";"";"";"";"";"";"";"";"";"";"";"";"";"";""
"18/06/2025";"2200";"";"";"";"";"";"";"";"";"";"";"";"";"";"";"";"";""
"18/06/2025";"2300";"";"";"";"";"";"";"";"";"";"";"";"";"";"";"";"";""
"19/06/2025";"0000";"";"";"";"";"";"";"";"";"";"";"";"";"";"";"";"";""
"19/06/2025";"0100";"";"";"";"";"";"";"";"";"";"";"";"";"";"";"";"";""
"19/06/2025";"0200";"";"";"";"";"";"";"";"";"";"";"";"";"";"";"";"";""
"19/06/2025";"0300";"";"";"";"";"";"";"";"";"";"";"";"";"";"";"";"";""
"19/06/2025";"0400";"";"";"";"";"";"";"";"";"";"";"";"";"";"";"";"";""
"19/06/2025";"0500";"";"";"";"";"";"";"";"";"";"";"";"";"";"";"";"";""
"19/06/2025";"0600";"";"";"";"";"";"";"";"";"";"";"";"";"";"";"";"";""
"19/06/2025";"0700";"";"";"";"";"";"";"";"";"";"";"";"";"";"";"";"";""
"19/06/2025";"0800";"";"";"";"";"";"";"";"";"";"";"";"";"";"";"";"";""
"19/06/2025";"0900";"";"";"";"";"";"";"";"";"";"";"";"";"";"";"";"";""
"19/06/2025";"1000";"";"";"";"";"";"";"";"";"";"";"";"";"";"";"";"";""
"19/06/2025";"1100";"";"";"";"";"";"";"";"";"";"";"";"";"";"";"";"";""
"19/06/2025";"1200";"";"";"";"";"";"";"";"";"";"";"";"";"";"";"";"";""
"19/06/2025";"1300";"";"";"";"";"";"";"";"";"";"";"";"";"";"";"";"";""
"19/06/2025";"1400";"";"";"";"";"";"";"";"";"";"";"";"";"";"";"";"";""
"19/06/2025";"1500";"";"";"";"";"";"";"";"";"";"";"";"";"";"";"";"";""
"19/06/2025";"1600";"";"";"";"";"";"";"";"";"";"";"";"";"";"";"";"";""
"19/06/2025";"1700";"";"";"";"";"";"";"";"";"";"";"";"";"";"";"";"";""
"19/06/2025";"1800";"";"";"";"";"";"";"";"";"";"";"";"";"";"";"";"";""
"19/06/2025";"1900";"";"";"";"";"";"";"";"";"";"";"";"";"";"";"";"";""
"19/06/2025";"2000";"";"";"";"";"";"";"";"";"";"";"";"";"";"";"";"";""
"19/06/2025";"2100";"";"";"";"";"";"";"";"";"";"";"";"";"";"";"";"";""
"19/06/2025";"2200";"";"";"";"";"";"";"";"";"";"";"";"";"";"";"";"";""
"19/06/2025";"2300";"";"";"";"";"";"";"";"";"";"";"";"";"";"";"";"";""
"20/06/2025";"0000";"";"";"";"";"";"";"";"";"";"";"";"";"";"";"";"";""
"20/06/2025";"0100";"";"";"";"";"";"";"";"";"";"";"";"";"";"";"";"";""
"20/06/2025";"0200";"";"";"";"";"";"";"";"";"";"";"";"";"";"";"";"";""
"20/06/2025";"0300";"";"";"";"";"";"";"";"";"";"";"";"";"";"";"";"";""
"20/06/2025";"0400";"";"";"";"";"";"";"";"";"";"";"";"";"";"";"";"";""
"20/06/2025";"0500";"";"";"";"";"";"";"";"";"";"";"";"";"";"";"";"";""
"20/06/2025";"0600";"";"";"";"";"";"";"";"";"";"";"";"";"";"";"";"";""
"20/06/2025";"0700";"";"";"";"";"";"";"";"";"";"";"";"";"";"";"";"";""
"20/06/2025";"0800";"";"";"";"";"";"";"";"";"";"";"";"";"";"";"";"";""
"20/06/2025";"0900";"";"";"";"";"";"";"";"";"";"";"";"";"";"";"";"";""
"20/06/2025";"1000";"";"";"";"";"";"";"";"";"";"";"";"";"";"";"";"";""
"20/06/2025";"1100";"";"";"";"";"";"";"";"";"";"";"";"";"";"";"";"";""
"20/06/2025";"1200";"";"";"";"";"";"";"";"";"";"";"";"";"";"";"";"";""
"20/06/2025";"1300";"";"";"";"";"";"";"";"";"";"";"";"";"";"";"";"";""
"20/06/2025";"1400";"";"";"";"";"";"";"";"";"";"";"";"";"";"";"";"";""
"20/06/2025";"1500";"";"";"";"";"";"";"";"";"";"";"";"";"";"";"";"";""
"20/06/2025";"1600";"";"";"";"";"";"";"";"";"";"";"";"";"";"";"";"";""
"20/06/2025";"1700";"";"";"";"";"";"";"";"";"";"";"";"";"";"";"";"";""
"20/06/2025";"1800";"";"";"";"";"";"";"";"";"";"";"";"";"";"";"";"";""
"20/06/2025";"1900";"";"";"";"";"";"";"";"";"";"";"";"";"";"";"";"";""
"20/06/2025";"2000";"";"";"";"";"";"";"";"";"";"";"";"";"";"";"";"";""
"20/06/2025";"2100";"";"";"";"";"";"";"";"";"";"";"";"";"";"";"";"";""
"20/06/2025";"2200";"";"";"";"";"";"";"";"";"";"";"";"";"";"";"";"";""
"20/06/2025";"2300";"";"";"";"";"";"";"";"";"";"";"";"";"";"";"";"";""
"21/06/2025";"0000";"";"";"";"";"";"";"";"";"";"";"";"";"";"";"";"";""
"21/06/2025";"0100";"";"";"";"";"";"";"";"";"";"";"";"";"";"";"";"";""
"21/06/2025";"0200";"";"";"";"";"";"";"";"";"";"";"";"";"";"";"";"";""
"21/06/2025";"0300";"";"";"";"";"";"";"";"";"";"";"";"";"";"";"";"";""
"21/06/2025";"0400";"";"";"";"";"";"";"";"";"";"";"";"";"";"";"";"";""
"21/06/2025";"0500";"";"";"";"";"";"";"";"";"";"";"";"";"";"";"";"";""
"21/06/2025";"0600";"";"";"";"";"";"";"";"";"";"";"";"";"";"";"";"";""
"21/06/2025";"0700";"";"";"";"";"";"";"";"";"";"";"";"";"";"";"";"";""
"21/06/2025";"0800";"";"";"";"";"";"";"";"";"";"";"";"";"";"";"";"";""
"21/06/2025";"0900";"";"";"";"";"";"";"";"";"";"";"";"";"";"";"";"";""
"21/06/2025";"1000";"";"";"";"";"";"";"";"";"";"";"";"";"";"";"";"";""
"21/06/2025";"1100";"";"";"";"";"";"";"";"";"";"";"";"";"";"";"";"";""
"21/06/2025";"1200";"";"";"";"";"";"";"";"";"";"";"";"";"";"";"";"";""
"21/06/2025";"1300";"";"";"";"";"";"";"";"";"";"";"";"";"";"";"";"";""
"21/06/2025";"1400";"";"";"";"";"";"";"";"";"";"";"";"";"";"";"";"";""
"21/06/2025";"1500";"";"";"";"";"";"";"";"";"";"";"";"";"";"";"";"";""
"21/06/2025";"1600";"";"";"";"";"";"";"";"";"";"";"";"";"";"";"";"";""
"21/06/2025";"1700";"";"";"";"";"";"";"";"";"";"";"";"";"";"";"";"";""
"21/06/2025";"1800";"";"";"";"";"";"";"";"";"";"";"";"";"";"";"";"";""
"21/06/2025";"1900";"";"";"";"";"";"";"";"";"";"";"";"";"";"";"";"";""
"21/06/2025";"2000";"";"";"";"";"";"";"";"";"";"";"";"";"";"";"";"";""
"21/06/2025";"2100";"";"";"";"";"";"";"";"";"";"";"";"";"";"";"";"";""
"21/06/2025";"2200";"";"";"";"";"";"";"";"";"";"";"";"";"";"";"";"";""
"21/06/2025";"2300";"";"";"";"";"";"";"";"";"";"";"";"";"";"";"";"";""
"22/06/2025";"0000";"";"";"";"";"";"";"";"";"";"";"";"";"";"";"";"";""
"22/06/2025";"0100";"";"";"";"";"";"";"";"";"";"";"";"";"";"";"";"";""
"22/06/2025";"0200";"";"";"";"";"";"";"";"";"";"";"";"";"";"";"";"";""
"22/06/2025";"0300";"";"";"";"";"";"";"";"";"";"";"";"";"";"";"";"";""
"22/06/2025";"0400";"";"";"";"";"";"";"";"";"";"";"";"";"";"";"";"";""
"22/06/2025";"0500";"";"";"";"";"";"";"";"";"";"";"";"";"";"";"";"";""
"22/06/2025";"0600";"";"";"";"";"";"";"";"";"";"";"";"";"";"";"";"";""
"22/06/2025";"0700";"";"";"";"";"";"";"";"";"";"";"";"";"";"";"";"";""
"22/06/2025";"0800";"";"";"";"";"";"";"";"";"";"";"";"";"";"";"";"";""
"22/06/2025";"0900";"";"";"";"";"";"";"";"";"";"";"";"";"";"";"";"";""
"22/06/2025";"1000";"";"";"";"";"";"";"";"";"";"";"";"";"";"";"";"";""
"22/06/2025";"1100";"";"";"";"";"";"";"";"";"";"";"";"";"";"";"";"";""
"22/06/2025";"1200";"";"";"";"";"";"";"";"";"";"";"";"";"";"";"";"";""
"22/06/2025";"1300";"";"";"";"";"";"";"";"";"";"";"";"";"";"";"";"";""
"22/06/2025";"1400";"";"";"";"";"";"";"";"";"";"";"";"";"";"";"";"";""
"22/06/2025";"1500";"";"";"";"";"";"";"";"";"";"";"";"";"";"";"";"";""
"22/06/2025";"1600";"";"";"";"";"";"";"";"";"";"";"";"";"";"";"";"";""
"22/06/2025";"1700";"";"";"";"";"";"";"";"";"";"";"";"";"";"";"";"";""
"22/06/2025";"1800";"";"";"";"";"";"";"";"";"";"";"";"";"";"";"";"";""
"22/06/2025";"1900";"";"";"";"";"";"";"";"";"";"";"";"";"";"";"";"";""
"22/06/2025";"2000";"";"";"";"";"";"";"";"";"";"";"";"";"";"";"";"";""
"22/06/2025";"2100";"";"";"";"";"";"";"";"";"";"";"";"";"";"";"";"";""
"22/06/2025";"2200";"";"";"";"";"";"";"";"";"";"";"";"";"";"";"";"";""
"22/06/2025";"2300";"";"";"";"";"";"";"";"";"";"";"";"";"";"";"";"";""
"23/06/2025";"0000";"";"";"";"";"";"";"";"";"";"";"";"";"";"";"";"";""
"23/06/2025";"0100";"";"";"";"";"";"";"";"";"";"";"";"";"";"";"";"";""
"23/06/2025";"0200";"";"";"";"";"";"";"";"";"";"";"";"";"";"";"";"";""
"23/06/2025";"0300";"";"";"";"";"";"";"";"";"";"";"";"";"";"";"";"";""
"23/06/2025";"0400";"";"";"";"";"";"";"";"";"";"";"";"";"";"";"";"";""
"23/06/2025";"0500";"";"";"";"";"";"";"";"";"";"";"";"";"";"";"";"";""
"23/06/2025";"0600";"";"";"";"";"";"";"";"";"";"";"";"";"";"";"";"";""
"23/06/2025";"0700";"";"";"";"";"";"";"";"";"";"";"";"";"";"";"";"";""
"23/06/2025";"0800";"";"";"";"";"";"";"";"";"";"";"";"";"";"";"";"";""
"23/06/2025";"0900";"";"";"";"";"";"";"";"";"";"";"";"";"";"";"";"";""
"23/06/2025";"1000";"";"";"";"";"";"";"";"";"";"";"";"";"";"";"";"";""
"23/06/2025";"1100";"";"";"";"";"";"";"";"";"";"";"";"";"";"";"";"";""
"23/06/2025";"1200";"";"";"";"";"";"";"";"";"";"";"";"";"";"";"";"";""
"23/06/2025";"1300";"";"";"";"";"";"";"";"";"";"";"";"";"";"";"";"";""
"23/06/2025";"1400";"";"";"";"";"";"";"";"";"";"";"";"";"";"";"";"";""
"23/06/2025";"1500";"";"";"";"";"";"";"";"";"";"";"";"";"";"";"";"";""
"23/06/2025";"1600";"";"";"";"";"";"";"";"";"";"";"";"";"";"";"";"";""
"23/06/2025";"1700";"";"";"";"";"";"";"";"";"";"";"";"";"";"";"";"";""
"23/06/2025";"1800";"";"";"";"";"";"";"";"";"";"";"";"";"";"";"";"";""
"23/06/2025";"1900";"";"";"";"";"";"";"";"";"";"";"";"";"";"";"";"";""
"23/06/2025";"2000";"";"";"";"";"";"";"";"";"";"";"";"";"";"";"";"";""
"23/06/2025";"2100";"";"";"";"";"";"";"";"";"";"";"";"";"";"";"";"";""
"23/06/2025";"2200";"";"";"";"";"";"";"";"";"";"";"";"";"";"";"";"";""
"23/06/2025";"2300";"";"";"";"";"";"";"";"";"";"";"";"";"";"";"";"";""
"24/06/2025";"0000";"";"";"";"";"";"";"";"";"";"";"";"";"";"";"";"";""
"24/06/2025";"0100";"";"";"";"";"";"";"";"";"";"";"";"";"";"";"";"";""
"24/06/2025";"0200";"";"";"";"";"";"";"";"";"";"";"";"";"";"";"";"";""
"24/06/2025";"0300";"";"";"";"";"";"";"";"";"";"";"";"";"";"";"";"";""
"24/06/2025";"0400";"";"";"";"";"";"";"";"";"";"";"";"";"";"";"";"";""
"24/06/2025";"0500";"";"";"";"";"";"";"";"";"";"";"";"";"";"";"";"";""
"24/06/2025";"0600";"";"";"";"";"";"";"";"";"";"";"";"";"";"";"";"";""
"24/06/2025";"0700";"";"";"";"";"";"";"";"";"";"";"";"";"";"";"";"";""
"24/06/2025";"0800";"";"";"";"";"";"";"";"";"";"";"";"";"";"";"";"";""
"24/06/2025";"0900";"";"";"";"";"";"";"";"";"";"";"";"";"";"";"";"";""
"24/06/2025";"1000";"";"";"";"";"";"";"";"";"";"";"";"";"";"";"";"";""
"24/06/2025";"1100";"";"";"";"";"";"";"";"";"";"";"";"";"";"";"";"";""
"24/06/2025";"1200";"";"";"";"";"";"";"";"";"";"";"";"";"";"";"";"";""
"24/06/2025";"1300";"";"";"";"";"";"";"";"";"";"";"";"";"";"";"";"";""
"24/06/2025";"1400";"";"";"";"";"";"";"";"";"";"";"";"";"";"";"";"";""
"24/06/2025";"1500";"";"";"";"";"";"";"";"";"";"";"";"";"";"";"";"";""
"24/06/2025";"1600";"";"";"";"";"";"";"";"";"";"";"";"";"";"";"";"";""
"24/06/2025";"1700";"";"";"";"";"";"";"";"";"";"";"";"";"";"";"";"";""
"24/06/2025";"1800";"";"";"";"";"";"";"";"";"";"";"";"";"";"";"";"";""
"24/06/2025";"1900";"";"";"";"";"";"";"";"";"";"";"";"";"";"";"";"";""
"24/06/2025";"2000";"";"";"";"";"";"";"";"";"";"";"";"";"";"";"";"";""
"24/06/2025";"2100";"";"";"";"";"";"";"";"";"";"";"";"";"";"";"";"";""
"24/06/2025";"2200";"";"";"";"";"";"";"";"";"";"";"";"";"";"";"";"";""
"24/06/2025";"2300";"";"";"";"";"";"";"";"";"";"";"";"";"";"";"";"";""
"25/06/2025";"0000";"";"";"";"";"";"";"";"";"";"";"";"";"";"";"";"";""
"25/06/2025";"0100";"";"";"";"";"";"";"";"";"";"";"";"";"";"";"";"";""
"25/06/2025";"0200";"";"";"";"";"";"";"";"";"";"";"";"";"";"";"";"";""
"25/06/2025";"0300";"";"";"";"";"";"";"";"";"";"";"";"";"";"";"";"";""
"25/06/2025";"0400";"";"";"";"";"";"";"";"";"";"";"";"";"";"";"";"";""
"25/06/2025";"0500";"";"";"";"";"";"";"";"";"";"";"";"";"";"";"";"";""
"25/06/2025";"0600";"";"";"";"";"";"";"";"";"";"";"";"";"";"";"";"";""
"25/06/2025";"0700";"";"";"";"";"";"";"";"";"";"";"";"";"";"";"";"";""
"25/06/2025";"0800";"";"";"";"";"";"";"";"";"";"";"";"";"";"";"";"";""
"25/06/2025";"0900";"";"";"";"";"";"";"";"";"";"";"";"";"";"";"";"";""
"25/06/2025";"1000";"";"";"";"";"";"";"";"";"";"";"";"";"";"";"";"";""
"25/06/2025";"1100";"";"";"";"";"";"";"";"";"";"";"";"";"";"";"";"";""
"25/06/2025";"1200";"";"";"";"";"";"";"";"";"";"";"";"";"";"";"";"";""
"25/06/2025";"1300";"";"";"";"";"";"";"";"";"";"";"";"";"";"";"";"";""
"25/06/2025";"1400";"";"";"";"";"";"";"";"";"";"";"";"";"";"";"";"";""
"25/06/2025";"1500";"";"";"";"";"";"";"";"";"";"";"";"";"";"";"";"";""
"25/06/2025";"1600";"";"";"";"";"";"";"";"";"";"";"";"";"";"";"";"";""
"25/06/2025";"1700";"";"";"";"";"";"";"";"";"";"";"";"";"";"";"";"";""
"25/06/2025";"1800";"";"";"";"";"";"";"";"";"";"";"";"";"";"";"";"";""
"25/06/2025";"1900";"";"";"";"";"";"";"";"";"";"";"";"";"";"";"";"";""
"25/06/2025";"2000";"";"";"";"";"";"";"";"";"";"";"";"";"";"";"";"";""
"25/06/2025";"2100";"";"";"";"";"";"";"";"";"";"";"";"";"";"";"";"";""
"25/06/2025";"2200";"";"";"";"";"";"";"";"";"";"";"";"";"";"";"";"";""
"25/06/2025";"2300";"";"";"";"";"";"";"";"";"";"";"";"";"";"";"";"";""
"26/06/2025";"0000";"";"";"";"";"";"";"";"";"";"";"";"";"";"";"";"";""
"26/06/2025";"0100";"";"";"";"";"";"";"";"";"";"";"";"";"";"";"";"";""
"26/06/2025";"0200";"";"";"";"";"";"";"";"";"";"";"";"";"";"";"";"";""
"26/06/2025";"0300";"";"";"";"";"";"";"";"";"";"";"";"";"";"";"";"";""
"26/06/2025";"0400";"";"";"";"";"";"";"";"";"";"";"";"";"";"";"";"";""
"26/06/2025";"0500";"";"";"";"";"";"";"";"";"";"";"";"";"";"";"";"";""
"26/06/2025";"0600";"";"";"";"";"";"";"";"";"";"";"";"";"";"";"";"";""
"26/06/2025";"0700";"";"";"";"";"";"";"";"";"";"";"";"";"";"";"";"";""
"26/06/2025";"0800";"";"";"";"";"";"";"";"";"";"";"";"";"";"";"";"";""
"26/06/2025";"0900";"";"";"";"";"";"";"";"";"";"";"";"";"";"";"";"";""
"26/06/2025";"1000";"";"";"";"";"";"";"";"";"";"";"";"";"";"";"";"";""
"26/06/2025";"1100";"";"";"";"";"";"";"";"";"";"";"";"";"";"";"";"";""
"26/06/2025";"1200";"";"";"";"";"";"";"";"";"";"";"";"";"";"";"";"";""
"26/06/2025";"1300";"";"";"";"";"";"";"";"";"";"";"";"";"";"";"";"";""
"26/06/2025";"1400";"";"";"";"";"";"";"";"";"";"";"";"";"";"";"";"";""
"26/06/2025";"1500";"";"";"";"";"";"";"";"";"";"";"";"";"";"";"";"";""
"26/06/2025";"1600";"";"";"";"";"";"";"";"";"";"";"";"";"";"";"";"";""
"26/06/2025";"1700";"";"";"";"";"";"";"";"";"";"";"";"";"";"";"";"";""
"26/06/2025";"1800";"";"";"";"";"";"";"";"";"";"";"";"";"";"";"";"";""
"26/06/2025";"1900";"";"";"";"";"";"";"";"";"";"";"";"";"";"";"";"";""
"26/06/2025";"2000";"";"";"";"";"";"";"";"";"";"";"";"";"";"";"";"";""
"26/06/2025";"2100";"";"";"";"";"";"";"";"";"";"";"";"";"";"";"";"";""
"26/06/2025";"2200";"";"";"";"";"";"";"";"";"";"";"";"";"";"";"";"";""
"26/06/2025";"2300";"";"";"";"";"";"";"";"";"";"";"";"";"";"";"";"";""
"27/06/2025";"0000";"";"";"";"";"";"";"";"";"";"";"";"";"";"";"";"";""
"27/06/2025";"0100";"";"";"";"";"";"";"";"";"";"";"";"";"";"";"";"";""
"27/06/2025";"0200";"";"";"";"";"";"";"";"";"";"";"";"";"";"";"";"";""
"27/06/2025";"0300";"";"";"";"";"";"";"";"";"";"";"";"";"";"";"";"";""
"27/06/2025";"0400";"";"";"";"";"";"";"";"";"";"";"";"";"";"";"";"";""
"27/06/2025";"0500";"";"";"";"";"";"";"";"";"";"";"";"";"";"";"";"";""
"27/06/2025";"0600";"";"";"";"";"";"";"";"";"";"";"";"";"";"";"";"";""
"27/06/2025";"0700";"";"";"";"";"";"";"";"";"";"";"";"";"";"";"";"";""
"27/06/2025";"0800";"";"";"";"";"";"";"";"";"";"";"";"";"";"";"";"";""
"27/06/2025";"0900";"";"";"";"";"";"";"";"";"";"";"";"";"";"";"";"";""
"27/06/2025";"1000";"";"";"";"";"";"";"";"";"";"";"";"";"";"";"";"";""
"27/06/2025";"1100";"";"";"";"";"";"";"";"";"";"";"";"";"";"";"";"";""
"27/06/2025";"1200";"";"";"";"";"";"";"";"";"";"";"";"";"";"";"";"";""
"27/06/2025";"1300";"";"";"";"";"";"";"";"";"";"";"";"";"";"";"";"";""
"27/06/2025";"1400";"";"";"";"";"";"";"";"";"";"";"";"";"";"";"";"";""
"27/06/2025";"1500";"";"";"";"";"";"";"";"";"";"";"";"";"";"";"";"";""
"27/06/2025";"1600";"";"";"";"";"";"";"";"";"";"";"";"";"";"";"";"";""
"27/06/2025";"1700";"";"";"";"";"";"";"";"";"";"";"";"";"";"";"";"";""
"27/06/2025";"1800";"";"";"";"";"";"";"";"";"";"";"";"";"";"";"";"";""
"27/06/2025";"1900";"";"";"";"";"";"";"";"";"";"";"";"";"";"";"";"";""
"27/06/2025";"2000";"";"";"";"";"";"";"";"";"";"";"";"";"";"";"";"";""
"27/06/2025";"2100";"";"";"";"";"";"";"";"";"";"";"";"";"";"";"";"";""
"27/06/2025";"2200";"";"";"";"";"";"";"";"";"";"";"";"";"";"";"";"";""
"27/06/2025";"2300";"";"";"";"";"";"";"";"";"";"";"";"";"";"";"";"";""
"28/06/2025";"0000";"";"";"";"";"";"";"";"";"";"";"";"";"";"";"";"";""
"28/06/2025";"0100";"";"";"";"";"";"";"";"";"";"";"";"";"";"";"";"";""
"28/06/2025";"0200";"";"";"";"";"";"";"";"";"";"";"";"";"";"";"";"";""
"28/06/2025";"0300";"";"";"";"";"";"";"";"";"";"";"";"";"";"";"";"";""
"28/06/2025";"0400";"";"";"";"";"";"";"";"";"";"";"";"";"";"";"";"";""
"28/06/2025";"0500";"";"";"";"";"";"";"";"";"";"";"";"";"";"";"";"";""
"28/06/2025";"0600";"";"";"";"";"";"";"";"";"";"";"";"";"";"";"";"";""
"28/06/2025";"0700";"";"";"";"";"";"";"";"";"";"";"";"";"";"";"";"";""
"28/06/2025";"0800";"";"";"";"";"";"";"";"";"";"";"";"";"";"";"";"";""
"28/06/2025";"0900";"";"";"";"";"";"";"";"";"";"";"";"";"";"";"";"";""
"28/06/2025";"1000";"";"";"";"";"";"";"";"";"";"";"";"";"";"";"";"";""
"28/06/2025";"1100";"";"";"";"";"";"";"";"";"";"";"";"";"";"";"";"";""
"28/06/2025";"1200";"";"";"";"";"";"";"";"";"";"";"";"";"";"";"";"";""
"28/06/2025";"1300";"";"";"";"";"";"";"";"";"";"";"";"";"";"";"";"";""
"28/06/2025";"1400";"";"";"";"";"";"";"";"";"";"";"";"";"";"";"";"";""
"28/06/2025";"1500";"";"";"";"";"";"";"";"";"";"";"";"";"";"";"";"";""
"28/06/2025";"1600";"";"";"";"";"";"";"";"";"";"";"";"";"";"";"";"";""
"28/06/2025";"1700";"";"";"";"";"";"";"";"";"";"";"";"";"";"";"";"";""
"28/06/2025";"1800";"";"";"";"";"";"";"";"";"";"";"";"";"";"";"";"";""
"28/06/2025";"1900";"";"";"";"";"";"";"";"";"";"";"";"";"";"";"";"";""
"28/06/2025";"2000";"";"";"";"";"";"";"";"";"";"";"";"";"";"";"";"";""
"28/06/2025";"2100";"";"";"";"";"";"";"";"";"";"";"";"";"";"";"";"";""
"28/06/2025";"2200";"";"";"";"";"";"";"";"";"";"";"";"";"";"";"";"";""
"28/06/2025";"2300";"";"";"";"";"";"";"";"";"";"";"";"";"";"";"";"";""
"29/06/2025";"0000";"";"";"";"";"";"";"";"";"";"";"";"";"";"";"";"";""
"29/06/2025";"0100";"";"";"";"";"";"";"";"";"";"";"";"";"";"";"";"";""
"29/06/2025";"0200";"";"";"";"";"";"";"";"";"";"";"";"";"";"";"";"";""
"29/06/2025";"0300";"";"";"";"";"";"";"";"";"";"";"";"";"";"";"";"";""
"29/06/2025";"0400";"";"";"";"";"";"";"";"";"";"";"";"";"";"";"";"";""
"29/06/2025";"0500";"";"";"";"";"";"";"";"";"";"";"";"";"";"";"";"";""
"29/06/2025";"0600";"";"";"";"";"";"";"";"";"";"";"";"";"";"";"";"";""
"29/06/2025";"0700";"";"";"";"";"";"";"";"";"";"";"";"";"";"";"";"";""
"29/06/2025";"0800";"";"";"";"";"";"";"";"";"";"";"";"";"";"";"";"";""
"29/06/2025";"0900";"";"";"";"";"";"";"";"";"";"";"";"";"";"";"";"";""
"29/06/2025";"1000";"";"";"";"";"";"";"";"";"";"";"";"";"";"";"";"";""
"29/06/2025";"1100";"";"";"";"";"";"";"";"";"";"";"";"";"";"";"";"";""
"29/06/2025";"1200";"";"";"";"";"";"";"";"";"";"";"";"";"";"";"";"";""
"29/06/2025";"1300";"";"";"";"";"";"";"";"";"";"";"";"";"";"";"";"";""
"29/06/2025";"1400";"";"";"";"";"";"";"";"";"";"";"";"";"";"";"";"";""
"29/06/2025";"1500";"";"";"";"";"";"";"";"";"";"";"";"";"";"";"";"";""
"29/06/2025";"1600";"";"";"";"";"";"";"";"";"";"";"";"";"";"";"";"";""
"29/06/2025";"1700";"";"";"";"";"";"";"";"";"";"";"";"";"";"";"";"";""
"29/06/2025";"1800";"";"";"";"";"";"";"";"";"";"";"";"";"";"";"";"";""
"29/06/2025";"1900";"";"";"";"";"";"";"";"";"";"";"";"";"";"";"";"";""
"29/06/2025";"2000";"";"";"";"";"";"";"";"";"";"";"";"";"";"";"";"";""
"29/06/2025";"2100";"";"";"";"";"";"";"";"";"";"";"";"";"";"";"";"";""
"29/06/2025";"2200";"";"";"";"";"";"";"";"";"";"";"";"";"";"";"";"";""
"29/06/2025";"2300";"";"";"";"";"";"";"";"";"";"";"";"";"";"";"";"";""
"30/06/2025";"0000";"";"";"";"";"";"";"";"";"";"";"";"";"";"";"";"";""
"30/06/2025";"0100";"";"";"";"";"";"";"";"";"";"";"";"";"";"";"";"";""
"30/06/2025";"0200";"";"";"";"";"";"";"";"";"";"";"";"";"";"";"";"";""
"30/06/2025";"0300";"";"";"";"";"";"";"";"";"";"";"";"";"";"";"";"";""
"30/06/2025";"0400";"";"";"";"";"";"";"";"";"";"";"";"";"";"";"";"";""
"30/06/2025";"0500";"";"";"";"";"";"";"";"";"";"";"";"";"";"";"";"";""
"30/06/2025";"0600";"";"";"";"";"";"";"";"";"";"";"";"";"";"";"";"";""
"30/06/2025";"0700";"";"";"";"";"";"";"";"";"";"";"";"";"";"";"";"";""
"30/06/2025";"0800";"";"";"";"";"";"";"";"";"";"";"";"";"";"";"";"";""
"30/06/2025";"0900";"";"";"";"";"";"";"";"";"";"";"";"";"";"";"";"";""
"30/06/2025";"1000";"";"";"";"";"";"";"";"";"";"";"";"";"";"";"";"";""
"30/06/2025";"1100";"";"";"";"";"";"";"";"";"";"";"";"";"";"";"";"";""
"30/06/2025";"1200";"";"";"";"";"";"";"";"";"";"";"";"";"";"";"";"";""
"30/06/2025";"1300";"";"";"";"";"";"";"";"";"";"";"";"";"";"";"";"";""
"30/06/2025";"1400";"";"";"";"";"";"";"";"";"";"";"";"";"";"";"";"";""
"30/06/2025";"1500";"";"";"";"";"";"";"";"";"";"";"";"";"";"";"";"";""
"30/06/2025";"1600";"";"";"";"";"";"";"";"";"";"";"";"";"";"";"";"";""
"30/06/2025";"1700";"";"";"";"";"";"";"";"";"";"";"";"";"";"";"";"";""
"30/06/2025";"1800";"";"";"";"";"";"";"";"";"";"";"";"";"";"";"";"";""
"30/06/2025";"1900";"";"";"";"";"";"";"";"";"";"";"";"";"";"";"";"";""
"30/06/2025";"2000";"";"";"";"";"";"";"";"";"";"";"";"";"";"";"";"";""
"30/06/2025";"2100";"";"";"";"";"";"";"";"";"";"";"";"";"";"";"";"";""
"30/06/2025";"2200";"";"";"";"";"";"";"";"";"";"";"";"";"";"";"";"";""
"30/06/2025";"2300";"";"";"";"";"";"";"";"";"";"";"";"";"";"";"";"";""
"01/07/2025";"0000";"";"";"";"";"";"";"";"";"";"";"";"";"";"";"";"";""
"01/07/2025";"0100";"";"";"";"";"";"";"";"";"";"";"";"";"";"";"";"";""
"01/07/2025";"0200";"";"";"";"";"";"";"";"";"";"";"";"";"";"";"";"";""
"01/07/2025";"0300";"";"";"";"";"";"";"";"";"";"";"";"";"";"";"";"";""
"01/07/2025";"0400";"";"";"";"";"";"";"";"";"";"";"";"";"";"";"";"";""
"01/07/2025";"0500";"";"";"";"";"";"";"";"";"";"";"";"";"";"";"";"";""
"01/07/2025";"0600";"";"";"";"";"";"";"";"";"";"";"";"";"";"";"";"";""
"01/07/2025";"0700";"";"";"";"";"";"";"";"";"";"";"";"";"";"";"";"";""
"01/07/2025";"0800";"";"";"";"";"";"";"";"";"";"";"";"";"";"";"";"";""
"01/07/2025";"0900";"";"";"";"";"";"";"";"";"";"";"";"";"";"";"";"";""
"01/07/2025";"1000";"";"";"";"";"";"";"";"";"";"";"";"";"";"";"";"";""
"01/07/2025";"1100";"";"";"";"";"";"";"";"";"";"";"";"";"";"";"";"";""
"01/07/2025";"1200";"";"";"";"";"";"";"";"";"";"";"";"";"";"";"";"";""
"01/07/2025";"1300";"";"";"";"";"";"";"";"";"";"";"";"";"";"";"";"";""
"01/07/2025";"1400";"";"";"";"";"";"";"";"";"";"";"";"";"";"";"";"";""
"01/07/2025";"1500";"";"";"";"";"";"";"";"";"";"";"";"";"";"";"";"";""
"01/07/2025";"1600";"";"";"";"";"";"";"";"";"";"";"";"";"";"";"";"";""
"01/07/2025";"1700";"";"";"";"";"";"";"";"";"";"";"";"";"";"";"";"";""
"01/07/2025";"1800";"";"";"";"";"";"";"";"";"";"";"";"";"";"";"";"";""
"01/07/2025";"1900";"";"";"";"";"";"";"";"";"";"";"";"";"";"";"";"";""
"01/07/2025";"2000";"";"";"";"";"";"";"";"";"";"";"";"";"";"";"";"";""
"01/07/2025";"2100";"";"";"";"";"";"";"";"";"";"";"";"";"";"";"";"";""
"01/07/2025";"2200";"";"";"";"";"";"";"";"";"";"";"";"";"";"";"";"";""
"01/07/2025";"2300";"";"";"";"";"";"";"";"";"";"";"";"";"";"";"";"";""
"02/07/2025";"0000";"";"";"";"";"";"";"";"";"";"";"";"";"";"";"";"";""
"02/07/2025";"0100";"";"";"";"";"";"";"";"";"";"";"";"";"";"";"";"";""
"02/07/2025";"0200";"";"";"";"";"";"";"";"";"";"";"";"";"";"";"";"";""
"02/07/2025";"0300";"";"";"";"";"";"";"";"";"";"";"";"";"";"";"";"";""
"02/07/2025";"0400";"";"";"";"";"";"";"";"";"";"";"";"";"";"";"";"";""
"02/07/2025";"0500";"";"";"";"";"";"";"";"";"";"";"";"";"";"";"";"";""
"02/07/2025";"0600";"";"";"";"";"";"";"";"";"";"";"";"";"";"";"";"";""
"02/07/2025";"0700";"";"";"";"";"";"";"";"";"";"";"";"";"";"";"";"";""
"02/07/2025";"0800";"";"";"";"";"";"";"";"";"";"";"";"";"";"";"";"";""
"02/07/2025";"0900";"";"";"";"";"";"";"";"";"";"";"";"";"";"";"";"";""
"02/07/2025";"1000";"";"";"";"";"";"";"";"";"";"";"";"";"";"";"";"";""
"02/07/2025";"1100";"";"";"";"";"";"";"";"";"";"";"";"";"";"";"";"";""
"02/07/2025";"1200";"";"";"";"";"";"";"";"";"";"";"";"";"";"";"";"";""
"02/07/2025";"1300";"";"";"";"";"";"";"";"";"";"";"";"";"";"";"";"";""
"02/07/2025";"1400";"";"";"";"";"";"";"";"";"";"";"";"";"";"";"";"";""
"02/07/2025";"1500";"";"";"";"";"";"";"";"";"";"";"";"";"";"";"";"";""
"02/07/2025";"1600";"";"";"";"";"";"";"";"";"";"";"";"";"";"";"";"";""
"02/07/2025";"1700";"";"";"";"";"";"";"";"";"";"";"";"";"";"";"";"";""
"02/07/2025";"1800";"";"";"";"";"";"";"";"";"";"";"";"";"";"";"";"";""
"02/07/2025";"1900";"";"";"";"";"";"";"";"";"";"";"";"";"";"";"";"";""
"02/07/2025";"2000";"";"";"";"";"";"";"";"";"";"";"";"";"";"";"";"";""
"02/07/2025";"2100";"";"";"";"";"";"";"";"";"";"";"";"";"";"";"";"";""
"02/07/2025";"2200";"";"";"";"";"";"";"";"";"";"";"";"";"";"";"";"";""
"02/07/2025";"2300";"";"";"";"";"";"";"";"";"";"";"";"";"";"";"";"";""
"03/07/2025";"0000";"";"";"";"";"";"";"";"";"";"";"";"";"";"";"";"";""
"03/07/2025";"0100";"";"";"";"";"";"";"";"";"";"";"";"";"";"";"";"";""
"03/07/2025";"0200";"";"";"";"";"";"";"";"";"";"";"";"";"";"";"";"";""
"03/07/2025";"0300";"";"";"";"";"";"";"";"";"";"";"";"";"";"";"";"";""
"03/07/2025";"0400";"";"";"";"";"";"";"";"";"";"";"";"";"";"";"";"";""
"03/07/2025";"0500";"";"";"";"";"";"";"";"";"";"";"";"";"";"";"";"";""
"03/07/2025";"0600";"";"";"";"";"";"";"";"";"";"";"";"";"";"";"";"";""
"03/07/2025";"0700";"";"";"";"";"";"";"";"";"";"";"";"";"";"";"";"";""
"03/07/2025";"0800";"";"";"";"";"";"";"";"";"";"";"";"";"";"";"";"";""
"03/07/2025";"0900";"";"";"";"";"";"";"";"";"";"";"";"";"";"";"";"";""
"03/07/2025";"1000";"";"";"";"";"";"";"";"";"";"";"";"";"";"";"";"";""
"03/07/2025";"1100";"";"";"";"";"";"";"";"";"";"";"";"";"";"";"";"";""
"03/07/2025";"1200";"";"";"";"";"";"";"";"";"";"";"";"";"";"";"";"";""
"03/07/2025";"1300";"";"";"";"";"";"";"";"";"";"";"";"";"";"";"";"";""
"03/07/2025";"1400";"";"";"";"";"";"";"";"";"";"";"";"";"";"";"";"";""
"03/07/2025";"1500";"";"";"";"";"";"";"";"";"";"";"";"";"";"";"";"";""
"03/07/2025";"1600";"";"";"";"";"";"";"";"";"";"";"";"";"";"";"";"";""
"03/07/2025";"1700";"";"";"";"";"";"";"";"";"";"";"";"";"";"";"";"";""
"03/07/2025";"1800";"";"";"";"";"";"";"";"";"";"";"";"";"";"";"";"";""
"03/07/2025";"1900";"";"";"";"";"";"";"";"";"";"";"";"";"";"";"";"";""
"03/07/2025";"2000";"";"";"";"";"";"";"";"";"";"";"";"";"";"";"";"";""
"03/07/2025";"2100";"";"";"";"";"";"";"";"";"";"";"";"";"";"";"";"";""
"03/07/2025";"2200";"";"";"";"";"";"";"";"";"";"";"";"";"";"";"";"";""
"03/07/2025";"2300";"";"";"";"";"";"";"";"";"";"";"";"";"";"";"";"";""
"04/07/2025";"0000";"";"";"";"";"";"";"";"";"";"";"";"";"";"";"";"";""
"04/07/2025";"0100";"";"";"";"";"";"";"";"";"";"";"";"";"";"";"";"";""
"04/07/2025";"0200";"";"";"";"";"";"";"";"";"";"";"";"";"";"";"";"";""
"04/07/2025";"0300";"";"";"";"";"";"";"";"";"";"";"";"";"";"";"";"";""
"04/07/2025";"0400";"";"";"";"";"";"";"";"";"";"";"";"";"";"";"";"";""
"04/07/2025";"0500";"";"";"";"";"";"";"";"";"";"";"";"";"";"";"";"";""
"04/07/2025";"0600";"";"";"";"";"";"";"";"";"";"";"";"";"";"";"";"";""
"04/07/2025";"0700";"";"";"";"";"";"";"";"";"";"";"";"";"";"";"";"";""
"04/07/2025";"0800";"";"";"";"";"";"";"";"";"";"";"";"";"";"";"";"";""
"04/07/2025";"0900";"";"";"";"";"";"";"";"";"";"";"";"";"";"";"";"";""
"04/07/2025";"1000";"";"";"";"";"";"";"";"";"";"";"";"";"";"";"";"";""
"04/07/2025";"1100";"";"";"";"";"";"";"";"";"";"";"";"";"";"";"";"";""
"04/07/2025";"1200";"";"";"";"";"";"";"";"";"";"";"";"";"";"";"";"";""
"04/07/2025";"1300";"";"";"";"";"";"";"";"";"";"";"";"";"";"";"";"";""
"04/07/2025";"1400";"";"";"";"";"";"";"";"";"";"";"";"";"";"";"";"";""
"04/07/2025";"1500";"";"";"";"";"";"";"";"";"";"";"";"";"";"";"";"";""
"04/07/2025";"1600";"";"";"";"";"";"";"";"";"";"";"";"";"";"";"";"";""
"04/07/2025";"1700";"";"";"";"";"";"";"";"";"";"";"";"";"";"";"";"";""
"04/07/2025";"1800";"";"";"";"";"";"";"";"";"";"";"";"";"";"";"";"";""
"04/07/2025";"1900";"";"";"";"";"";"";"";"";"";"";"";"";"";"";"";"";""
"04/07/2025";"2000";"";"";"";"";"";"";"";"";"";"";"";"";"";"";"";"";""
"04/07/2025";"2100";"";"";"";"";"";"";"";"";"";"";"";"";"";"";"";"";""
"04/07/2025";"2200";"";"";"";"";"";"";"";"";"";"";"";"";"";"";"";"";""
"04/07/2025";"2300";"";"";"";"";"";"";"";"";"";"";"";"";"";"";"";"";""
"05/07/2025";"0000";"";"";"";"";"";"";"";"";"";"";"";"";"";"";"";"";""
"05/07/2025";"0100";"";"";"";"";"";"";"";"";"";"";"";"";"";"";"";"";""
"05/07/2025";"0200";"";"";"";"";"";"";"";"";"";"";"";"";"";"";"";"";""
"05/07/2025";"0300";"";"";"";"";"";"";"";"";"";"";"";"";"";"";"";"";""
"05/07/2025";"0400";"";"";"";"";"";"";"";"";"";"";"";"";"";"";"";"";""
"05/07/2025";"0500";"";"";"";"";"";"";"";"";"";"";"";"";"";"";"";"";""
"05/07/2025";"0600";"";"";"";"";"";"";"";"";"";"";"";"";"";"";"";"";""
"05/07/2025";"0700";"";"";"";"";"";"";"";"";"";"";"";"";"";"";"";"";""
"05/07/2025";"0800";"";"";"";"";"";"";"";"";"";"";"";"";"";"";"";"";""
"05/07/2025";"0900";"";"";"";"";"";"";"";"";"";"";"";"";"";"";"";"";""
"05/07/2025";"1000";"";"";"";"";"";"";"";"";"";"";"";"";"";"";"";"";""
"05/07/2025";"1100";"";"";"";"";"";"";"";"";"";"";"";"";"";"";"";"";""
"05/07/2025";"1200";"";"";"";"";"";"";"";"";"";"";"";"";"";"";"";"";""
"05/07/2025";"1300";"";"";"";"";"";"";"";"";"";"";"";"";"";"";"";"";""
"05/07/2025";"1400";"";"";"";"";"";"";"";"";"";"";"";"";"";"";"";"";""
"05/07/2025";"1500";"";"";"";"";"";"";"";"";"";"";"";"";"";"";"";"";""
"05/07/2025";"1600";"";"";"";"";"";"";"";"";"";"";"";"";"";"";"";"";""
"05/07/2025";"1700";"";"";"";"";"";"";"";"";"";"";"";"";"";"";"";"";""
"05/07/2025";"1800";"";"";"";"";"";"";"";"";"";"";"";"";"";"";"";"";""
"05/07/2025";"1900";"";"";"";"";"";"";"";"";"";"";"";"";"";"";"";"";""
"05/07/2025";"2000";"";"";"";"";"";"";"";"";"";"";"";"";"";"";"";"";""
"05/07/2025";"2100";"";"";"";"";"";"";"";"";"";"";"";"";"";"";"";"";""
"05/07/2025";"2200";"";"";"";"";"";"";"";"";"";"";"";"";"";"";"";"";""
"05/07/2025";"2300";"";"";"";"";"";"";"";"";"";"";"";"";"";"";"";"";""
"06/07/2025";"0000";"";"";"";"";"";"";"";"";"";"";"";"";"";"";"";"";""
"06/07/2025";"0100";"";"";"";"";"";"";"";"";"";"";"";"";"";"";"";"";""
"06/07/2025";"0200";"";"";"";"";"";"";"";"";"";"";"";"";"";"";"";"";""
"06/07/2025";"0300";"";"";"";"";"";"";"";"";"";"";"";"";"";"";"";"";""
"06/07/2025";"0400";"";"";"";"";"";"";"";"";"";"";"";"";"";"";"";"";""
"06/07/2025";"0500";"";"";"";"";"";"";"";"";"";"";"";"";"";"";"";"";""
"06/07/2025";"0600";"";"";"";"";"";"";"";"";"";"";"";"";"";"";"";"";""
"06/07/2025";"0700";"";"";"";"";"";"";"";"";"";"";"";"";"";"";"";"";""
"06/07/2025";"0800";"";"";"";"";"";"";"";"";"";"";"";"";"";"";"";"";""
"06/07/2025";"0900";"";"";"";"";"";"";"";"";"";"";"";"";"";"";"";"";""
"06/07/2025";"1000";"";"";"";"";"";"";"";"";"";"";"";"";"";"";"";"";""
"06/07/2025";"1100";"";"";"";"";"";"";"";"";"";"";"";"";"";"";"";"";""
"06/07/2025";"1200";"";"";"";"";"";"";"";"";"";"";"";"";"";"";"";"";""
"06/07/2025";"1300";"";"";"";"";"";"";"";"";"";"";"";"";"";"";"";"";""
"06/07/2025";"1400";"";"";"";"";"";"";"";"";"";"";"";"";"";"";"";"";""
"06/07/2025";"1500";"";"";"";"";"";"";"";"";"";"";"";"";"";"";"";"";""
"06/07/2025";"1600";"";"";"";"";"";"";"";"";"";"";"";"";"";"";"";"";""
"06/07/2025";"1700";"";"";"";"";"";"";"";"";"";"";"";"";"";"";"";"";""
"06/07/2025";"1800";"";"";"";"";"";"";"";"";"";"";"";"";"";"";"";"";""
"06/07/2025";"1900";"";"";"";"";"";"";"";"";"";"";"";"";"";"";"";"";""
"06/07/2025";"2000";"";"";"";"";"";"";"";"";"";"";"";"";"";"";"";"";""
"06/07/2025";"2100";"";"";"";"";"";"";"";"";"";"";"";"";"";"";"";"";""
"06/07/2025";"2200";"";"";"";"";"";"";"";"";"";"";"";"";"";"";"";"";""
"06/07/2025";"2300";"";"";"";"";"";"";"";"";"";"";"";"";"";"";"";"";""
"07/07/2025";"0000";"";"";"";"";"";"";"";"";"";"";"";"";"";"";"";"";""
"07/07/2025";"0100";"";"";"";"";"";"";"";"";"";"";"";"";"";"";"";"";""
"07/07/2025";"0200";"";"";"";"";"";"";"";"";"";"";"";"";"";"";"";"";""
"07/07/2025";"0300";"";"";"";"";"";"";"";"";"";"";"";"";"";"";"";"";""
"07/07/2025";"0400";"";"";"";"";"";"";"";"";"";"";"";"";"";"";"";"";""
"07/07/2025";"0500";"";"";"";"";"";"";"";"";"";"";"";"";"";"";"";"";""
"07/07/2025";"0600";"";"";"";"";"";"";"";"";"";"";"";"";"";"";"";"";""
"07/07/2025";"0700";"";"";"";"";"";"";"";"";"";"";"";"";"";"";"";"";""
"07/07/2025";"0800";"";"";"";"";"";"";"";"";"";"";"";"";"";"";"";"";""
"07/07/2025";"0900";"";"";"";"";"";"";"";"";"";"";"";"";"";"";"";"";""
"07/07/2025";"1000";"";"";"";"";"";"";"";"";"";"";"";"";"";"";"";"";""
"07/07/2025";"1100";"";"";"";"";"";"";"";"";"";"";"";"";"";"";"";"";""
"07/07/2025";"1200";"";"";"";"";"";"";"";"";"";"";"";"";"";"";"";"";""
"07/07/2025";"1300";"";"";"";"";"";"";"";"";"";"";"";"";"";"";"";"";""
"07/07/2025";"1400";"";"";"";"";"";"";"";"";"";"";"";"";"";"";"";"";""
"07/07/2025";"1500";"";"";"";"";"";"";"";"";"";"";"";"";"";"";"";"";""
"07/07/2025";"1600";"";"";"";"";"";"";"";"";"";"";"";"";"";"";"";"";""
"07/07/2025";"1700";"";"";"";"";"";"";"";"";"";"";"";"";"";"";"";"";""
"07/07/2025";"1800";"";"";"";"";"";"";"";"";"";"";"";"";"";"";"";"";""
"07/07/2025";"1900";"";"";"";"";"";"";"";"";"";"";"";"";"";"";"";"";""
"07/07/2025";"2000";"";"";"";"";"";"";"";"";"";"";"";"";"";"";"";"";""
"07/07/2025";"2100";"";"";"";"";"";"";"";"";"";"";"";"";"";"";"";"";""
"07/07/2025";"2200";"";"";"";"";"";"";"";"";"";"";"";"";"";"";"";"";""
"07/07/2025";"2300";"";"";"";"";"";"";"";"";"";"";"";"";"";"";"";"";""
"08/07/2025";"0000";"";"";"";"";"";"";"";"";"";"";"";"";"";"";"";"";""
"08/07/2025";"0100";"";"";"";"";"";"";"";"";"";"";"";"";"";"";"";"";""
"08/07/2025";"0200";"";"";"";"";"";"";"";"";"";"";"";"";"";"";"";"";""
"08/07/2025";"0300";"";"";"";"";"";"";"";"";"";"";"";"";"";"";"";"";""
"08/07/2025";"0400";"";"";"";"";"";"";"";"";"";"";"";"";"";"";"";"";""
"08/07/2025";"0500";"";"";"";"";"";"";"";"";"";"";"";"";"";"";"";"";""
"08/07/2025";"0600";"";"";"";"";"";"";"";"";"";"";"";"";"";"";"";"";""
"08/07/2025";"0700";"";"";"";"";"";"";"";"";"";"";"";"";"";"";"";"";""
"08/07/2025";"0800";"";"";"";"";"";"";"";"";"";"";"";"";"";"";"";"";""
"08/07/2025";"0900";"";"";"";"";"";"";"";"";"";"";"";"";"";"";"";"";""
"08/07/2025";"1000";"";"";"";"";"";"";"";"";"";"";"";"";"";"";"";"";""
"08/07/2025";"1100";"";"";"";"";"";"";"";"";"";"";"";"";"";"";"";"";""
"08/07/2025";"1200";"";"";"";"";"";"";"";"";"";"";"";"";"";"";"";"";""
"08/07/2025";"1300";"";"";"";"";"";"";"";"";"";"";"";"";"";"";"";"";""
"08/07/2025";"1400";"";"";"";"";"";"";"";"";"";"";"";"";"";"";"";"";""
"08/07/2025";"1500";"";"";"";"";"";"";"";"";"";"";"";"";"";"";"";"";""
"08/07/2025";"1600";"";"";"";"";"";"";"";"";"";"";"";"";"";"";"";"";""
"08/07/2025";"1700";"";"";"";"";"";"";"";"";"";"";"";"";"";"";"";"";""
"08/07/2025";"1800";"";"";"";"";"";"";"";"";"";"";"";"";"";"";"";"";""
"08/07/2025";"1900";"";"";"";"";"";"";"";"";"";"";"";"";"";"";"";"";""
"08/07/2025";"2000";"";"";"";"";"";"";"";"";"";"";"";"";"";"";"";"";""
"08/07/2025";"2100";"";"";"";"";"";"";"";"";"";"";"";"";"";"";"";"";""
"08/07/2025";"2200";"";"";"";"";"";"";"";"";"";"";"";"";"";"";"";"";""
"08/07/2025";"2300";"";"";"";"";"";"";"";"";"";"";"";"";"";"";"";"";""
"09/07/2025";"0000";"";"";"";"";"";"";"";"";"";"";"";"";"";"";"";"";""
"09/07/2025";"0100";"";"";"";"";"";"";"";"";"";"";"";"";"";"";"";"";""
"09/07/2025";"0200";"";"";"";"";"";"";"";"";"";"";"";"";"";"";"";"";""
"09/07/2025";"0300";"";"";"";"";"";"";"";"";"";"";"";"";"";"";"";"";""
"09/07/2025";"0400";"";"";"";"";"";"";"";"";"";"";"";"";"";"";"";"";""
"09/07/2025";"0500";"";"";"";"";"";"";"";"";"";"";"";"";"";"";"";"";""
"09/07/2025";"0600";"";"";"";"";"";"";"";"";"";"";"";"";"";"";"";"";""
"09/07/2025";"0700";"";"";"";"";"";"";"";"";"";"";"";"";"";"";"";"";""
"09/07/2025";"0800";"";"";"";"";"";"";"";"";"";"";"";"";"";"";"";"";""
"09/07/2025";"0900";"";"";"";"";"";"";"";"";"";"";"";"";"";"";"";"";""
"09/07/2025";"1000";"";"";"";"";"";"";"";"";"";"";"";"";"";"";"";"";""
"09/07/2025";"1100";"";"";"";"";"";"";"";"";"";"";"";"";"";"";"";"";""
"09/07/2025";"1200";"";"";"";"";"";"";"";"";"";"";"";"";"";"";"";"";""
"09/07/2025";"1300";"";"";"";"";"";"";"";"";"";"";"";"";"";"";"";"";""
"09/07/2025";"1400";"";"";"";"";"";"";"";"";"";"";"";"";"";"";"";"";""
"09/07/2025";"1500";"";"";"";"";"";"";"";"";"";"";"";"";"";"";"";"";""
"09/07/2025";"1600";"";"";"";"";"";"";"";"";"";"";"";"";"";"";"";"";""
"09/07/2025";"1700";"";"";"";"";"";"";"";"";"";"";"";"";"";"";"";"";""
"09/07/2025";"1800";"";"";"";"";"";"";"";"";"";"";"";"";"";"";"";"";""
"09/07/2025";"1900";"";"";"";"";"";"";"";"";"";"";"";"";"";"";"";"";""
"09/07/2025";"2000";"";"";"";"";"";"";"";"";"";"";"";"";"";"";"";"";""
"09/07/2025";"2100";"";"";"";"";"";"";"";"";"";"";"";"";"";"";"";"";""
"09/07/2025";"2200";"";"";"";"";"";"";"";"";"";"";"";"";"";"";"";"";""
"09/07/2025";"2300";"";"";"";"";"";"";"";"";"";"";"";"";"";"";"";"";""
"10/07/2025";"0000";"";"";"";"";"";"";"";"";"";"";"";"";"";"";"";"";""
"10/07/2025";"0100";"";"";"";"";"";"";"";"";"";"";"";"";"";"";"";"";""
"10/07/2025";"0200";"";"";"";"";"";"";"";"";"";"";"";"";"";"";"";"";""
"10/07/2025";"0300";"";"";"";"";"";"";"";"";"";"";"";"";"";"";"";"";""
"10/07/2025";"0400";"";"";"";"";"";"";"";"";"";"";"";"";"";"";"";"";""
"10/07/2025";"0500";"";"";"";"";"";"";"";"";"";"";"";"";"";"";"";"";""
"10/07/2025";"0600";"";"";"";"";"";"";"";"";"";"";"";"";"";"";"";"";""
"10/07/2025";"0700";"";"";"";"";"";"";"";"";"";"";"";"";"";"";"";"";""
"10/07/2025";"0800";"";"";"";"";"";"";"";"";"";"";"";"";"";"";"";"";""
"10/07/2025";"0900";"";"";"";"";"";"";"";"";"";"";"";"";"";"";"";"";""
"10/07/2025";"1000";"";"";"";"";"";"";"";"";"";"";"";"";"";"";"";"";""
"10/07/2025";"1100";"";"";"";"";"";"";"";"";"";"";"";"";"";"";"";"";""
"10/07/2025";"1200";"";"";"";"";"";"";"";"";"";"";"";"";"";"";"";"";""
"10/07/2025";"1300";"";"";"";"";"";"";"";"";"";"";"";"";"";"";"";"";""
"10/07/2025";"1400";"";"";"";"";"";"";"";"";"";"";"";"";"";"";"";"";""
"10/07/2025";"1500";"";"";"";"";"";"";"";"";"";"";"";"";"";"";"";"";""
"10/07/2025";"1600";"";"";"";"";"";"";"";"";"";"";"";"";"";"";"";"";""
"10/07/2025";"1700";"";"";"";"";"";"";"";"";"";"";"";"";"";"";"";"";""
"10/07/2025";"1800";"";"";"";"";"";"";"";"";"";"";"";"";"";"";"";"";""
"10/07/2025";"1900";"";"";"";"";"";"";"";"";"";"";"";"";"";"";"";"";""
"10/07/2025";"2000";"";"";"";"";"";"";"";"";"";"";"";"";"";"";"";"";""
"10/07/2025";"2100";"";"";"";"";"";"";"";"";"";"";"";"";"";"";"";"";""
"10/07/2025";"2200";"";"";"";"";"";"";"";"";"";"";"";"";"";"";"";"";""
"10/07/2025";"2300";"";"";"";"";"";"";"";"";"";"";"";"";"";"";"";"";""
"11/07/2025";"0000";"";"";"";"";"";"";"";"";"";"";"";"";"";"";"";"";""
"11/07/2025";"0100";"";"";"";"";"";"";"";"";"";"";"";"";"";"";"";"";""
"11/07/2025";"0200";"";"";"";"";"";"";"";"";"";"";"";"";"";"";"";"";""
"11/07/2025";"0300";"";"";"";"";"";"";"";"";"";"";"";"";"";"";"";"";""
"11/07/2025";"0400";"";"";"";"";"";"";"";"";"";"";"";"";"";"";"";"";""
"11/07/2025";"0500";"";"";"";"";"";"";"";"";"";"";"";"";"";"";"";"";""
"11/07/2025";"0600";"";"";"";"";"";"";"";"";"";"";"";"";"";"";"";"";""
"11/07/2025";"0700";"";"";"";"";"";"";"";"";"";"";"";"";"";"";"";"";""
"11/07/2025";"0800";"";"";"";"";"";"";"";"";"";"";"";"";"";"";"";"";""
"11/07/2025";"0900";"";"";"";"";"";"";"";"";"";"";"";"";"";"";"";"";""
"11/07/2025";"1000";"";"";"";"";"";"";"";"";"";"";"";"";"";"";"";"";""
"11/07/2025";"1100";"";"";"";"";"";"";"";"";"";"";"";"";"";"";"";"";""
"11/07/2025";"1200";"";"";"";"";"";"";"";"";"";"";"";"";"";"";"";"";""
"11/07/2025";"1300";"";"";"";"";"";"";"";"";"";"";"";"";"";"";"";"";""
"11/07/2025";"1400";"";"";"";"";"";"";"";"";"";"";"";"";"";"";"";"";""
"11/07/2025";"1500";"";"";"";"";"";"";"";"";"";"";"";"";"";"";"";"";""
"11/07/2025";"1600";"";"";"";"";"";"";"";"";"";"";"";"";"";"";"";"";""
"11/07/2025";"1700";"";"";"";"";"";"";"";"";"";"";"";"";"";"";"";"";""
"11/07/2025";"1800";"";"";"";"";"";"";"";"";"";"";"";"";"";"";"";"";""
"11/07/2025";"1900";"";"";"";"";"";"";"";"";"";"";"";"";"";"";"";"";""
"11/07/2025";"2000";"";"";"";"";"";"";"";"";"";"";"";"";"";"";"";"";""
"11/07/2025";"2100";"";"";"";"";"";"";"";"";"";"";"";"";"";"";"";"";""
"11/07/2025";"2200";"";"";"";"";"";"";"";"";"";"";"";"";"";"";"";"";""
"11/07/2025";"2300";"";"";"";"";"";"";"";"";"";"";"";"";"";"";"";"";""
"12/07/2025";"0000";"";"";"";"";"";"";"";"";"";"";"";"";"";"";"";"";""
"12/07/2025";"0100";"";"";"";"";"";"";"";"";"";"";"";"";"";"";"";"";""
"12/07/2025";"0200";"";"";"";"";"";"";"";"";"";"";"";"";"";"";"";"";""
"12/07/2025";"0300";"";"";"";"";"";"";"";"";"";"";"";"";"";"";"";"";""
"12/07/2025";"0400";"";"";"";"";"";"";"";"";"";"";"";"";"";"";"";"";""
"12/07/2025";"0500";"";"";"";"";"";"";"";"";"";"";"";"";"";"";"";"";""
"12/07/2025";"0600";"";"";"";"";"";"";"";"";"";"";"";"";"";"";"";"";""
"12/07/2025";"0700";"";"";"";"";"";"";"";"";"";"";"";"";"";"";"";"";""
"12/07/2025";"0800";"";"";"";"";"";"";"";"";"";"";"";"";"";"";"";"";""
"12/07/2025";"0900";"";"";"";"";"";"";"";"";"";"";"";"";"";"";"";"";""
"12/07/2025";"1000";"";"";"";"";"";"";"";"";"";"";"";"";"";"";"";"";""
"12/07/2025";"1100";"";"";"";"";"";"";"";"";"";"";"";"";"";"";"";"";""
"12/07/2025";"1200";"";"";"";"";"";"";"";"";"";"";"";"";"";"";"";"";""
"12/07/2025";"1300";"";"";"";"";"";"";"";"";"";"";"";"";"";"";"";"";""
"12/07/2025";"1400";"";"";"";"";"";"";"";"";"";"";"";"";"";"";"";"";""
"12/07/2025";"1500";"";"";"";"";"";"";"";"";"";"";"";"";"";"";"";"";""
"12/07/2025";"1600";"";"";"";"";"";"";"";"";"";"";"";"";"";"";"";"";""
"12/07/2025";"1700";"";"";"";"";"";"";"";"";"";"";"";"";"";"";"";"";""
"12/07/2025";"1800";"";"";"";"";"";"";"";"";"";"";"";"";"";"";"";"";""
"12/07/2025";"1900";"";"";"";"";"";"";"";"";"";"";"";"";"";"";"";"";""
"12/07/2025";"2000";"";"";"";"";"";"";"";"";"";"";"";"";"";"";"";"";""
"12/07/2025";"2100";"";"";"";"";"";"";"";"";"";"";"";"";"";"";"";"";""
"12/07/2025";"2200";"";"";"";"";"";"";"";"";"";"";"";"";"";"";"";"";""
"12/07/2025";"2300";"";"";"";"";"";"";"";"";"";"";"";"";"";"";"";"";""
"13/07/2025";"0000";"";"";"";"";"";"";"";"";"";"";"";"";"";"";"";"";""
"13/07/2025";"0100";"";"";"";"";"";"";"";"";"";"";"";"";"";"";"";"";""
"13/07/2025";"0200";"";"";"";"";"";"";"";"";"";"";"";"";"";"";"";"";""
"13/07/2025";"0300";"";"";"";"";"";"";"";"";"";"";"";"";"";"";"";"";""
"13/07/2025";"0400";"";"";"";"";"";"";"";"";"";"";"";"";"";"";"";"";""
"13/07/2025";"0500";"";"";"";"";"";"";"";"";"";"";"";"";"";"";"";"";""
"13/07/2025";"0600";"";"";"";"";"";"";"";"";"";"";"";"";"";"";"";"";""
"13/07/2025";"0700";"";"";"";"";"";"";"";"";"";"";"";"";"";"";"";"";""
"13/07/2025";"0800";"";"";"";"";"";"";"";"";"";"";"";"";"";"";"";"";""
"13/07/2025";"0900";"";"";"";"";"";"";"";"";"";"";"";"";"";"";"";"";""
"13/07/2025";"1000";"";"";"";"";"";"";"";"";"";"";"";"";"";"";"";"";""
"13/07/2025";"1100";"";"";"";"";"";"";"";"";"";"";"";"";"";"";"";"";""
"13/07/2025";"1200";"";"";"";"";"";"";"";"";"";"";"";"";"";"";"";"";""
"13/07/2025";"1300";"";"";"";"";"";"";"";"";"";"";"";"";"";"";"";"";""
"13/07/2025";"1400";"";"";"";"";"";"";"";"";"";"";"";"";"";"";"";"";""
"13/07/2025";"1500";"";"";"";"";"";"";"";"";"";"";"";"";"";"";"";"";""
"13/07/2025";"1600";"";"";"";"";"";"";"";"";"";"";"";"";"";"";"";"";""
"13/07/2025";"1700";"";"";"";"";"";"";"";"";"";"";"";"";"";"";"";"";""
"13/07/2025";"1800";"";"";"";"";"";"";"";"";"";"";"";"";"";"";"";"";""
"13/07/2025";"1900";"";"";"";"";"";"";"";"";"";"";"";"";"";"";"";"";""
"13/07/2025";"2000";"";"";"";"";"";"";"";"";"";"";"";"";"";"";"";"";""
"13/07/2025";"2100";"";"";"";"";"";"";"";"";"";"";"";"";"";"";"";"";""
"13/07/2025";"2200";"";"";"";"";"";"";"";"";"";"";"";"";"";"";"";"";""
"13/07/2025";"2300";"";"";"";"";"";"";"";"";"";"";"";"";"";"";"";"";""
"14/07/2025";"0000";"";"";"";"";"";"";"";"";"";"";"";"";"";"";"";"";""
"14/07/2025";"0100";"";"";"";"";"";"";"";"";"";"";"";"";"";"";"";"";""
"14/07/2025";"0200";"";"";"";"";"";"";"";"";"";"";"";"";"";"";"";"";""
"14/07/2025";"0300";"";"";"";"";"";"";"";"";"";"";"";"";"";"";"";"";""
"14/07/2025";"0400";"";"";"";"";"";"";"";"";"";"";"";"";"";"";"";"";""
"14/07/2025";"0500";"";"";"";"";"";"";"";"";"";"";"";"";"";"";"";"";""
"14/07/2025";"0600";"";"";"";"";"";"";"";"";"";"";"";"";"";"";"";"";""
"14/07/2025";"0700";"";"";"";"";"";"";"";"";"";"";"";"";"";"";"";"";""
"14/07/2025";"0800";"";"";"";"";"";"";"";"";"";"";"";"";"";"";"";"";""
"14/07/2025";"0900";"";"";"";"";"";"";"";"";"";"";"";"";"";"";"";"";""
"14/07/2025";"1000";"";"";"";"";"";"";"";"";"";"";"";"";"";"";"";"";""
"14/07/2025";"1100";"";"";"";"";"";"";"";"";"";"";"";"";"";"";"";"";""
"14/07/2025";"1200";"";"";"";"";"";"";"";"";"";"";"";"";"";"";"";"";""
"14/07/2025";"1300";"";"";"";"";"";"";"";"";"";"";"";"";"";"";"";"";""
"14/07/2025";"1400";"";"";"";"";"";"";"";"";"";"";"";"";"";"";"";"";""
"14/07/2025";"1500";"";"";"";"";"";"";"";"";"";"";"";"";"";"";"";"";""
"14/07/2025";"1600";"";"";"";"";"";"";"";"";"";"";"";"";"";"";"";"";""
"14/07/2025";"1700";"";"";"";"";"";"";"";"";"";"";"";"";"";"";"";"";""
"14/07/2025";"1800";"";"";"";"";"";"";"";"";"";"";"";"";"";"";"";"";""
"14/07/2025";"1900";"";"";"";"";"";"";"";"";"";"";"";"";"";"";"";"";""
"14/07/2025";"2000";"";"";"";"";"";"";"";"";"";"";"";"";"";"";"";"";""
"14/07/2025";"2100";"";"";"";"";"";"";"";"";"";"";"";"";"";"";"";"";""
"14/07/2025";"2200";"";"";"";"";"";"";"";"";"";"";"";"";"";"";"";"";""
"14/07/2025";"2300";"";"";"";"";"";"";"";"";"";"";"";"";"";"";"";"";""
"15/07/2025";"0000";"";"";"";"";"";"";"";"";"";"";"";"";"";"";"";"";""
"15/07/2025";"0100";"";"";"";"";"";"";"";"";"";"";"";"";"";"";"";"";""
"15/07/2025";"0200";"";"";"";"";"";"";"";"";"";"";"";"";"";"";"";"";""
"15/07/2025";"0300";"";"";"";"";"";"";"";"";"";"";"";"";"";"";"";"";""
"15/07/2025";"0400";"";"";"";"";"";"";"";"";"";"";"";"";"";"";"";"";""
"15/07/2025";"0500";"";"";"";"";"";"";"";"";"";"";"";"";"";"";"";"";""
"15/07/2025";"0600";"";"";"";"";"";"";"";"";"";"";"";"";"";"";"";"";""
"15/07/2025";"0700";"";"";"";"";"";"";"";"";"";"";"";"";"";"";"";"";""
"15/07/2025";"0800";"";"";"";"";"";"";"";"";"";"";"";"";"";"";"";"";""
"15/07/2025";"0900";"";"";"";"";"";"";"";"";"";"";"";"";"";"";"";"";""
"15/07/2025";"1000";"";"";"";"";"";"";"";"";"";"";"";"";"";"";"";"";""
"15/07/2025";"1100";"";"";"";"";"";"";"";"";"";"";"";"";"";"";"";"";""
"15/07/2025";"1200";"";"";"";"";"";"";"";"";"";"";"";"";"";"";"";"";""
"15/07/2025";"1300";"";"";"";"";"";"";"";"";"";"";"";"";"";"";"";"";""
"15/07/2025";"1400";"";"";"";"";"";"";"";"";"";"";"";"";"";"";"";"";""
"15/07/2025";"1500";"";"";"";"";"";"";"";"";"";"";"";"";"";"";"";"";""
"15/07/2025";"1600";"";"";"";"";"";"";"";"";"";"";"";"";"";"";"";"";""
"15/07/2025";"1700";"";"";"";"";"";"";"";"";"";"";"";"";"";"";"";"";""
"15/07/2025";"1800";"";"";"";"";"";"";"";"";"";"";"";"";"";"";"";"";""
"15/07/2025";"1900";"";"";"";"";"";"";"";"";"";"";"";"";"";"";"";"";""
"15/07/2025";"2000";"";"";"";"";"";"";"";"";"";"";"";"";"";"";"";"";""
"15/07/2025";"2100";"";"";"";"";"";"";"";"";"";"";"";"";"";"";"";"";""
"15/07/2025";"2200";"";"";"";"";"";"";"";"";"";"";"";"";"";"";"";"";""
"15/07/2025";"2300";"";"";"";"";"";"";"";"";"";"";"";"";"";"";"";"";""
"16/07/2025";"0000";"";"";"";"";"";"";"";"";"";"";"";"";"";"";"";"";""
"16/07/2025";"0100";"";"";"";"";"";"";"";"";"";"";"";"";"";"";"";"";""
"16/07/2025";"0200";"";"";"";"";"";"";"";"";"";"";"";"";"";"";"";"";""
"16/07/2025";"0300";"";"";"";"";"";"";"";"";"";"";"";"";"";"";"";"";""
"16/07/2025";"0400";"";"";"";"";"";"";"";"";"";"";"";"";"";"";"";"";""
"16/07/2025";"0500";"";"";"";"";"";"";"";"";"";"";"";"";"";"";"";"";""
"16/07/2025";"0600";"";"";"";"";"";"";"";"";"";"";"";"";"";"";"";"";""
"16/07/2025";"0700";"";"";"";"";"";"";"";"";"";"";"";"";"";"";"";"";""
"16/07/2025";"0800";"";"";"";"";"";"";"";"";"";"";"";"";"";"";"";"";""
"16/07/2025";"0900";"";"";"";"";"";"";"";"";"";"";"";"";"";"";"";"";""
"16/07/2025";"1000";"";"";"";"";"";"";"";"";"";"";"";"";"";"";"";"";""
"16/07/2025";"1100";"";"";"";"";"";"";"";"";"";"";"";"";"";"";"";"";""
"16/07/2025";"1200";"";"";"";"";"";"";"";"";"";"";"";"";"";"";"";"";""
"16/07/2025";"1300";"";"";"";"";"";"";"";"";"";"";"";"";"";"";"";"";""
"16/07/2025";"1400";"";"";"";"";"";"";"";"";"";"";"";"";"";"";"";"";""
"16/07/2025";"1500";"";"";"";"";"";"";"";"";"";"";"";"";"";"";"";"";""
"16/07/2025";"1600";"";"";"";"";"";"";"";"";"";"";"";"";"";"";"";"";""
"16/07/2025";"1700";"";"";"";"";"";"";"";"";"";"";"";"";"";"";"";"";""
"16/07/2025";"1800";"";"";"";"";"";"";"";"";"";"";"";"";"";"";"";"";""
"16/07/2025";"1900";"";"";"";"";"";"";"";"";"";"";"";"";"";"";"";"";""
"16/07/2025";"2000";"";"";"";"";"";"";"";"";"";"";"";"";"";"";"";"";""
"16/07/2025";"2100";"";"";"";"";"";"";"";"";"";"";"";"";"";"";"";"";""
"16/07/2025";"2200";"";"";"";"";"";"";"";"";"";"";"";"";"";"";"";"";""
"16/07/2025";"2300";"";"";"";"";"";"";"";"";"";"";"";"";"";"";"";"";""
"17/07/2025";"0000";"";"";"";"";"";"";"";"";"";"";"";"";"";"";"";"";""
"17/07/2025";"0100";"";"";"";"";"";"";"";"";"";"";"";"";"";"";"";"";""
"17/07/2025";"0200";"";"";"";"";"";"";"";"";"";"";"";"";"";"";"";"";""
"17/07/2025";"0300";"";"";"";"";"";"";"";"";"";"";"";"";"";"";"";"";""
"17/07/2025";"0400";"";"";"";"";"";"";"";"";"";"";"";"";"";"";"";"";""
"17/07/2025";"0500";"";"";"";"";"";"";"";"";"";"";"";"";"";"";"";"";""
"17/07/2025";"0600";"";"";"";"";"";"";"";"";"";"";"";"";"";"";"";"";""
"17/07/2025";"0700";"";"";"";"";"";"";"";"";"";"";"";"";"";"";"";"";""
"17/07/2025";"0800";"";"";"";"";"";"";"";"";"";"";"";"";"";"";"";"";""
"17/07/2025";"0900";"";"";"";"";"";"";"";"";"";"";"";"";"";"";"";"";""
"17/07/2025";"1000";"";"";"";"";"";"";"";"";"";"";"";"";"";"";"";"";""
"17/07/2025";"1100";"";"";"";"";"";"";"";"";"";"";"";"";"";"";"";"";""
"17/07/2025";"1200";"";"";"";"";"";"";"";"";"";"";"";"";"";"";"";"";""
"17/07/2025";"1300";"";"";"";"";"";"";"";"";"";"";"";"";"";"";"";"";""
"17/07/2025";"1400";"";"";"";"";"";"";"";"";"";"";"";"";"";"";"";"";""
"17/07/2025";"1500";"";"";"";"";"";"";"";"";"";"";"";"";"";"";"";"";""
"17/07/2025";"1600";"";"";"";"";"";"";"";"";"";"";"";"";"";"";"";"";""
"17/07/2025";"1700";"";"";"";"";"";"";"";"";"";"";"";"";"";"";"";"";""
"17/07/2025";"1800";"";"";"";"";"";"";"";"";"";"";"";"";"";"";"";"";""
"17/07/2025";"1900";"";"";"";"";"";"";"";"";"";"";"";"";"";"";"";"";""
"17/07/2025";"2000";"";"";"";"";"";"";"";"";"";"";"";"";"";"";"";"";""
"17/07/2025";"2100";"";"";"";"";"";"";"";"";"";"";"";"";"";"";"";"";""
"17/07/2025";"2200";"";"";"";"";"";"";"";"";"";"";"";"";"";"";"";"";""
"17/07/2025";"2300";"";"";"";"";"";"";"";"";"";"";"";"";"";"";"";"";""
"18/07/2025";"0000";"";"";"";"";"";"";"";"";"";"";"";"";"";"";"";"";""
"18/07/2025";"0100";"";"";"";"";"";"";"";"";"";"";"";"";"";"";"";"";""
"18/07/2025";"0200";"";"";"";"";"";"";"";"";"";"";"";"";"";"";"";"";""
"18/07/2025";"0300";"";"";"";"";"";"";"";"";"";"";"";"";"";"";"";"";""
"18/07/2025";"0400";"";"";"";"";"";"";"";"";"";"";"";"";"";"";"";"";""
"18/07/2025";"0500";"";"";"";"";"";"";"";"";"";"";"";"";"";"";"";"";""
"18/07/2025";"0600";"";"";"";"";"";"";"";"";"";"";"";"";"";"";"";"";""
"18/07/2025";"0700";"";"";"";"";"";"";"";"";"";"";"";"";"";"";"";"";""
"18/07/2025";"0800";"";"";"";"";"";"";"";"";"";"";"";"";"";"";"";"";""
"18/07/2025";"0900";"";"";"";"";"";"";"";"";"";"";"";"";"";"";"";"";""
"18/07/2025";"1000";"";"";"";"";"";"";"";"";"";"";"";"";"";"";"";"";""
"18/07/2025";"1100";"";"";"";"";"";"";"";"";"";"";"";"";"";"";"";"";""
"18/07/2025";"1200";"";"";"";"";"";"";"";"";"";"";"";"";"";"";"";"";""
"18/07/2025";"1300";"";"";"";"";"";"";"";"";"";"";"";"";"";"";"";"";""
"18/07/2025";"1400";"";"";"";"";"";"";"";"";"";"";"";"";"";"";"";"";""
"18/07/2025";"1500";"";"";"";"";"";"";"";"";"";"";"";"";"";"";"";"";""
"18/07/2025";"1600";"";"";"";"";"";"";"";"";"";"";"";"";"";"";"";"";""
"18/07/2025";"1700";"";"";"";"";"";"";"";"";"";"";"";"";"";"";"";"";""
"18/07/2025";"1800";"";"";"";"";"";"";"";"";"";"";"";"";"";"";"";"";""
"18/07/2025";"1900";"";"";"";"";"";"";"";"";"";"";"";"";"";"";"";"";""
"18/07/2025";"2000";"";"";"";"";"";"";"";"";"";"";"";"";"";"";"";"";""
"18/07/2025";"2100";"";"";"";"";"";"";"";"";"";"";"";"";"";"";"";"";""
"18/07/2025";"2200";"";"";"";"";"";"";"";"";"";"";"";"";"";"";"";"";""
"18/07/2025";"2300";"";"";"";"";"";"";"";"";"";"";"";"";"";"";"";"";""
"19/07/2025";"0000";"";"";"";"";"";"";"";"";"";"";"";"";"";"";"";"";""
"19/07/2025";"0100";"";"";"";"";"";"";"";"";"";"";"";"";"";"";"";"";""
"19/07/2025";"0200";"";"";"";"";"";"";"";"";"";"";"";"";"";"";"";"";""
"19/07/2025";"0300";"";"";"";"";"";"";"";"";"";"";"";"";"";"";"";"";""
"19/07/2025";"0400";"";"";"";"";"";"";"";"";"";"";"";"";"";"";"";"";""
"19/07/2025";"0500";"";"";"";"";"";"";"";"";"";"";"";"";"";"";"";"";""
"19/07/2025";"0600";"";"";"";"";"";"";"";"";"";"";"";"";"";"";"";"";""
"19/07/2025";"0700";"";"";"";"";"";"";"";"";"";"";"";"";"";"";"";"";""
"19/07/2025";"0800";"";"";"";"";"";"";"";"";"";"";"";"";"";"";"";"";""
"19/07/2025";"0900";"";"";"";"";"";"";"";"";"";"";"";"";"";"";"";"";""
"19/07/2025";"1000";"";"";"";"";"";"";"";"";"";"";"";"";"";"";"";"";""
"19/07/2025";"1100";"";"";"";"";"";"";"";"";"";"";"";"";"";"";"";"";""
"19/07/2025";"1200";"";"";"";"";"";"";"";"";"";"";"";"";"";"";"";"";""
"19/07/2025";"1300";"";"";"";"";"";"";"";"";"";"";"";"";"";"";"";"";""
"19/07/2025";"1400";"";"";"";"";"";"";"";"";"";"";"";"";"";"";"";"";""
"19/07/2025";"1500";"";"";"";"";"";"";"";"";"";"";"";"";"";"";"";"";""
"19/07/2025";"1600";"";"";"";"";"";"";"";"";"";"";"";"";"";"";"";"";""
"19/07/2025";"1700";"";"";"";"";"";"";"";"";"";"";"";"";"";"";"";"";""
"19/07/2025";"1800";"";"";"";"";"";"";"";"";"";"";"";"";"";"";"";"";""
"19/07/2025";"1900";"";"";"";"";"";"";"";"";"";"";"";"";"";"";"";"";""
"19/07/2025";"2000";"";"";"";"";"";"";"";"";"";"";"";"";"";"";"";"";""
"19/07/2025";"2100";"";"";"";"";"";"";"";"";"";"";"";"";"";"";"";"";""
"19/07/2025";"2200";"";"";"";"";"";"";"";"";"";"";"";"";"";"";"";"";""
"19/07/2025";"2300";"";"";"";"";"";"";"";"";"";"";"";"";"";"";"";"";""
"20/07/2025";"0000";"";"";"";"";"";"";"";"";"";"";"";"";"";"";"";"";""
"20/07/2025";"0100";"";"";"";"";"";"";"";"";"";"";"";"";"";"";"";"";""
"20/07/2025";"0200";"";"";"";"";"";"";"";"";"";"";"";"";"";"";"";"";""
"20/07/2025";"0300";"";"";"";"";"";"";"";"";"";"";"";"";"";"";"";"";""
"20/07/2025";"0400";"";"";"";"";"";"";"";"";"";"";"";"";"";"";"";"";""
"20/07/2025";"0500";"";"";"";"";"";"";"";"";"";"";"";"";"";"";"";"";""
"20/07/2025";"0600";"";"";"";"";"";"";"";"";"";"";"";"";"";"";"";"";""
"20/07/2025";"0700";"";"";"";"";"";"";"";"";"";"";"";"";"";"";"";"";""
"20/07/2025";"0800";"";"";"";"";"";"";"";"";"";"";"";"";"";"";"";"";""
"20/07/2025";"0900";"";"";"";"";"";"";"";"";"";"";"";"";"";"";"";"";""
"20/07/2025";"1000";"";"";"";"";"";"";"";"";"";"";"";"";"";"";"";"";""
"20/07/2025";"1100";"";"";"";"";"";"";"";"";"";"";"";"";"";"";"";"";""
"20/07/2025";"1200";"";"";"";"";"";"";"";"";"";"";"";"";"";"";"";"";""
"20/07/2025";"1300";"";"";"";"";"";"";"";"";"";"";"";"";"";"";"";"";""
"20/07/2025";"1400";"";"";"";"";"";"";"";"";"";"";"";"";"";"";"";"";""
"20/07/2025";"1500";"";"";"";"";"";"";"";"";"";"";"";"";"";"";"";"";""
"20/07/2025";"1600";"";"";"";"";"";"";"";"";"";"";"";"";"";"";"";"";""
"20/07/2025";"1700";"";"";"";"";"";"";"";"";"";"";"";"";"";"";"";"";""
"20/07/2025";"1800";"";"";"";"";"";"";"";"";"";"";"";"";"";"";"";"";""
"20/07/2025";"1900";"";"";"";"";"";"";"";"";"";"";"";"";"";"";"";"";""
"20/07/2025";"2000";"";"";"";"";"";"";"";"";"";"";"";"";"";"";"";"";""
"20/07/2025";"2100";"";"";"";"";"";"";"";"";"";"";"";"";"";"";"";"";""
"20/07/2025";"2200";"";"";"";"";"";"";"";"";"";"";"";"";"";"";"";"";""
"20/07/2025";"2300";"";"";"";"";"";"";"";"";"";"";"";"";"";"";"";"";""
"21/07/2025";"0000";"";"";"";"";"";"";"";"";"";"";"";"";"";"";"";"";""
"21/07/2025";"0100";"";"";"";"";"";"";"";"";"";"";"";"";"";"";"";"";""
"21/07/2025";"0200";"";"";"";"";"";"";"";"";"";"";"";"";"";"";"";"";""
"21/07/2025";"0300";"";"";"";"";"";"";"";"";"";"";"";"";"";"";"";"";""
"21/07/2025";"0400";"";"";"";"";"";"";"";"";"";"";"";"";"";"";"";"";""
"21/07/2025";"0500";"";"";"";"";"";"";"";"";"";"";"";"";"";"";"";"";""
"21/07/2025";"0600";"";"";"";"";"";"";"";"";"";"";"";"";"";"";"";"";""
"21/07/2025";"0700";"";"";"";"";"";"";"";"";"";"";"";"";"";"";"";"";""
"21/07/2025";"0800";"";"";"";"";"";"";"";"";"";"";"";"";"";"";"";"";""
"21/07/2025";"0900";"";"";"";"";"";"";"";"";"";"";"";"";"";"";"";"";""
"21/07/2025";"1000";"";"";"";"";"";"";"";"";"";"";"";"";"";"";"";"";""
"21/07/2025";"1100";"";"";"";"";"";"";"";"";"";"";"";"";"";"";"";"";""
"21/07/2025";"1200";"";"";"";"";"";"";"";"";"";"";"";"";"";"";"";"";""
"21/07/2025";"1300";"";"";"";"";"";"";"";"";"";"";"";"";"";"";"";"";""
"21/07/2025";"1400";"";"";"";"";"";"";"";"";"";"";"";"";"";"";"";"";""
"21/07/2025";"1500";"";"";"";"";"";"";"";"";"";"";"";"";"";"";"";"";""
"21/07/2025";"1600";"";"";"";"";"";"";"";"";"";"";"";"";"";"";"";"";""
"21/07/2025";"1700";"";"";"";"";"";"";"";"";"";"";"";"";"";"";"";"";""
"21/07/2025";"1800";"";"";"";"";"";"";"";"";"";"";"";"";"";"";"";"";""
"21/07/2025";"1900";"";"";"";"";"";"";"";"";"";"";"";"";"";"";"";"";""
"21/07/2025";"2000";"";"";"";"";"";"";"";"";"";"";"";"";"";"";"";"";""
"21/07/2025";"2100";"";"";"";"";"";"";"";"";"";"";"";"";"";"";"";"";""
"21/07/2025";"2200";"";"";"";"";"";"";"";"";"";"";"";"";"";"";"";"";""
"21/07/2025";"2300";"";"";"";"";"";"";"";"";"";"";"";"";"";"";"";"";""
"22/07/2025";"0000";"";"";"";"";"";"";"";"";"";"";"";"";"";"";"";"";""
"22/07/2025";"0100";"";"";"";"";"";"";"";"";"";"";"";"";"";"";"";"";""
"22/07/2025";"0200";"";"";"";"";"";"";"";"";"";"";"";"";"";"";"";"";""
"22/07/2025";"0300";"";"";"";"";"";"";"";"";"";"";"";"";"";"";"";"";""
"22/07/2025";"0400";"";"";"";"";"";"";"";"";"";"";"";"";"";"";"";"";""
"22/07/2025";"0500";"";"";"";"";"";"";"";"";"";"";"";"";"";"";"";"";""
"22/07/2025";"0600";"";"";"";"";"";"";"";"";"";"";"";"";"";"";"";"";""
"22/07/2025";"0700";"";"";"";"";"";"";"";"";"";"";"";"";"";"";"";"";""
"22/07/2025";"0800";"";"";"";"";"";"";"";"";"";"";"";"";"";"";"";"";""
"22/07/2025";"0900";"";"";"";"";"";"";"";"";"";"";"";"";"";"";"";"";""
"22/07/2025";"1000";"";"";"";"";"";"";"";"";"";"";"";"";"";"";"";"";""
"22/07/2025";"1100";"";"";"";"";"";"";"";"";"";"";"";"";"";"";"";"";""
"22/07/2025";"1200";"";"";"";"";"";"";"";"";"";"";"";"";"";"";"";"";""
"22/07/2025";"1300";"";"";"";"";"";"";"";"";"";"";"";"";"";"";"";"";""
"22/07/2025";"1400";"";"";"";"";"";"";"";"";"";"";"";"";"";"";"";"";""
"22/07/2025";"1500";"";"";"";"";"";"";"";"";"";"";"";"";"";"";"";"";""
"22/07/2025";"1600";"";"";"";"";"";"";"";"";"";"";"";"";"";"";"";"";""
"22/07/2025";"1700";"";"";"";"";"";"";"";"";"";"";"";"";"";"";"";"";""
"22/07/2025";"1800";"";"";"";"";"";"";"";"";"";"";"";"";"";"";"";"";""
"22/07/2025";"1900";"";"";"";"";"";"";"";"";"";"";"";"";"";"";"";"";""
"22/07/2025";"2000";"";"";"";"";"";"";"";"";"";"";"";"";"";"";"";"";""
"22/07/2025";"2100";"";"";"";"";"";"";"";"";"";"";"";"";"";"";"";"";""
"22/07/2025";"2200";"";"";"";"";"";"";"";"";"";"";"";"";"";"";"";"";""
"22/07/2025";"2300";"";"";"";"";"";"";"";"";"";"";"";"";"";"";"";"";""
"23/07/2025";"0000";"";"";"";"";"";"";"";"";"";"";"";"";"";"";"";"";""
"23/07/2025";"0100";"";"";"";"";"";"";"";"";"";"";"";"";"";"";"";"";""
"23/07/2025";"0200";"";"";"";"";"";"";"";"";"";"";"";"";"";"";"";"";""
"23/07/2025";"0300";"";"";"";"";"";"";"";"";"";"";"";"";"";"";"";"";""
"23/07/2025";"0400";"";"";"";"";"";"";"";"";"";"";"";"";"";"";"";"";""
"23/07/2025";"0500";"";"";"";"";"";"";"";"";"";"";"";"";"";"";"";"";""
"23/07/2025";"0600";"";"";"";"";"";"";"";"";"";"";"";"";"";"";"";"";""
"23/07/2025";"0700";"";"";"";"";"";"";"";"";"";"";"";"";"";"";"";"";""
"23/07/2025";"0800";"";"";"";"";"";"";"";"";"";"";"";"";"";"";"";"";""
"23/07/2025";"0900";"";"";"";"";"";"";"";"";"";"";"";"";"";"";"";"";""
"23/07/2025";"1000";"";"";"";"";"";"";"";"";"";"";"";"";"";"";"";"";""
"23/07/2025";"1100";"";"";"";"";"";"";"";"";"";"";"";"";"";"";"";"";""
"23/07/2025";"1200";"";"";"";"";"";"";"";"";"";"";"";"";"";"";"";"";""
"23/07/2025";"1300";"";"";"";"";"";"";"";"";"";"";"";"";"";"";"";"";""
"23/07/2025";"1400";"";"";"";"";"";"";"";"";"";"";"";"";"";"";"";"";""
"23/07/2025";"1500";"";"";"";"";"";"";"";"";"";"";"";"";"";"";"";"";""
"23/07/2025";"1600";"";"";"";"";"";"";"";"";"";"";"";"";"";"";"";"";""
"23/07/2025";"1700";"";"";"";"";"";"";"";"";"";"";"";"";"";"";"";"";""
"23/07/2025";"1800";"";"";"";"";"";"";"";"";"";"";"";"";"";"";"";"";""
"23/07/2025";"1900";"";"";"";"";"";"";"";"";"";"";"";"";"";"";"";"";""
"23/07/2025";"2000";"";"";"";"";"";"";"";"";"";"";"";"";"";"";"";"";""
"23/07/2025";"2100";"";"";"";"";"";"";"";"";"";"";"";"";"";"";"";"";""
"23/07/2025";"2200";"";"";"";"";"";"";"";"";"";"";"";"";"";"";"";"";""
"23/07/2025";"2300";"";"";"";"";"";"";"";"";"";"";"";"";"";"";"";"";""
"24/07/2025";"0000";"";"";"";"";"";"";"";"";"";"";"";"";"";"";"";"";""
"24/07/2025";"0100";"";"";"";"";"";"";"";"";"";"";"";"";"";"";"";"";""
"24/07/2025";"0200";"";"";"";"";"";"";"";"";"";"";"";"";"";"";"";"";""
"24/07/2025";"0300";"";"";"";"";"";"";"";"";"";"";"";"";"";"";"";"";""
"24/07/2025";"0400";"";"";"";"";"";"";"";"";"";"";"";"";"";"";"";"";""
"24/07/2025";"0500";"";"";"";"";"";"";"";"";"";"";"";"";"";"";"";"";""
"24/07/2025";"0600";"";"";"";"";"";"";"";"";"";"";"";"";"";"";"";"";""
"24/07/2025";"0700";"";"";"";"";"";"";"";"";"";"";"";"";"";"";"";"";""
"24/07/2025";"0800";"";"";"";"";"";"";"";"";"";"";"";"";"";"";"";"";""
"24/07/2025";"0900";"";"";"";"";"";"";"";"";"";"";"";"";"";"";"";"";""
"24/07/2025";"1000";"";"";"";"";"";"";"";"";"";"";"";"";"";"";"";"";""
"24/07/2025";"1100";"";"";"";"";"";"";"";"";"";"";"";"";"";"";"";"";""
"24/07/2025";"1200";"";"";"";"";"";"";"";"";"";"";"";"";"";"";"";"";""
"24/07/2025";"1300";"";"";"";"";"";"";"";"";"";"";"";"";"";"";"";"";""
"24/07/2025";"1400";"";"";"";"";"";"";"";"";"";"";"";"";"";"";"";"";""
"24/07/2025";"1500";"";"";"";"";"";"";"";"";"";"";"";"";"";"";"";"";""
"24/07/2025";"1600";"";"";"";"";"";"";"";"";"";"";"";"";"";"";"";"";""
"24/07/2025";"1700";"";"";"";"";"";"";"";"";"";"";"";"";"";"";"";"";""
"24/07/2025";"1800";"";"";"";"";"";"";"";"";"";"";"";"";"";"";"";"";""
"24/07/2025";"1900";"";"";"";"";"";"";"";"";"";"";"";"";"";"";"";"";""
"24/07/2025";"2000";"";"";"";"";"";"";"";"";"";"";"";"";"";"";"";"";""
"24/07/2025";"2100";"";"";"";"";"";"";"";"";"";"";"";"";"";"";"";"";""
"24/07/2025";"2200";"";"";"";"";"";"";"";"";"";"";"";"";"";"";"";"";""
"24/07/2025";"2300";"";"";"";"";"";"";"";"";"";"";"";"";"";"";"";"";""
"25/07/2025";"0000";"";"";"";"";"";"";"";"";"";"";"";"";"";"";"";"";""
"25/07/2025";"0100";"";"";"";"";"";"";"";"";"";"";"";"";"";"";"";"";""
"25/07/2025";"0200";"";"";"";"";"";"";"";"";"";"";"";"";"";"";"";"";""
"25/07/2025";"0300";"";"";"";"";"";"";"";"";"";"";"";"";"";"";"";"";""
"25/07/2025";"0400";"";"";"";"";"";"";"";"";"";"";"";"";"";"";"";"";""
"25/07/2025";"0500";"";"";"";"";"";"";"";"";"";"";"";"";"";"";"";"";""
"25/07/2025";"0600";"";"";"";"";"";"";"";"";"";"";"";"";"";"";"";"";""
"25/07/2025";"0700";"";"";"";"";"";"";"";"";"";"";"";"";"";"";"";"";""
"25/07/2025";"0800";"";"";"";"";"";"";"";"";"";"";"";"";"";"";"";"";""
"25/07/2025";"0900";"";"";"";"";"";"";"";"";"";"";"";"";"";"";"";"";""
"25/07/2025";"1000";"";"";"";"";"";"";"";"";"";"";"";"";"";"";"";"";""
"25/07/2025";"1100";"";"";"";"";"";"";"";"";"";"";"";"";"";"";"";"";""
"25/07/2025";"1200";"";"";"";"";"";"";"";"";"";"";"";"";"";"";"";"";""
"25/07/2025";"1300";"";"";"";"";"";"";"";"";"";"";"";"";"";"";"";"";""
"25/07/2025";"1400";"";"";"";"";"";"";"";"";"";"";"";"";"";"";"";"";""
"25/07/2025";"1500";"";"";"";"";"";"";"";"";"";"";"";"";"";"";"";"";""
"25/07/2025";"1600";"";"";"";"";"";"";"";"";"";"";"";"";"";"";"";"";""
"25/07/2025";"1700";"";"";"";"";"";"";"";"";"";"";"";"";"";"";"";"";""
"25/07/2025";"1800";"";"";"";"";"";"";"";"";"";"";"";"";"";"";"";"";""
"25/07/2025";"1900";"";"";"";"";"";"";"";"";"";"";"";"";"";"";"";"";""
"25/07/2025";"2000";"";"";"";"";"";"";"";"";"";"";"";"";"";"";"";"";""
"25/07/2025";"2100";"";"";"";"";"";"";"";"";"";"";"";"";"";"";"";"";""
"25/07/2025";"2200";"";"";"";"";"";"";"";"";"";"";"";"";"";"";"";"";""
"25/07/2025";"2300";"";"";"";"";"";"";"";"";"";"";"";"";"";"";"";"";""
"26/07/2025";"0000";"";"";"";"";"";"";"";"";"";"";"";"";"";"";"";"";""
"26/07/2025";"0100";"";"";"";"";"";"";"";"";"";"";"";"";"";"";"";"";""
"26/07/2025";"0200";"";"";"";"";"";"";"";"";"";"";"";"";"";"";"";"";""
"26/07/2025";"0300";"";"";"";"";"";"";"";"";"";"";"";"";"";"";"";"";""
"26/07/2025";"0400";"";"";"";"";"";"";"";"";"";"";"";"";"";"";"";"";""
"26/07/2025";"0500";"";"";"";"";"";"";"";"";"";"";"";"";"";"";"";"";""
"26/07/2025";"0600";"";"";"";"";"";"";"";"";"";"";"";"";"";"";"";"";""
"26/07/2025";"0700";"";"";"";"";"";"";"";"";"";"";"";"";"";"";"";"";""
"26/07/2025";"0800";"";"";"";"";"";"";"";"";"";"";"";"";"";"";"";"";""
"26/07/2025";"0900";"";"";"";"";"";"";"";"";"";"";"";"";"";"";"";"";""
"26/07/2025";"1000";"";"";"";"";"";"";"";"";"";"";"";"";"";"";"";"";""
"26/07/2025";"1100";"";"";"";"";"";"";"";"";"";"";"";"";"";"";"";"";""
"26/07/2025";"1200";"";"";"";"";"";"";"";"";"";"";"";"";"";"";"";"";""
"26/07/2025";"1300";"";"";"";"";"";"";"";"";"";"";"";"";"";"";"";"";""
"26/07/2025";"1400";"";"";"";"";"";"";"";"";"";"";"";"";"";"";"";"";""
"26/07/2025";"1500";"";"";"";"";"";"";"";"";"";"";"";"";"";"";"";"";""
"26/07/2025";"1600";"";"";"";"";"";"";"";"";"";"";"";"";"";"";"";"";""
"26/07/2025";"1700";"";"";"";"";"";"";"";"";"";"";"";"";"";"";"";"";""
"26/07/2025";"1800";"";"";"";"";"";"";"";"";"";"";"";"";"";"";"";"";""
"26/07/2025";"1900";"";"";"";"";"";"";"";"";"";"";"";"";"";"";"";"";""
"26/07/2025";"2000";"";"";"";"";"";"";"";"";"";"";"";"";"";"";"";"";""
"26/07/2025";"2100";"";"";"";"";"";"";"";"";"";"";"";"";"";"";"";"";""
"26/07/2025";"2200";"";"";"";"";"";"";"";"";"";"";"";"";"";"";"";"";""
"26/07/2025";"2300";"";"";"";"";"";"";"";"";"";"";"";"";"";"";"";"";""
"27/07/2025";"0000";"";"";"";"";"";"";"";"";"";"";"";"";"";"";"";"";""
"27/07/2025";"0100";"";"";"";"";"";"";"";"";"";"";"";"";"";"";"";"";""
"27/07/2025";"0200";"";"";"";"";"";"";"";"";"";"";"";"";"";"";"";"";""
"27/07/2025";"0300";"";"";"";"";"";"";"";"";"";"";"";"";"";"";"";"";""
"27/07/2025";"0400";"";"";"";"";"";"";"";"";"";"";"";"";"";"";"";"";""
"27/07/2025";"0500";"";"";"";"";"";"";"";"";"";"";"";"";"";"";"";"";""
"27/07/2025";"0600";"";"";"";"";"";"";"";"";"";"";"";"";"";"";"";"";""
"27/07/2025";"0700";"";"";"";"";"";"";"";"";"";"";"";"";"";"";"";"";""
"27/07/2025";"0800";"";"";"";"";"";"";"";"";"";"";"";"";"";"";"";"";""
"27/07/2025";"0900";"";"";"";"";"";"";"";"";"";"";"";"";"";"";"";"";""
"27/07/2025";"1000";"";"";"";"";"";"";"";"";"";"";"";"";"";"";"";"";""
"27/07/2025";"1100";"";"";"";"";"";"";"";"";"";"";"";"";"";"";"";"";""
"27/07/2025";"1200";"";"";"";"";"";"";"";"";"";"";"";"";"";"";"";"";""
"27/07/2025";"1300";"";"";"";"";"";"";"";"";"";"";"";"";"";"";"";"";""
"27/07/2025";"1400";"";"";"";"";"";"";"";"";"";"";"";"";"";"";"";"";""
"27/07/2025";"1500";"";"";"";"";"";"";"";"";"";"";"";"";"";"";"";"";""
"27/07/2025";"1600";"";"";"";"";"";"";"";"";"";"";"";"";"";"";"";"";""
"27/07/2025";"1700";"";"";"";"";"";"";"";"";"";"";"";"";"";"";"";"";""
"27/07/2025";"1800";"";"";"";"";"";"";"";"";"";"";"";"";"";"";"";"";""
"27/07/2025";"1900";"";"";"";"";"";"";"";"";"";"";"";"";"";"";"";"";""
"27/07/2025";"2000";"";"";"";"";"";"";"";"";"";"";"";"";"";"";"";"";""
"27/07/2025";"2100";"";"";"";"";"";"";"";"";"";"";"";"";"";"";"";"";""
"27/07/2025";"2200";"";"";"";"";"";"";"";"";"";"";"";"";"";"";"";"";""
"27/07/2025";"2300";"";"";"";"";"";"";"";"";"";"";"";"";"";"";"";"";""
"28/07/2025";"0000";"";"";"";"";"";"";"";"";"";"";"";"";"";"";"";"";""
"28/07/2025";"0100";"";"";"";"";"";"";"";"";"";"";"";"";"";"";"";"";""
"28/07/2025";"0200";"";"";"";"";"";"";"";"";"";"";"";"";"";"";"";"";""
"28/07/2025";"0300";"";"";"";"";"";"";"";"";"";"";"";"";"";"";"";"";""
"28/07/2025";"0400";"";"";"";"";"";"";"";"";"";"";"";"";"";"";"";"";""
"28/07/2025";"0500";"";"";"";"";"";"";"";"";"";"";"";"";"";"";"";"";""
"28/07/2025";"0600";"";"";"";"";"";"";"";"";"";"";"";"";"";"";"";"";""
"28/07/2025";"0700";"";"";"";"";"";"";"";"";"";"";"";"";"";"";"";"";""
"28/07/2025";"0800";"";"";"";"";"";"";"";"";"";"";"";"";"";"";"";"";""
"28/07/2025";"0900";"";"";"";"";"";"";"";"";"";"";"";"";"";"";"";"";""
"28/07/2025";"1000";"";"";"";"";"";"";"";"";"";"";"";"";"";"";"";"";""
"28/07/2025";"1100";"";"";"";"";"";"";"";"";"";"";"";"";"";"";"";"";""
"28/07/2025";"1200";"";"";"";"";"";"";"";"";"";"";"";"";"";"";"";"";""
"28/07/2025";"1300";"";"";"";"";"";"";"";"";"";"";"";"";"";"";"";"";""
"28/07/2025";"1400";"";"";"";"";"";"";"";"";"";"";"";"";"";"";"";"";""
"28/07/2025";"1500";"";"";"";"";"";"";"";"";"";"";"";"";"";"";"";"";""
"28/07/2025";"1600";"";"";"";"";"";"";"";"";"";"";"";"";"";"";"";"";""
"28/07/2025";"1700";"";"";"";"";"";"";"";"";"";"";"";"";"";"";"";"";""
"28/07/2025";"1800";"";"";"";"";"";"";"";"";"";"";"";"";"";"";"";"";""
"28/07/2025";"1900";"";"";"";"";"";"";"";"";"";"";"";"";"";"";"";"";""
"28/07/2025";"2000";"";"";"";"";"";"";"";"";"";"";"";"";"";"";"";"";""
"28/07/2025";"2100";"";"";"";"";"";"";"";"";"";"";"";"";"";"";"";"";""
"28/07/2025";"2200";"";"";"";"";"";"";"";"";"";"";"";"";"";"";"";"";""
"28/07/2025";"2300";"";"";"";"";"";"";"";"";"";"";"";"";"";"";"";"";""
"29/07/2025";"0000";"";"";"";"";"";"";"";"";"";"";"";"";"";"";"";"";""
"29/07/2025";"0100";"";"";"";"";"";"";"";"";"";"";"";"";"";"";"";"";""
"29/07/2025";"0200";"";"";"";"";"";"";"";"";"";"";"";"";"";"";"";"";""
"29/07/2025";"0300";"";"";"";"";"";"";"";"";"";"";"";"";"";"";"";"";""
"29/07/2025";"0400";"";"";"";"";"";"";"";"";"";"";"";"";"";"";"";"";""
"29/07/2025";"0500";"";"";"";"";"";"";"";"";"";"";"";"";"";"";"";"";""
"29/07/2025";"0600";"";"";"";"";"";"";"";"";"";"";"";"";"";"";"";"";""
"29/07/2025";"0700";"";"";"";"";"";"";"";"";"";"";"";"";"";"";"";"";""
"29/07/2025";"0800";"";"";"";"";"";"";"";"";"";"";"";"";"";"";"";"";""
"29/07/2025";"0900";"";"";"";"";"";"";"";"";"";"";"";"";"";"";"";"";""
"29/07/2025";"1000";"";"";"";"";"";"";"";"";"";"";"";"";"";"";"";"";""
"29/07/2025";"1100";"";"";"";"";"";"";"";"";"";"";"";"";"";"";"";"";""
"29/07/2025";"1200";"";"";"";"";"";"";"";"";"";"";"";"";"";"";"";"";""
"29/07/2025";"1300";"";"";"";"";"";"";"";"";"";"";"";"";"";"";"";"";""
"29/07/2025";"1400";"";"";"";"";"";"";"";"";"";"";"";"";"";"";"";"";""
"29/07/2025";"1500";"";"";"";"";"";"";"";"";"";"";"";"";"";"";"";"";""
"29/07/2025";"1600";"";"";"";"";"";"";"";"";"";"";"";"";"";"";"";"";""
"29/07/2025";"1700";"";"";"";"";"";"";"";"";"";"";"";"";"";"";"";"";""
"29/07/2025";"1800";"";"";"";"";"";"";"";"";"";"";"";"";"";"";"";"";""
"29/07/2025";"1900";"";"";"";"";"";"";"";"";"";"";"";"";"";"";"";"";""
"29/07/2025";"2000";"";"";"";"";"";"";"";"";"";"";"";"";"";"";"";"";""
"29/07/2025";"2100";"";"";"";"";"";"";"";"";"";"";"";"";"";"";"";"";""
"29/07/2025";"2200";"";"";"";"";"";"";"";"";"";"";"";"";"";"";"";"";""
"29/07/2025";"2300";"";"";"";"";"";"";"";"";"";"";"";"";"";"";"";"";""
"30/07/2025";"0000";"";"";"";"";"";"";"";"";"";"";"";"";"";"";"";"";""
"30/07/2025";"0100";"";"";"";"";"";"";"";"";"";"";"";"";"";"";"";"";""
"30/07/2025";"0200";"";"";"";"";"";"";"";"";"";"";"";"";"";"";"";"";""
"30/07/2025";"0300";"";"";"";"";"";"";"";"";"";"";"";"";"";"";"";"";""
"30/07/2025";"0400";"";"";"";"";"";"";"";"";"";"";"";"";"";"";"";"";""
"30/07/2025";"0500";"";"";"";"";"";"";"";"";"";"";"";"";"";"";"";"";""
"30/07/2025";"0600";"";"";"";"";"";"";"";"";"";"";"";"";"";"";"";"";""
"30/07/2025";"0700";"";"";"";"";"";"";"";"";"";"";"";"";"";"";"";"";""
"30/07/2025";"0800";"";"";"";"";"";"";"";"";"";"";"";"";"";"";"";"";""
"30/07/2025";"0900";"";"";"";"";"";"";"";"";"";"";"";"";"";"";"";"";""
"30/07/2025";"1000";"";"";"";"";"";"";"";"";"";"";"";"";"";"";"";"";""
"30/07/2025";"1100";"";"";"";"";"";"";"";"";"";"";"";"";"";"";"";"";""
"30/07/2025";"1200";"";"";"";"";"";"";"";"";"";"";"";"";"";"";"";"";""
"30/07/2025";"1300";"";"";"";"";"";"";"";"";"";"";"";"";"";"";"";"";""
"30/07/2025";"1400";"";"";"";"";"";"";"";"";"";"";"";"";"";"";"";"";""
"30/07/2025";"1500";"";"";"";"";"";"";"";"";"";"";"";"";"";"";"";"";""
"30/07/2025";"1600";"";"";"";"";"";"";"";"";"";"";"";"";"";"";"";"";""
"30/07/2025";"1700";"";"";"";"";"";"";"";"";"";"";"";"";"";"";"";"";""
"30/07/2025";"1800";"";"";"";"";"";"";"";"";"";"";"";"";"";"";"";"";""
"30/07/2025";"1900";"";"";"";"";"";"";"";"";"";"";"";"";"";"";"";"";""
"30/07/2025";"2000";"";"";"";"";"";"";"";"";"";"";"";"";"";"";"";"";""
"30/07/2025";"2100";"";"";"";"";"";"";"";"";"";"";"";"";"";"";"";"";""
"30/07/2025";"2200";"";"";"";"";"";"";"";"";"";"";"";"";"";"";"";"";""
"30/07/2025";"2300";"";"";"";"";"";"";"";"";"";"";"";"";"";"";"";"";""
"31/07/2025";"0000";"";"";"";"";"";"";"";"";"";"";"";"";"";"";"";"";""
"31/07/2025";"0100";"";"";"";"";"";"";"";"";"";"";"";"";"";"";"";"";""
"31/07/2025";"0200";"";"";"";"";"";"";"";"";"";"";"";"";"";"";"";"";""
"31/07/2025";"0300";"";"";"";"";"";"";"";"";"";"";"";"";"";"";"";"";""
"31/07/2025";"0400";"";"";"";"";"";"";"";"";"";"";"";"";"";"";"";"";""
"31/07/2025";"0500";"";"";"";"";"";"";"";"";"";"";"";"";"";"";"";"";""
"31/07/2025";"0600";"";"";"";"";"";"";"";"";"";"";"";"";"";"";"";"";""
"31/07/2025";"0700";"";"";"";"";"";"";"";"";"";"";"";"";"";"";"";"";""
"31/07/2025";"0800";"";"";"";"";"";"";"";"";"";"";"";"";"";"";"";"";""
"31/07/2025";"0900";"";"";"";"";"";"";"";"";"";"";"";"";"";"";"";"";""
"31/07/2025";"1000";"";"";"";"";"";"";"";"";"";"";"";"";"";"";"";"";""
"31/07/2025";"1100";"";"";"";"";"";"";"";"";"";"";"";"";"";"";"";"";""
"31/07/2025";"1200";"";"";"";"";"";"";"";"";"";"";"";"";"";"";"";"";""
"31/07/2025";"1300";"";"";"";"";"";"";"";"";"";"";"";"";"";"";"";"";""
"31/07/2025";"1400";"";"";"";"";"";"";"";"";"";"";"";"";"";"";"";"";""
"31/07/2025";"1500";"";"";"";"";"";"";"";"";"";"";"";"";"";"";"";"";""
"31/07/2025";"1600";"";"";"";"";"";"";"";"";"";"";"";"";"";"";"";"";""
"31/07/2025";"1700";"";"";"";"";"";"";"";"";"";"";"";"";"";"";"";"";""
"31/07/2025";"1800";"";"";"";"";"";"";"";"";"";"";"";"";"";"";"";"";""
"31/07/2025";"1900";"";"";"";"";"";"";"";"";"";"";"";"";"";"";"";"";""
"31/07/2025";"2000";"";"";"";"";"";"";"";"";"";"";"";"";"";"";"";"";""
"31/07/2025";"2100";"";"";"";"";"";"";"";"";"";"";"";"";"";"";"";"";""
"31/07/2025";"2200";"";"";"";"";"";"";"";"";"";"";"";"";"";"";"";"";""
"31/07/2025";"2300";"";"";"";"";"";"";"";"";"";"";"";"";"";"";"";"";""
"01/08/2025";"0000";"";"";"";"";"";"";"";"";"";"";"";"";"";"";"";"";""
"01/08/2025";"0100";"";"";"";"";"";"";"";"";"";"";"";"";"";"";"";"";""
"01/08/2025";"0200";"";"";"";"";"";"";"";"";"";"";"";"";"";"";"";"";""
"01/08/2025";"0300";"";"";"";"";"";"";"";"";"";"";"";"";"";"";"";"";""
"01/08/2025";"0400";"";"";"";"";"";"";"";"";"";"";"";"";"";"";"";"";""
"01/08/2025";"0500";"";"";"";"";"";"";"";"";"";"";"";"";"";"";"";"";""
"01/08/2025";"0600";"";"";"";"";"";"";"";"";"";"";"";"";"";"";"";"";""
"01/08/2025";"0700";"";"";"";"";"";"";"";"";"";"";"";"";"";"";"";"";""
"01/08/2025";"0800";"";"";"";"";"";"";"";"";"";"";"";"";"";"";"";"";""
"01/08/2025";"0900";"";"";"";"";"";"";"";"";"";"";"";"";"";"";"";"";""
"01/08/2025";"1000";"";"";"";"";"";"";"";"";"";"";"";"";"";"";"";"";""
"01/08/2025";"1100";"";"";"";"";"";"";"";"";"";"";"";"";"";"";"";"";""
"01/08/2025";"1200";"";"";"";"";"";"";"";"";"";"";"";"";"";"";"";"";""
"01/08/2025";"1300";"";"";"";"";"";"";"";"";"";"";"";"";"";"";"";"";""
"01/08/2025";"1400";"";"";"";"";"";"";"";"";"";"";"";"";"";"";"";"";""
"01/08/2025";"1500";"";"";"";"";"";"";"";"";"";"";"";"";"";"";"";"";""
"01/08/2025";"1600";"";"";"";"";"";"";"";"";"";"";"";"";"";"";"";"";""
"01/08/2025";"1700";"";"";"";"";"";"";"";"";"";"";"";"";"";"";"";"";""
"01/08/2025";"1800";"";"";"";"";"";"";"";"";"";"";"";"";"";"";"";"";""
"01/08/2025";"1900";"";"";"";"";"";"";"";"";"";"";"";"";"";"";"";"";""
"01/08/2025";"2000";"";"";"";"";"";"";"";"";"";"";"";"";"";"";"";"";""
"01/08/2025";"2100";"";"";"";"";"";"";"";"";"";"";"";"";"";"";"";"";""
"01/08/2025";"2200";"";"";"";"";"";"";"";"";"";"";"";"";"";"";"";"";""
"01/08/2025";"2300";"";"";"";"";"";"";"";"";"";"";"";"";"";"";"";"";""
"02/08/2025";"0000";"";"";"";"";"";"";"";"";"";"";"";"";"";"";"";"";""
"02/08/2025";"0100";"";"";"";"";"";"";"";"";"";"";"";"";"";"";"";"";""
"02/08/2025";"0200";"";"";"";"";"";"";"";"";"";"";"";"";"";"";"";"";""
"02/08/2025";"0300";"";"";"";"";"";"";"";"";"";"";"";"";"";"";"";"";""
"02/08/2025";"0400";"";"";"";"";"";"";"";"";"";"";"";"";"";"";"";"";""
"02/08/2025";"0500";"";"";"";"";"";"";"";"";"";"";"";"";"";"";"";"";""
"02/08/2025";"0600";"";"";"";"";"";"";"";"";"";"";"";"";"";"";"";"";""
"02/08/2025";"0700";"";"";"";"";"";"";"";"";"";"";"";"";"";"";"";"";""
"02/08/2025";"0800";"";"";"";"";"";"";"";"";"";"";"";"";"";"";"";"";""
"02/08/2025";"0900";"";"";"";"";"";"";"";"";"";"";"";"";"";"";"";"";""
"02/08/2025";"1000";"";"";"";"";"";"";"";"";"";"";"";"";"";"";"";"";""
"02/08/2025";"1100";"";"";"";"";"";"";"";"";"";"";"";"";"";"";"";"";""
"02/08/2025";"1200";"";"";"";"";"";"";"";"";"";"";"";"";"";"";"";"";""
"02/08/2025";"1300";"";"";"";"";"";"";"";"";"";"";"";"";"";"";"";"";""
"02/08/2025";"1400";"";"";"";"";"";"";"";"";"";"";"";"";"";"";"";"";""
"02/08/2025";"1500";"";"";"";"";"";"";"";"";"";"";"";"";"";"";"";"";""
"02/08/2025";"1600";"";"";"";"";"";"";"";"";"";"";"";"";"";"";"";"";""
"02/08/2025";"1700";"";"";"";"";"";"";"";"";"";"";"";"";"";"";"";"";""
"02/08/2025";"1800";"";"";"";"";"";"";"";"";"";"";"";"";"";"";"";"";""
"02/08/2025";"1900";"";"";"";"";"";"";"";"";"";"";"";"";"";"";"";"";""
"02/08/2025";"2000";"";"";"";"";"";"";"";"";"";"";"";"";"";"";"";"";""
"02/08/2025";"2100";"";"";"";"";"";"";"";"";"";"";"";"";"";"";"";"";""
"02/08/2025";"2200";"";"";"";"";"";"";"";"";"";"";"";"";"";"";"";"";""
"02/08/2025";"2300";"";"";"";"";"";"";"";"";"";"";"";"";"";"";"";"";""
"03/08/2025";"0000";"";"";"";"";"";"";"";"";"";"";"";"";"";"";"";"";""
"03/08/2025";"0100";"";"";"";"";"";"";"";"";"";"";"";"";"";"";"";"";""
"03/08/2025";"0200";"";"";"";"";"";"";"";"";"";"";"";"";"";"";"";"";""
"03/08/2025";"0300";"";"";"";"";"";"";"";"";"";"";"";"";"";"";"";"";""
"03/08/2025";"0400";"";"";"";"";"";"";"";"";"";"";"";"";"";"";"";"";""
"03/08/2025";"0500";"";"";"";"";"";"";"";"";"";"";"";"";"";"";"";"";""
"03/08/2025";"0600";"";"";"";"";"";"";"";"";"";"";"";"";"";"";"";"";""
"03/08/2025";"0700";"";"";"";"";"";"";"";"";"";"";"";"";"";"";"";"";""
"03/08/2025";"0800";"";"";"";"";"";"";"";"";"";"";"";"";"";"";"";"";""
"03/08/2025";"0900";"";"";"";"";"";"";"";"";"";"";"";"";"";"";"";"";""
"03/08/2025";"1000";"";"";"";"";"";"";"";"";"";"";"";"";"";"";"";"";""
"03/08/2025";"1100";"";"";"";"";"";"";"";"";"";"";"";"";"";"";"";"";""
"03/08/2025";"1200";"";"";"";"";"";"";"";"";"";"";"";"";"";"";"";"";""
"03/08/2025";"1300";"";"";"";"";"";"";"";"";"";"";"";"";"";"";"";"";""
"03/08/2025";"1400";"";"";"";"";"";"";"";"";"";"";"";"";"";"";"";"";""
"03/08/2025";"1500";"";"";"";"";"";"";"";"";"";"";"";"";"";"";"";"";""
"03/08/2025";"1600";"";"";"";"";"";"";"";"";"";"";"";"";"";"";"";"";""
"03/08/2025";"1700";"";"";"";"";"";"";"";"";"";"";"";"";"";"";"";"";""
"03/08/2025";"1800";"";"";"";"";"";"";"";"";"";"";"";"";"";"";"";"";""
"03/08/2025";"1900";"";"";"";"";"";"";"";"";"";"";"";"";"";"";"";"";""
"03/08/2025";"2000";"";"";"";"";"";"";"";"";"";"";"";"";"";"";"";"";""
"03/08/2025";"2100";"";"";"";"";"";"";"";"";"";"";"";"";"";"";"";"";""
"03/08/2025";"2200";"";"";"";"";"";"";"";"";"";"";"";"";"";"";"";"";""
"03/08/2025";"2300";"";"";"";"";"";"";"";"";"";"";"";"";"";"";"";"";""
"04/08/2025";"0000";"";"";"";"";"";"";"";"";"";"";"";"";"";"";"";"";""
"04/08/2025";"0100";"";"";"";"";"";"";"";"";"";"";"";"";"";"";"";"";""
"04/08/2025";"0200";"";"";"";"";"";"";"";"";"";"";"";"";"";"";"";"";""
"04/08/2025";"0300";"";"";"";"";"";"";"";"";"";"";"";"";"";"";"";"";""
"04/08/2025";"0400";"";"";"";"";"";"";"";"";"";"";"";"";"";"";"";"";""
"04/08/2025";"0500";"";"";"";"";"";"";"";"";"";"";"";"";"";"";"";"";""
"04/08/2025";"0600";"";"";"";"";"";"";"";"";"";"";"";"";"";"";"";"";""
"04/08/2025";"0700";"";"";"";"";"";"";"";"";"";"";"";"";"";"";"";"";""
"04/08/2025";"0800";"";"";"";"";"";"";"";"";"";"";"";"";"";"";"";"";""
"04/08/2025";"0900";"";"";"";"";"";"";"";"";"";"";"";"";"";"";"";"";""
"04/08/2025";"1000";"";"";"";"";"";"";"";"";"";"";"";"";"";"";"";"";""
"04/08/2025";"1100";"";"";"";"";"";"";"";"";"";"";"";"";"";"";"";"";""
"04/08/2025";"1200";"";"";"";"";"";"";"";"";"";"";"";"";"";"";"";"";""
"04/08/2025";"1300";"";"";"";"";"";"";"";"";"";"";"";"";"";"";"";"";""
"04/08/2025";"1400";"";"";"";"";"";"";"";"";"";"";"";"";"";"";"";"";""
"04/08/2025";"1500";"";"";"";"";"";"";"";"";"";"";"";"";"";"";"";"";""
"04/08/2025";"1600";"";"";"";"";"";"";"";"";"";"";"";"";"";"";"";"";""
"04/08/2025";"1700";"";"";"";"";"";"";"";"";"";"";"";"";"";"";"";"";""
"04/08/2025";"1800";"";"";"";"";"";"";"";"";"";"";"";"";"";"";"";"";""
"04/08/2025";"1900";"";"";"";"";"";"";"";"";"";"";"";"";"";"";"";"";""
"04/08/2025";"2000";"";"";"";"";"";"";"";"";"";"";"";"";"";"";"";"";""
"04/08/2025";"2100";"";"";"";"";"";"";"";"";"";"";"";"";"";"";"";"";""
"04/08/2025";"2200";"";"";"";"";"";"";"";"";"";"";"";"";"";"";"";"";""
"04/08/2025";"2300";"";"";"";"";"";"";"";"";"";"";"";"";"";"";"";"";""
"05/08/2025";"0000";"";"";"";"";"";"";"";"";"";"";"";"";"";"";"";"";""
"05/08/2025";"0100";"";"";"";"";"";"";"";"";"";"";"";"";"";"";"";"";""
"05/08/2025";"0200";"";"";"";"";"";"";"";"";"";"";"";"";"";"";"";"";""
"05/08/2025";"0300";"";"";"";"";"";"";"";"";"";"";"";"";"";"";"";"";""
"05/08/2025";"0400";"";"";"";"";"";"";"";"";"";"";"";"";"";"";"";"";""
"05/08/2025";"0500";"";"";"";"";"";"";"";"";"";"";"";"";"";"";"";"";""
"05/08/2025";"0600";"";"";"";"";"";"";"";"";"";"";"";"";"";"";"";"";""
"05/08/2025";"0700";"";"";"";"";"";"";"";"";"";"";"";"";"";"";"";"";""
"05/08/2025";"0800";"";"";"";"";"";"";"";"";"";"";"";"";"";"";"";"";""
"05/08/2025";"0900";"";"";"";"";"";"";"";"";"";"";"";"";"";"";"";"";""
"05/08/2025";"1000";"";"";"";"";"";"";"";"";"";"";"";"";"";"";"";"";""
"05/08/2025";"1100";"";"";"";"";"";"";"";"";"";"";"";"";"";"";"";"";""
"05/08/2025";"1200";"";"";"";"";"";"";"";"";"";"";"";"";"";"";"";"";""
"05/08/2025";"1300";"";"";"";"";"";"";"";"";"";"";"";"";"";"";"";"";""
"05/08/2025";"1400";"";"";"";"";"";"";"";"";"";"";"";"";"";"";"";"";""
"05/08/2025";"1500";"";"";"";"";"";"";"";"";"";"";"";"";"";"";"";"";""
"05/08/2025";"1600";"";"";"";"";"";"";"";"";"";"";"";"";"";"";"";"";""
"05/08/2025";"1700";"";"";"";"";"";"";"";"";"";"";"";"";"";"";"";"";""
"05/08/2025";"1800";"";"";"";"";"";"";"";"";"";"";"";"";"";"";"";"";""
"05/08/2025";"1900";"";"";"";"";"";"";"";"";"";"";"";"";"";"";"";"";""
"05/08/2025";"2000";"";"";"";"";"";"";"";"";"";"";"";"";"";"";"";"";""
"05/08/2025";"2100";"";"";"";"";"";"";"";"";"";"";"";"";"";"";"";"";""
"05/08/2025";"2200";"";"";"";"";"";"";"";"";"";"";"";"";"";"";"";"";""
"05/08/2025";"2300";"";"";"";"";"";"";"";"";"";"";"";"";"";"";"";"";""
"06/08/2025";"0000";"";"";"";"";"";"";"";"";"";"";"";"";"";"";"";"";""
"06/08/2025";"0100";"";"";"";"";"";"";"";"";"";"";"";"";"";"";"";"";""
"06/08/2025";"0200";"";"";"";"";"";"";"";"";"";"";"";"";"";"";"";"";""
"06/08/2025";"0300";"";"";"";"";"";"";"";"";"";"";"";"";"";"";"";"";""
"06/08/2025";"0400";"";"";"";"";"";"";"";"";"";"";"";"";"";"";"";"";""
"06/08/2025";"0500";"";"";"";"";"";"";"";"";"";"";"";"";"";"";"";"";""
"06/08/2025";"0600";"";"";"";"";"";"";"";"";"";"";"";"";"";"";"";"";""
"06/08/2025";"0700";"";"";"";"";"";"";"";"";"";"";"";"";"";"";"";"";""
"06/08/2025";"0800";"";"";"";"";"";"";"";"";"";"";"";"";"";"";"";"";""
"06/08/2025";"0900";"";"";"";"";"";"";"";"";"";"";"";"";"";"";"";"";""
"06/08/2025";"1000";"";"";"";"";"";"";"";"";"";"";"";"";"";"";"";"";""
"06/08/2025";"1100";"";"";"";"";"";"";"";"";"";"";"";"";"";"";"";"";""
"06/08/2025";"1200";"";"";"";"";"";"";"";"";"";"";"";"";"";"";"";"";""
"06/08/2025";"1300";"";"";"";"";"";"";"";"";"";"";"";"";"";"";"";"";""
"06/08/2025";"1400";"";"";"";"";"";"";"";"";"";"";"";"";"";"";"";"";""
"06/08/2025";"1500";"";"";"";"";"";"";"";"";"";"";"";"";"";"";"";"";""
"06/08/2025";"1600";"";"";"";"";"";"";"";"";"";"";"";"";"";"";"";"";""
"06/08/2025";"1700";"";"";"";"";"";"";"";"";"";"";"";"";"";"";"";"";""
"06/08/2025";"1800";"";"";"";"";"";"";"";"";"";"";"";"";"";"";"";"";""
"06/08/2025";"1900";"";"";"";"";"";"";"";"";"";"";"";"";"";"";"";"";""
"06/08/2025";"2000";"";"";"";"";"";"";"";"";"";"";"";"";"";"";"";"";""
"06/08/2025";"2100";"";"";"";"";"";"";"";"";"";"";"";"";"";"";"";"";""
"06/08/2025";"2200";"";"";"";"";"";"";"";"";"";"";"";"";"";"";"";"";""
"06/08/2025";"2300";"";"";"";"";"";"";"";"";"";"";"";"";"";"";"";"";""
"07/08/2025";"0000";"";"";"";"";"";"";"";"";"";"";"";"";"";"";"";"";""
"07/08/2025";"0100";"";"";"";"";"";"";"";"";"";"";"";"";"";"";"";"";""
"07/08/2025";"0200";"";"";"";"";"";"";"";"";"";"";"";"";"";"";"";"";""
"07/08/2025";"0300";"";"";"";"";"";"";"";"";"";"";"";"";"";"";"";"";""
"07/08/2025";"0400";"";"";"";"";"";"";"";"";"";"";"";"";"";"";"";"";""
"07/08/2025";"0500";"";"";"";"";"";"";"";"";"";"";"";"";"";"";"";"";""
"07/08/2025";"0600";"";"";"";"";"";"";"";"";"";"";"";"";"";"";"";"";""
"07/08/2025";"0700";"";"";"";"";"";"";"";"";"";"";"";"";"";"";"";"";""
"07/08/2025";"0800";"";"";"";"";"";"";"";"";"";"";"";"";"";"";"";"";""
"07/08/2025";"0900";"";"";"";"";"";"";"";"";"";"";"";"";"";"";"";"";""
"07/08/2025";"1000";"";"";"";"";"";"";"";"";"";"";"";"";"";"";"";"";""
"07/08/2025";"1100";"";"";"";"";"";"";"";"";"";"";"";"";"";"";"";"";""
"07/08/2025";"1200";"";"";"";"";"";"";"";"";"";"";"";"";"";"";"";"";""
"07/08/2025";"1300";"";"";"";"";"";"";"";"";"";"";"";"";"";"";"";"";""
"07/08/2025";"1400";"";"";"";"";"";"";"";"";"";"";"";"";"";"";"";"";""
"07/08/2025";"1500";"";"";"";"";"";"";"";"";"";"";"";"";"";"";"";"";""
"07/08/2025";"1600";"";"";"";"";"";"";"";"";"";"";"";"";"";"";"";"";""
"07/08/2025";"1700";"";"";"";"";"";"";"";"";"";"";"";"";"";"";"";"";""
"07/08/2025";"1800";"";"";"";"";"";"";"";"";"";"";"";"";"";"";"";"";""
"07/08/2025";"1900";"";"";"";"";"";"";"";"";"";"";"";"";"";"";"";"";""
"07/08/2025";"2000";"";"";"";"";"";"";"";"";"";"";"";"";"";"";"";"";""
"07/08/2025";"2100";"";"";"";"";"";"";"";"";"";"";"";"";"";"";"";"";""
"07/08/2025";"2200";"";"";"";"";"";"";"";"";"";"";"";"";"";"";"";"";""
"07/08/2025";"2300";"";"";"";"";"";"";"";"";"";"";"";"";"";"";"";"";""
"08/08/2025";"0000";"";"";"";"";"";"";"";"";"";"";"";"";"";"";"";"";""
"08/08/2025";"0100";"";"";"";"";"";"";"";"";"";"";"";"";"";"";"";"";""
"08/08/2025";"0200";"";"";"";"";"";"";"";"";"";"";"";"";"";"";"";"";""
"08/08/2025";"0300";"";"";"";"";"";"";"";"";"";"";"";"";"";"";"";"";""
"08/08/2025";"0400";"";"";"";"";"";"";"";"";"";"";"";"";"";"";"";"";""
"08/08/2025";"0500";"";"";"";"";"";"";"";"";"";"";"";"";"";"";"";"";""
"08/08/2025";"0600";"";"";"";"";"";"";"";"";"";"";"";"";"";"";"";"";""
"08/08/2025";"0700";"";"";"";"";"";"";"";"";"";"";"";"";"";"";"";"";""
"08/08/2025";"0800";"";"";"";"";"";"";"";"";"";"";"";"";"";"";"";"";""
"08/08/2025";"0900";"";"";"";"";"";"";"";"";"";"";"";"";"";"";"";"";""
"08/08/2025";"1000";"";"";"";"";"";"";"";"";"";"";"";"";"";"";"";"";""
"08/08/2025";"1100";"";"";"";"";"";"";"";"";"";"";"";"";"";"";"";"";""
"08/08/2025";"1200";"";"";"";"";"";"";"";"";"";"";"";"";"";"";"";"";""
"08/08/2025";"1300";"";"";"";"";"";"";"";"";"";"";"";"";"";"";"";"";""
"08/08/2025";"1400";"";"";"";"";"";"";"";"";"";"";"";"";"";"";"";"";""
"08/08/2025";"1500";"";"";"";"";"";"";"";"";"";"";"";"";"";"";"";"";""
"08/08/2025";"1600";"";"";"";"";"";"";"";"";"";"";"";"";"";"";"";"";""
"08/08/2025";"1700";"";"";"";"";"";"";"";"";"";"";"";"";"";"";"";"";""
"08/08/2025";"1800";"";"";"";"";"";"";"";"";"";"";"";"";"";"";"";"";""
"08/08/2025";"1900";"";"";"";"";"";"";"";"";"";"";"";"";"";"";"";"";""
"08/08/2025";"2000";"";"";"";"";"";"";"";"";"";"";"";"";"";"";"";"";""
"08/08/2025";"2100";"";"";"";"";"";"";"";"";"";"";"";"";"";"";"";"";""
"08/08/2025";"2200";"";"";"";"";"";"";"";"";"";"";"";"";"";"";"";"";""
"08/08/2025";"2300";"";"";"";"";"";"";"";"";"";"";"";"";"";"";"";"";""
"09/08/2025";"0000";"";"";"";"";"";"";"";"";"";"";"";"";"";"";"";"";""
"09/08/2025";"0100";"";"";"";"";"";"";"";"";"";"";"";"";"";"";"";"";""
"09/08/2025";"0200";"";"";"";"";"";"";"";"";"";"";"";"";"";"";"";"";""
"09/08/2025";"0300";"";"";"";"";"";"";"";"";"";"";"";"";"";"";"";"";""
"09/08/2025";"0400";"";"";"";"";"";"";"";"";"";"";"";"";"";"";"";"";""
"09/08/2025";"0500";"";"";"";"";"";"";"";"";"";"";"";"";"";"";"";"";""
"09/08/2025";"0600";"";"";"";"";"";"";"";"";"";"";"";"";"";"";"";"";""
"09/08/2025";"0700";"";"";"";"";"";"";"";"";"";"";"";"";"";"";"";"";""
"09/08/2025";"0800";"";"";"";"";"";"";"";"";"";"";"";"";"";"";"";"";""
"09/08/2025";"0900";"";"";"";"";"";"";"";"";"";"";"";"";"";"";"";"";""
"09/08/2025";"1000";"";"";"";"";"";"";"";"";"";"";"";"";"";"";"";"";""
"09/08/2025";"1100";"";"";"";"";"";"";"";"";"";"";"";"";"";"";"";"";""
"09/08/2025";"1200";"";"";"";"";"";"";"";"";"";"";"";"";"";"";"";"";""
"09/08/2025";"1300";"";"";"";"";"";"";"";"";"";"";"";"";"";"";"";"";""
"09/08/2025";"1400";"";"";"";"";"";"";"";"";"";"";"";"";"";"";"";"";""
"09/08/2025";"1500";"";"";"";"";"";"";"";"";"";"";"";"";"";"";"";"";""
"09/08/2025";"1600";"";"";"";"";"";"";"";"";"";"";"";"";"";"";"";"";""
"09/08/2025";"1700";"";"";"";"";"";"";"";"";"";"";"";"";"";"";"";"";""
"09/08/2025";"1800";"";"";"";"";"";"";"";"";"";"";"";"";"";"";"";"";""
"09/08/2025";"1900";"";"";"";"";"";"";"";"";"";"";"";"";"";"";"";"";""
"09/08/2025";"2000";"";"";"";"";"";"";"";"";"";"";"";"";"";"";"";"";""
"09/08/2025";"2100";"";"";"";"";"";"";"";"";"";"";"";"";"";"";"";"";""
"09/08/2025";"2200";"";"";"";"";"";"";"";"";"";"";"";"";"";"";"";"";""
"09/08/2025";"2300";"";"";"";"";"";"";"";"";"";"";"";"";"";"";"";"";""
"10/08/2025";"0000";"";"";"";"";"";"";"";"";"";"";"";"";"";"";"";"";""
"10/08/2025";"0100";"";"";"";"";"";"";"";"";"";"";"";"";"";"";"";"";""
"10/08/2025";"0200";"";"";"";"";"";"";"";"";"";"";"";"";"";"";"";"";""
"10/08/2025";"0300";"";"";"";"";"";"";"";"";"";"";"";"";"";"";"";"";""
"10/08/2025";"0400";"";"";"";"";"";"";"";"";"";"";"";"";"";"";"";"";""
"10/08/2025";"0500";"";"";"";"";"";"";"";"";"";"";"";"";"";"";"";"";""
"10/08/2025";"0600";"";"";"";"";"";"";"";"";"";"";"";"";"";"";"";"";""
"10/08/2025";"0700";"";"";"";"";"";"";"";"";"";"";"";"";"";"";"";"";""
"10/08/2025";"0800";"";"";"";"";"";"";"";"";"";"";"";"";"";"";"";"";""
"10/08/2025";"0900";"";"";"";"";"";"";"";"";"";"";"";"";"";"";"";"";""
"10/08/2025";"1000";"";"";"";"";"";"";"";"";"";"";"";"";"";"";"";"";""
"10/08/2025";"1100";"";"";"";"";"";"";"";"";"";"";"";"";"";"";"";"";""
"10/08/2025";"1200";"";"";"";"";"";"";"";"";"";"";"";"";"";"";"";"";""
"10/08/2025";"1300";"";"";"";"";"";"";"";"";"";"";"";"";"";"";"";"";""
"10/08/2025";"1400";"";"";"";"";"";"";"";"";"";"";"";"";"";"";"";"";""
"10/08/2025";"1500";"";"";"";"";"";"";"";"";"";"";"";"";"";"";"";"";""
"10/08/2025";"1600";"";"";"";"";"";"";"";"";"";"";"";"";"";"";"";"";""
"10/08/2025";"1700";"";"";"";"";"";"";"";"";"";"";"";"";"";"";"";"";""
"10/08/2025";"1800";"";"";"";"";"";"";"";"";"";"";"";"";"";"";"";"";""
"10/08/2025";"1900";"";"";"";"";"";"";"";"";"";"";"";"";"";"";"";"";""
"10/08/2025";"2000";"";"";"";"";"";"";"";"";"";"";"";"";"";"";"";"";""
"10/08/2025";"2100";"";"";"";"";"";"";"";"";"";"";"";"";"";"";"";"";""
"10/08/2025";"2200";"";"";"";"";"";"";"";"";"";"";"";"";"";"";"";"";""
"10/08/2025";"2300";"";"";"";"";"";"";"";"";"";"";"";"";"";"";"";"";""
"11/08/2025";"0000";"";"";"";"";"";"";"";"";"";"";"";"";"";"";"";"";""
"11/08/2025";"0100";"";"";"";"";"";"";"";"";"";"";"";"";"";"";"";"";""
"11/08/2025";"0200";"";"";"";"";"";"";"";"";"";"";"";"";"";"";"";"";""
"11/08/2025";"0300";"";"";"";"";"";"";"";"";"";"";"";"";"";"";"";"";""
"11/08/2025";"0400";"";"";"";"";"";"";"";"";"";"";"";"";"";"";"";"";""
"11/08/2025";"0500";"";"";"";"";"";"";"";"";"";"";"";"";"";"";"";"";""
"11/08/2025";"0600";"";"";"";"";"";"";"";"";"";"";"";"";"";"";"";"";""
"11/08/2025";"0700";"";"";"";"";"";"";"";"";"";"";"";"";"";"";"";"";""
"11/08/2025";"0800";"";"";"";"";"";"";"";"";"";"";"";"";"";"";"";"";""
"11/08/2025";"0900";"";"";"";"";"";"";"";"";"";"";"";"";"";"";"";"";""
"11/08/2025";"1000";"";"";"";"";"";"";"";"";"";"";"";"";"";"";"";"";""
"11/08/2025";"1100";"";"";"";"";"";"";"";"";"";"";"";"";"";"";"";"";""
"11/08/2025";"1200";"";"";"";"";"";"";"";"";"";"";"";"";"";"";"";"";""
"11/08/2025";"1300";"";"";"";"";"";"";"";"";"";"";"";"";"";"";"";"";""
"11/08/2025";"1400";"";"";"";"";"";"";"";"";"";"";"";"";"";"";"";"";""
"11/08/2025";"1500";"";"";"";"";"";"";"";"";"";"";"";"";"";"";"";"";""
"11/08/2025";"1600";"";"";"";"";"";"";"";"";"";"";"";"";"";"";"";"";""
"11/08/2025";"1700";"";"";"";"";"";"";"";"";"";"";"";"";"";"";"";"";""
"11/08/2025";"1800";"";"";"";"";"";"";"";"";"";"";"";"";"";"";"";"";""
"11/08/2025";"1900";"";"";"";"";"";"";"";"";"";"";"";"";"";"";"";"";""
"11/08/2025";"2000";"";"";"";"";"";"";"";"";"";"";"";"";"";"";"";"";""
"11/08/2025";"2100";"";"";"";"";"";"";"";"";"";"";"";"";"";"";"";"";""
"11/08/2025";"2200";"";"";"";"";"";"";"";"";"";"";"";"";"";"";"";"";""
"11/08/2025";"2300";"";"";"";"";"";"";"";"";"";"";"";"";"";"";"";"";""
"12/08/2025";"0000";"";"";"";"";"";"";"";"";"";"";"";"";"";"";"";"";""
"12/08/2025";"0100";"";"";"";"";"";"";"";"";"";"";"";"";"";"";"";"";""
"12/08/2025";"0200";"";"";"";"";"";"";"";"";"";"";"";"";"";"";"";"";""
"12/08/2025";"0300";"";"";"";"";"";"";"";"";"";"";"";"";"";"";"";"";""
"12/08/2025";"0400";"";"";"";"";"";"";"";"";"";"";"";"";"";"";"";"";""
"12/08/2025";"0500";"";"";"";"";"";"";"";"";"";"";"";"";"";"";"";"";""
"12/08/2025";"0600";"";"";"";"";"";"";"";"";"";"";"";"";"";"";"";"";""
"12/08/2025";"0700";"";"";"";"";"";"";"";"";"";"";"";"";"";"";"";"";""
"12/08/2025";"0800";"";"";"";"";"";"";"";"";"";"";"";"";"";"";"";"";""
"12/08/2025";"0900";"";"";"";"";"";"";"";"";"";"";"";"";"";"";"";"";""
"12/08/2025";"1000";"";"";"";"";"";"";"";"";"";"";"";"";"";"";"";"";""
"12/08/2025";"1100";"";"";"";"";"";"";"";"";"";"";"";"";"";"";"";"";""
"12/08/2025";"1200";"";"";"";"";"";"";"";"";"";"";"";"";"";"";"";"";""
"12/08/2025";"1300";"";"";"";"";"";"";"";"";"";"";"";"";"";"";"";"";""
"12/08/2025";"1400";"";"";"";"";"";"";"";"";"";"";"";"";"";"";"";"";""
"12/08/2025";"1500";"";"";"";"";"";"";"";"";"";"";"";"";"";"";"";"";""
"12/08/2025";"1600";"";"";"";"";"";"";"";"";"";"";"";"";"";"";"";"";""
"12/08/2025";"1700";"";"";"";"";"";"";"";"";"";"";"";"";"";"";"";"";""
"12/08/2025";"1800";"";"";"";"";"";"";"";"";"";"";"";"";"";"";"";"";""
"12/08/2025";"1900";"";"";"";"";"";"";"";"";"";"";"";"";"";"";"";"";""
"12/08/2025";"2000";"";"";"";"";"";"";"";"";"";"";"";"";"";"";"";"";""
"12/08/2025";"2100";"";"";"";"";"";"";"";"";"";"";"";"";"";"";"";"";""
"12/08/2025";"2200";"";"";"";"";"";"";"";"";"";"";"";"";"";"";"";"";""
"12/08/2025";"2300";"";"";"";"";"";"";"";"";"";"";"";"";"";"";"";"";""
"13/08/2025";"0000";"";"";"";"";"";"";"";"";"";"";"";"";"";"";"";"";""
"13/08/2025";"0100";"";"";"";"";"";"";"";"";"";"";"";"";"";"";"";"";""
"13/08/2025";"0200";"";"";"";"";"";"";"";"";"";"";"";"";"";"";"";"";""
"13/08/2025";"0300";"";"";"";"";"";"";"";"";"";"";"";"";"";"";"";"";""
"13/08/2025";"0400";"";"";"";"";"";"";"";"";"";"";"";"";"";"";"";"";""
"13/08/2025";"0500";"";"";"";"";"";"";"";"";"";"";"";"";"";"";"";"";""
"13/08/2025";"0600";"";"";"";"";"";"";"";"";"";"";"";"";"";"";"";"";""
"13/08/2025";"0700";"";"";"";"";"";"";"";"";"";"";"";"";"";"";"";"";""
"13/08/2025";"0800";"";"";"";"";"";"";"";"";"";"";"";"";"";"";"";"";""
"13/08/2025";"0900";"";"";"";"";"";"";"";"";"";"";"";"";"";"";"";"";""
"13/08/2025";"1000";"";"";"";"";"";"";"";"";"";"";"";"";"";"";"";"";""
"13/08/2025";"1100";"";"";"";"";"";"";"";"";"";"";"";"";"";"";"";"";""
"13/08/2025";"1200";"";"";"";"";"";"";"";"";"";"";"";"";"";"";"";"";""
"13/08/2025";"1300";"";"";"";"";"";"";"";"";"";"";"";"";"";"";"";"";""
"13/08/2025";"1400";"";"";"";"";"";"";"";"";"";"";"";"";"";"";"";"";""
"13/08/2025";"1500";"";"";"";"";"";"";"";"";"";"";"";"";"";"";"";"";""
"13/08/2025";"1600";"";"";"";"";"";"";"";"";"";"";"";"";"";"";"";"";""
"13/08/2025";"1700";"";"";"";"";"";"";"";"";"";"";"";"";"";"";"";"";""
"13/08/2025";"1800";"";"";"";"";"";"";"";"";"";"";"";"";"";"";"";"";""
"13/08/2025";"1900";"";"";"";"";"";"";"";"";"";"";"";"";"";"";"";"";""
"13/08/2025";"2000";"";"";"";"";"";"";"";"";"";"";"";"";"";"";"";"";""
"13/08/2025";"2100";"";"";"";"";"";"";"";"";"";"";"";"";"";"";"";"";""
"13/08/2025";"2200";"";"";"";"";"";"";"";"";"";"";"";"";"";"";"";"";""
"13/08/2025";"2300";"";"";"";"";"";"";"";"";"";"";"";"";"";"";"";"";""
"14/08/2025";"0000";"";"";"";"";"";"";"";"";"";"";"";"";"";"";"";"";""
"14/08/2025";"0100";"";"";"";"";"";"";"";"";"";"";"";"";"";"";"";"";""
"14/08/2025";"0200";"";"";"";"";"";"";"";"";"";"";"";"";"";"";"";"";""
"14/08/2025";"0300";"";"";"";"";"";"";"";"";"";"";"";"";"";"";"";"";""
"14/08/2025";"0400";"";"";"";"";"";"";"";"";"";"";"";"";"";"";"";"";""
"14/08/2025";"0500";"";"";"";"";"";"";"";"";"";"";"";"";"";"";"";"";""
"14/08/2025";"0600";"";"";"";"";"";"";"";"";"";"";"";"";"";"";"";"";""
"14/08/2025";"0700";"";"";"";"";"";"";"";"";"";"";"";"";"";"";"";"";""
"14/08/2025";"0800";"";"";"";"";"";"";"";"";"";"";"";"";"";"";"";"";""
"14/08/2025";"0900";"";"";"";"";"";"";"";"";"";"";"";"";"";"";"";"";""
"14/08/2025";"1000";"";"";"";"";"";"";"";"";"";"";"";"";"";"";"";"";""
"14/08/2025";"1100";"";"";"";"";"";"";"";"";"";"";"";"";"";"";"";"";""
"14/08/2025";"1200";"";"";"";"";"";"";"";"";"";"";"";"";"";"";"";"";""
"14/08/2025";"1300";"";"";"";"";"";"";"";"";"";"";"";"";"";"";"";"";""
"14/08/2025";"1400";"";"";"";"";"";"";"";"";"";"";"";"";"";"";"";"";""
"14/08/2025";"1500";"";"";"";"";"";"";"";"";"";"";"";"";"";"";"";"";""
"14/08/2025";"1600";"";"";"";"";"";"";"";"";"";"";"";"";"";"";"";"";""
"14/08/2025";"1700";"";"";"";"";"";"";"";"";"";"";"";"";"";"";"";"";""
"14/08/2025";"1800";"";"";"";"";"";"";"";"";"";"";"";"";"";"";"";"";""
"14/08/2025";"1900";"";"";"";"";"";"";"";"";"";"";"";"";"";"";"";"";""
"14/08/2025";"2000";"";"";"";"";"";"";"";"";"";"";"";"";"";"";"";"";""
"14/08/2025";"2100";"";"";"";"";"";"";"";"";"";"";"";"";"";"";"";"";""
"14/08/2025";"2200";"";"";"";"";"";"";"";"";"";"";"";"";"";"";"";"";""
"14/08/2025";"2300";"";"";"";"";"";"";"";"";"";"";"";"";"";"";"";"";""
"15/08/2025";"0000";"";"";"";"";"";"";"";"";"";"";"";"";"";"";"";"";""
"15/08/2025";"0100";"";"";"";"";"";"";"";"";"";"";"";"";"";"";"";"";""
"15/08/2025";"0200";"";"";"";"";"";"";"";"";"";"";"";"";"";"";"";"";""
"15/08/2025";"0300";"";"";"";"";"";"";"";"";"";"";"";"";"";"";"";"";""
"15/08/2025";"0400";"";"";"";"";"";"";"";"";"";"";"";"";"";"";"";"";""
"15/08/2025";"0500";"";"";"";"";"";"";"";"";"";"";"";"";"";"";"";"";""
"15/08/2025";"0600";"";"";"";"";"";"";"";"";"";"";"";"";"";"";"";"";""
"15/08/2025";"0700";"";"";"";"";"";"";"";"";"";"";"";"";"";"";"";"";""
"15/08/2025";"0800";"";"";"";"";"";"";"";"";"";"";"";"";"";"";"";"";""
"15/08/2025";"0900";"";"";"";"";"";"";"";"";"";"";"";"";"";"";"";"";""
"15/08/2025";"1000";"";"";"";"";"";"";"";"";"";"";"";"";"";"";"";"";""
"15/08/2025";"1100";"";"";"";"";"";"";"";"";"";"";"";"";"";"";"";"";""
"15/08/2025";"1200";"";"";"";"";"";"";"";"";"";"";"";"";"";"";"";"";""
"15/08/2025";"1300";"";"";"";"";"";"";"";"";"";"";"";"";"";"";"";"";""
"15/08/2025";"1400";"";"";"";"";"";"";"";"";"";"";"";"";"";"";"";"";""
"15/08/2025";"1500";"";"";"";"";"";"";"";"";"";"";"";"";"";"";"";"";""
"15/08/2025";"1600";"";"";"";"";"";"";"";"";"";"";"";"";"";"";"";"";""
"15/08/2025";"1700";"";"";"";"";"";"";"";"";"";"";"";"";"";"";"";"";""
"15/08/2025";"1800";"";"";"";"";"";"";"";"";"";"";"";"";"";"";"";"";""
"15/08/2025";"1900";"";"";"";"";"";"";"";"";"";"";"";"";"";"";"";"";""
"15/08/2025";"2000";"";"";"";"";"";"";"";"";"";"";"";"";"";"";"";"";""
"15/08/2025";"2100";"";"";"";"";"";"";"";"";"";"";"";"";"";"";"";"";""
"15/08/2025";"2200";"";"";"";"";"";"";"";"";"";"";"";"";"";"";"";"";""
"15/08/2025";"2300";"";"";"";"";"";"";"";"";"";"";"";"";"";"";"";"";""
"16/08/2025";"0000";"";"";"";"";"";"";"";"";"";"";"";"";"";"";"";"";""
"16/08/2025";"0100";"";"";"";"";"";"";"";"";"";"";"";"";"";"";"";"";""
"16/08/2025";"0200";"";"";"";"";"";"";"";"";"";"";"";"";"";"";"";"";""
"16/08/2025";"0300";"";"";"";"";"";"";"";"";"";"";"";"";"";"";"";"";""
"16/08/2025";"0400";"";"";"";"";"";"";"";"";"";"";"";"";"";"";"";"";""
"16/08/2025";"0500";"";"";"";"";"";"";"";"";"";"";"";"";"";"";"";"";""
"16/08/2025";"0600";"";"";"";"";"";"";"";"";"";"";"";"";"";"";"";"";""
"16/08/2025";"0700";"";"";"";"";"";"";"";"";"";"";"";"";"";"";"";"";""
"16/08/2025";"0800";"";"";"";"";"";"";"";"";"";"";"";"";"";"";"";"";""
"16/08/2025";"0900";"";"";"";"";"";"";"";"";"";"";"";"";"";"";"";"";""
"16/08/2025";"1000";"";"";"";"";"";"";"";"";"";"";"";"";"";"";"";"";""
"16/08/2025";"1100";"";"";"";"";"";"";"";"";"";"";"";"";"";"";"";"";""
"16/08/2025";"1200";"";"";"";"";"";"";"";"";"";"";"";"";"";"";"";"";""
"16/08/2025";"1300";"";"";"";"";"";"";"";"";"";"";"";"";"";"";"";"";""
"16/08/2025";"1400";"";"";"";"";"";"";"";"";"";"";"";"";"";"";"";"";""
"16/08/2025";"1500";"";"";"";"";"";"";"";"";"";"";"";"";"";"";"";"";""
"16/08/2025";"1600";"";"";"";"";"";"";"";"";"";"";"";"";"";"";"";"";""
"16/08/2025";"1700";"";"";"";"";"";"";"";"";"";"";"";"";"";"";"";"";""
"16/08/2025";"1800";"";"";"";"";"";"";"";"";"";"";"";"";"";"";"";"";""
"16/08/2025";"1900";"";"";"";"";"";"";"";"";"";"";"";"";"";"";"";"";""
"16/08/2025";"2000";"";"";"";"";"";"";"";"";"";"";"";"";"";"";"";"";""
"16/08/2025";"2100";"";"";"";"";"";"";"";"";"";"";"";"";"";"";"";"";""
"16/08/2025";"2200";"";"";"";"";"";"";"";"";"";"";"";"";"";"";"";"";""
"16/08/2025";"2300";"";"";"";"";"";"";"";"";"";"";"";"";"";"";"";"";""
"17/08/2025";"0000";"";"";"";"";"";"";"";"";"";"";"";"";"";"";"";"";""
"17/08/2025";"0100";"";"";"";"";"";"";"";"";"";"";"";"";"";"";"";"";""
"17/08/2025";"0200";"";"";"";"";"";"";"";"";"";"";"";"";"";"";"";"";""
"17/08/2025";"0300";"";"";"";"";"";"";"";"";"";"";"";"";"";"";"";"";""
"17/08/2025";"0400";"";"";"";"";"";"";"";"";"";"";"";"";"";"";"";"";""
"17/08/2025";"0500";"";"";"";"";"";"";"";"";"";"";"";"";"";"";"";"";""
"17/08/2025";"0600";"";"";"";"";"";"";"";"";"";"";"";"";"";"";"";"";""
"17/08/2025";"0700";"";"";"";"";"";"";"";"";"";"";"";"";"";"";"";"";""
"17/08/2025";"0800";"";"";"";"";"";"";"";"";"";"";"";"";"";"";"";"";""
"17/08/2025";"0900";"";"";"";"";"";"";"";"";"";"";"";"";"";"";"";"";""
"17/08/2025";"1000";"";"";"";"";"";"";"";"";"";"";"";"";"";"";"";"";""
"17/08/2025";"1100";"";"";"";"";"";"";"";"";"";"";"";"";"";"";"";"";""
"17/08/2025";"1200";"";"";"";"";"";"";"";"";"";"";"";"";"";"";"";"";""
"17/08/2025";"1300";"";"";"";"";"";"";"";"";"";"";"";"";"";"";"";"";""
"17/08/2025";"1400";"";"";"";"";"";"";"";"";"";"";"";"";"";"";"";"";""
"17/08/2025";"1500";"";"";"";"";"";"";"";"";"";"";"";"";"";"";"";"";""
"17/08/2025";"1600";"";"";"";"";"";"";"";"";"";"";"";"";"";"";"";"";""
"17/08/2025";"1700";"";"";"";"";"";"";"";"";"";"";"";"";"";"";"";"";""
"17/08/2025";"1800";"";"";"";"";"";"";"";"";"";"";"";"";"";"";"";"";""
"17/08/2025";"1900";"";"";"";"";"";"";"";"";"";"";"";"";"";"";"";"";""
"17/08/2025";"2000";"";"";"";"";"";"";"";"";"";"";"";"";"";"";"";"";""
"17/08/2025";"2100";"";"";"";"";"";"";"";"";"";"";"";"";"";"";"";"";""
"17/08/2025";"2200";"";"";"";"";"";"";"";"";"";"";"";"";"";"";"";"";""
"17/08/2025";"2300";"";"";"";"";"";"";"";"";"";"";"";"";"";"";"";"";""
"18/08/2025";"0000";"";"";"";"";"";"";"";"";"";"";"";"";"";"";"";"";""
"18/08/2025";"0100";"";"";"";"";"";"";"";"";"";"";"";"";"";"";"";"";""
"18/08/2025";"0200";"";"";"";"";"";"";"";"";"";"";"";"";"";"";"";"";""
"18/08/2025";"0300";"";"";"";"";"";"";"";"";"";"";"";"";"";"";"";"";""
"18/08/2025";"0400";"";"";"";"";"";"";"";"";"";"";"";"";"";"";"";"";""
"18/08/2025";"0500";"";"";"";"";"";"";"";"";"";"";"";"";"";"";"";"";""
"18/08/2025";"0600";"";"";"";"";"";"";"";"";"";"";"";"";"";"";"";"";""
"18/08/2025";"0700";"";"";"";"";"";"";"";"";"";"";"";"";"";"";"";"";""
"18/08/2025";"0800";"";"";"";"";"";"";"";"";"";"";"";"";"";"";"";"";""
"18/08/2025";"0900";"";"";"";"";"";"";"";"";"";"";"";"";"";"";"";"";""
"18/08/2025";"1000";"";"";"";"";"";"";"";"";"";"";"";"";"";"";"";"";""
"18/08/2025";"1100";"";"";"";"";"";"";"";"";"";"";"";"";"";"";"";"";""
"18/08/2025";"1200";"";"";"";"";"";"";"";"";"";"";"";"";"";"";"";"";""
"18/08/2025";"1300";"";"";"";"";"";"";"";"";"";"";"";"";"";"";"";"";""
"18/08/2025";"1400";"";"";"";"";"";"";"";"";"";"";"";"";"";"";"";"";""
"18/08/2025";"1500";"";"";"";"";"";"";"";"";"";"";"";"";"";"";"";"";""
"18/08/2025";"1600";"";"";"";"";"";"";"";"";"";"";"";"";"";"";"";"";""
"18/08/2025";"1700";"";"";"";"";"";"";"";"";"";"";"";"";"";"";"";"";""
"18/08/2025";"1800";"";"";"";"";"";"";"";"";"";"";"";"";"";"";"";"";""
"18/08/2025";"1900";"";"";"";"";"";"";"";"";"";"";"";"";"";"";"";"";""
"18/08/2025";"2000";"";"";"";"";"";"";"";"";"";"";"";"";"";"";"";"";""
"18/08/2025";"2100";"";"";"";"";"";"";"";"";"";"";"";"";"";"";"";"";""
"18/08/2025";"2200";"";"";"";"";"";"";"";"";"";"";"";"";"";"";"";"";""
"18/08/2025";"2300";"";"";"";"";"";"";"";"";"";"";"";"";"";"";"";"";""
"19/08/2025";"0000";"";"";"";"";"";"";"";"";"";"";"";"";"";"";"";"";""
"19/08/2025";"0100";"";"";"";"";"";"";"";"";"";"";"";"";"";"";"";"";""
"19/08/2025";"0200";"";"";"";"";"";"";"";"";"";"";"";"";"";"";"";"";""
"19/08/2025";"0300";"";"";"";"";"";"";"";"";"";"";"";"";"";"";"";"";""
"19/08/2025";"0400";"";"";"";"";"";"";"";"";"";"";"";"";"";"";"";"";""
"19/08/2025";"0500";"";"";"";"";"";"";"";"";"";"";"";"";"";"";"";"";""
"19/08/2025";"0600";"";"";"";"";"";"";"";"";"";"";"";"";"";"";"";"";""
"19/08/2025";"0700";"";"";"";"";"";"";"";"";"";"";"";"";"";"";"";"";""
"19/08/2025";"0800";"";"";"";"";"";"";"";"";"";"";"";"";"";"";"";"";""
"19/08/2025";"0900";"";"";"";"";"";"";"";"";"";"";"";"";"";"";"";"";""
"19/08/2025";"1000";"";"";"";"";"";"";"";"";"";"";"";"";"";"";"";"";""
"19/08/2025";"1100";"";"";"";"";"";"";"";"";"";"";"";"";"";"";"";"";""
"19/08/2025";"1200";"";"";"";"";"";"";"";"";"";"";"";"";"";"";"";"";""
"19/08/2025";"1300";"";"";"";"";"";"";"";"";"";"";"";"";"";"";"";"";""
"19/08/2025";"1400";"";"";"";"";"";"";"";"";"";"";"";"";"";"";"";"";""
"19/08/2025";"1500";"";"";"";"";"";"";"";"";"";"";"";"";"";"";"";"";""
"19/08/2025";"1600";"";"";"";"";"";"";"";"";"";"";"";"";"";"";"";"";""
"19/08/2025";"1700";"";"";"";"";"";"";"";"";"";"";"";"";"";"";"";"";""
"19/08/2025";"1800";"";"";"";"";"";"";"";"";"";"";"";"";"";"";"";"";""
"19/08/2025";"1900";"";"";"";"";"";"";"";"";"";"";"";"";"";"";"";"";""
"19/08/2025";"2000";"";"";"";"";"";"";"";"";"";"";"";"";"";"";"";"";""
"19/08/2025";"2100";"";"";"";"";"";"";"";"";"";"";"";"";"";"";"";"";""
"19/08/2025";"2200";"";"";"";"";"";"";"";"";"";"";"";"";"";"";"";"";""
"19/08/2025";"2300";"";"";"";"";"";"";"";"";"";"";"";"";"";"";"";"";""
"20/08/2025";"0000";"";"";"";"";"";"";"";"";"";"";"";"";"";"";"";"";""
"20/08/2025";"0100";"";"";"";"";"";"";"";"";"";"";"";"";"";"";"";"";""
"20/08/2025";"0200";"";"";"";"";"";"";"";"";"";"";"";"";"";"";"";"";""
"20/08/2025";"0300";"";"";"";"";"";"";"";"";"";"";"";"";"";"";"";"";""
"20/08/2025";"0400";"";"";"";"";"";"";"";"";"";"";"";"";"";"";"";"";""
"20/08/2025";"0500";"";"";"";"";"";"";"";"";"";"";"";"";"";"";"";"";""
"20/08/2025";"0600";"";"";"";"";"";"";"";"";"";"";"";"";"";"";"";"";""
"20/08/2025";"0700";"";"";"";"";"";"";"";"";"";"";"";"";"";"";"";"";""
"20/08/2025";"0800";"";"";"";"";"";"";"";"";"";"";"";"";"";"";"";"";""
"20/08/2025";"0900";"";"";"";"";"";"";"";"";"";"";"";"";"";"";"";"";""
"20/08/2025";"1000";"";"";"";"";"";"";"";"";"";"";"";"";"";"";"";"";""
"20/08/2025";"1100";"";"";"";"";"";"";"";"";"";"";"";"";"";"";"";"";""
"20/08/2025";"1200";"";"";"";"";"";"";"";"";"";"";"";"";"";"";"";"";""
"20/08/2025";"1300";"";"";"";"";"";"";"";"";"";"";"";"";"";"";"";"";""
"20/08/2025";"1400";"";"";"";"";"";"";"";"";"";"";"";"";"";"";"";"";""
"20/08/2025";"1500";"";"";"";"";"";"";"";"";"";"";"";"";"";"";"";"";""
"20/08/2025";"1600";"";"";"";"";"";"";"";"";"";"";"";"";"";"";"";"";""
"20/08/2025";"1700";"";"";"";"";"";"";"";"";"";"";"";"";"";"";"";"";""
"20/08/2025";"1800";"";"";"";"";"";"";"";"";"";"";"";"";"";"";"";"";""
"20/08/2025";"1900";"";"";"";"";"";"";"";"";"";"";"";"";"";"";"";"";""
"20/08/2025";"2000";"";"";"";"";"";"";"";"";"";"";"";"";"";"";"";"";""
"20/08/2025";"2100";"";"";"";"";"";"";"";"";"";"";"";"";"";"";"";"";""
"20/08/2025";"2200";"";"";"";"";"";"";"";"";"";"";"";"";"";"";"";"";""
"20/08/2025";"2300";"";"";"";"";"";"";"";"";"";"";"";"";"";"";"";"";""
"21/08/2025";"0000";"";"";"";"";"";"";"";"";"";"";"";"";"";"";"";"";""
"21/08/2025";"0100";"";"";"";"";"";"";"";"";"";"";"";"";"";"";"";"";""
"21/08/2025";"0200";"";"";"";"";"";"";"";"";"";"";"";"";"";"";"";"";""
"21/08/2025";"0300";"";"";"";"";"";"";"";"";"";"";"";"";"";"";"";"";""
"21/08/2025";"0400";"";"";"";"";"";"";"";"";"";"";"";"";"";"";"";"";""
"21/08/2025";"0500";"";"";"";"";"";"";"";"";"";"";"";"";"";"";"";"";""
"21/08/2025";"0600";"";"";"";"";"";"";"";"";"";"";"";"";"";"";"";"";""
"21/08/2025";"0700";"";"";"";"";"";"";"";"";"";"";"";"";"";"";"";"";""
"21/08/2025";"0800";"";"";"";"";"";"";"";"";"";"";"";"";"";"";"";"";""
"21/08/2025";"0900";"";"";"";"";"";"";"";"";"";"";"";"";"";"";"";"";""
"21/08/2025";"1000";"";"";"";"";"";"";"";"";"";"";"";"";"";"";"";"";""
"21/08/2025";"1100";"";"";"";"";"";"";"";"";"";"";"";"";"";"";"";"";""
"21/08/2025";"1200";"";"";"";"";"";"";"";"";"";"";"";"";"";"";"";"";""
"21/08/2025";"1300";"";"";"";"";"";"";"";"";"";"";"";"";"";"";"";"";""
"21/08/2025";"1400";"";"";"";"";"";"";"";"";"";"";"";"";"";"";"";"";""
"21/08/2025";"1500";"";"";"";"";"";"";"";"";"";"";"";"";"";"";"";"";""
"21/08/2025";"1600";"";"";"";"";"";"";"";"";"";"";"";"";"";"";"";"";""
"21/08/2025";"1700";"";"";"";"";"";"";"";"";"";"";"";"";"";"";"";"";""
"21/08/2025";"1800";"";"";"";"";"";"";"";"";"";"";"";"";"";"";"";"";""
"21/08/2025";"1900";"";"";"";"";"";"";"";"";"";"";"";"";"";"";"";"";""
"21/08/2025";"2000";"";"";"";"";"";"";"";"";"";"";"";"";"";"";"";"";""
"21/08/2025";"2100";"";"";"";"";"";"";"";"";"";"";"";"";"";"";"";"";""
"21/08/2025";"2200";"";"";"";"";"";"";"";"";"";"";"";"";"";"";"";"";""
"21/08/2025";"2300";"";"";"";"";"";"";"";"";"";"";"";"";"";"";"";"";""
"22/08/2025";"0000";"";"";"";"";"";"";"";"";"";"";"";"";"";"";"";"";""
"22/08/2025";"0100";"";"";"";"";"";"";"";"";"";"";"";"";"";"";"";"";""
"22/08/2025";"0200";"";"";"";"";"";"";"";"";"";"";"";"";"";"";"";"";""
"22/08/2025";"0300";"";"";"";"";"";"";"";"";"";"";"";"";"";"";"";"";""
"22/08/2025";"0400";"";"";"";"";"";"";"";"";"";"";"";"";"";"";"";"";""
"22/08/2025";"0500";"";"";"";"";"";"";"";"";"";"";"";"";"";"";"";"";""
"22/08/2025";"0600";"";"";"";"";"";"";"";"";"";"";"";"";"";"";"";"";""
"22/08/2025";"0700";"";"";"";"";"";"";"";"";"";"";"";"";"";"";"";"";""
"22/08/2025";"0800";"";"";"";"";"";"";"";"";"";"";"";"";"";"";"";"";""
"22/08/2025";"0900";"";"";"";"";"";"";"";"";"";"";"";"";"";"";"";"";""
"22/08/2025";"1000";"";"";"";"";"";"";"";"";"";"";"";"";"";"";"";"";""
"22/08/2025";"1100";"";"";"";"";"";"";"";"";"";"";"";"";"";"";"";"";""
"22/08/2025";"1200";"";"";"";"";"";"";"";"";"";"";"";"";"";"";"";"";""
"22/08/2025";"1300";"";"";"";"";"";"";"";"";"";"";"";"";"";"";"";"";""
"22/08/2025";"1400";"";"";"";"";"";"";"";"";"";"";"";"";"";"";"";"";""
"22/08/2025";"1500";"";"";"";"";"";"";"";"";"";"";"";"";"";"";"";"";""
"22/08/2025";"1600";"";"";"";"";"";"";"";"";"";"";"";"";"";"";"";"";""
"22/08/2025";"1700";"";"";"";"";"";"";"";"";"";"";"";"";"";"";"";"";""
"22/08/2025";"1800";"";"";"";"";"";"";"";"";"";"";"";"";"";"";"";"";""
"22/08/2025";"1900";"";"";"";"";"";"";"";"";"";"";"";"";"";"";"";"";""
"22/08/2025";"2000";"";"";"";"";"";"";"";"";"";"";"";"";"";"";"";"";""
"22/08/2025";"2100";"";"";"";"";"";"";"";"";"";"";"";"";"";"";"";"";""
"22/08/2025";"2200";"";"";"";"";"";"";"";"";"";"";"";"";"";"";"";"";""
"22/08/2025";"2300";"";"";"";"";"";"";"";"";"";"";"";"";"";"";"";"";""
"23/08/2025";"0000";"";"";"";"";"";"";"";"";"";"";"";"";"";"";"";"";""
"23/08/2025";"0100";"";"";"";"";"";"";"";"";"";"";"";"";"";"";"";"";""
"23/08/2025";"0200";"";"";"";"";"";"";"";"";"";"";"";"";"";"";"";"";""
"23/08/2025";"0300";"";"";"";"";"";"";"";"";"";"";"";"";"";"";"";"";""
"23/08/2025";"0400";"";"";"";"";"";"";"";"";"";"";"";"";"";"";"";"";""
"23/08/2025";"0500";"";"";"";"";"";"";"";"";"";"";"";"";"";"";"";"";""
"23/08/2025";"0600";"";"";"";"";"";"";"";"";"";"";"";"";"";"";"";"";""
"23/08/2025";"0700";"";"";"";"";"";"";"";"";"";"";"";"";"";"";"";"";""
"23/08/2025";"0800";"";"";"";"";"";"";"";"";"";"";"";"";"";"";"";"";""
"23/08/2025";"0900";"";"";"";"";"";"";"";"";"";"";"";"";"";"";"";"";""
"23/08/2025";"1000";"";"";"";"";"";"";"";"";"";"";"";"";"";"";"";"";""
"23/08/2025";"1100";"";"";"";"";"";"";"";"";"";"";"";"";"";"";"";"";""
"23/08/2025";"1200";"";"";"";"";"";"";"";"";"";"";"";"";"";"";"";"";""
"23/08/2025";"1300";"";"";"";"";"";"";"";"";"";"";"";"";"";"";"";"";""
"23/08/2025";"1400";"";"";"";"";"";"";"";"";"";"";"";"";"";"";"";"";""
"23/08/2025";"1500";"";"";"";"";"";"";"";"";"";"";"";"";"";"";"";"";""
"23/08/2025";"1600";"";"";"";"";"";"";"";"";"";"";"";"";"";"";"";"";""
"23/08/2025";"1700";"";"";"";"";"";"";"";"";"";"";"";"";"";"";"";"";""
"23/08/2025";"1800";"";"";"";"";"";"";"";"";"";"";"";"";"";"";"";"";""
"23/08/2025";"1900";"";"";"";"";"";"";"";"";"";"";"";"";"";"";"";"";""
"23/08/2025";"2000";"";"";"";"";"";"";"";"";"";"";"";"";"";"";"";"";""
"23/08/2025";"2100";"";"";"";"";"";"";"";"";"";"";"";"";"";"";"";"";""
"23/08/2025";"2200";"";"";"";"";"";"";"";"";"";"";"";"";"";"";"";"";""
"23/08/2025";"2300";"";"";"";"";"";"";"";"";"";"";"";"";"";"";"";"";""
"24/08/2025";"0000";"";"";"";"";"";"";"";"";"";"";"";"";"";"";"";"";""
"24/08/2025";"0100";"";"";"";"";"";"";"";"";"";"";"";"";"";"";"";"";""
"24/08/2025";"0200";"";"";"";"";"";"";"";"";"";"";"";"";"";"";"";"";""
"24/08/2025";"0300";"";"";"";"";"";"";"";"";"";"";"";"";"";"";"";"";""
"24/08/2025";"0400";"";"";"";"";"";"";"";"";"";"";"";"";"";"";"";"";""
"24/08/2025";"0500";"";"";"";"";"";"";"";"";"";"";"";"";"";"";"";"";""
"24/08/2025";"0600";"";"";"";"";"";"";"";"";"";"";"";"";"";"";"";"";""
"24/08/2025";"0700";"";"";"";"";"";"";"";"";"";"";"";"";"";"";"";"";""
"24/08/2025";"0800";"";"";"";"";"";"";"";"";"";"";"";"";"";"";"";"";""
"24/08/2025";"0900";"";"";"";"";"";"";"";"";"";"";"";"";"";"";"";"";""
"24/08/2025";"1000";"";"";"";"";"";"";"";"";"";"";"";"";"";"";"";"";""
"24/08/2025";"1100";"";"";"";"";"";"";"";"";"";"";"";"";"";"";"";"";""
"24/08/2025";"1200";"";"";"";"";"";"";"";"";"";"";"";"";"";"";"";"";""
"24/08/2025";"1300";"";"";"";"";"";"";"";"";"";"";"";"";"";"";"";"";""
"24/08/2025";"1400";"";"";"";"";"";"";"";"";"";"";"";"";"";"";"";"";""
"24/08/2025";"1500";"";"";"";"";"";"";"";"";"";"";"";"";"";"";"";"";""
"24/08/2025";"1600";"";"";"";"";"";"";"";"";"";"";"";"";"";"";"";"";""
"24/08/2025";"1700";"";"";"";"";"";"";"";"";"";"";"";"";"";"";"";"";""
"24/08/2025";"1800";"";"";"";"";"";"";"";"";"";"";"";"";"";"";"";"";""
"24/08/2025";"1900";"";"";"";"";"";"";"";"";"";"";"";"";"";"";"";"";""
"24/08/2025";"2000";"";"";"";"";"";"";"";"";"";"";"";"";"";"";"";"";""
"24/08/2025";"2100";"";"";"";"";"";"";"";"";"";"";"";"";"";"";"";"";""
"24/08/2025";"2200";"";"";"";"";"";"";"";"";"";"";"";"";"";"";"";"";""
"24/08/2025";"2300";"";"";"";"";"";"";"";"";"";"";"";"";"";"";"";"";""
"25/08/2025";"0000";"";"";"";"";"";"";"";"";"";"";"";"";"";"";"";"";""
"25/08/2025";"0100";"";"";"";"";"";"";"";"";"";"";"";"";"";"";"";"";""
"25/08/2025";"0200";"";"";"";"";"";"";"";"";"";"";"";"";"";"";"";"";""
"25/08/2025";"0300";"";"";"";"";"";"";"";"";"";"";"";"";"";"";"";"";""
"25/08/2025";"0400";"";"";"";"";"";"";"";"";"";"";"";"";"";"";"";"";""
"25/08/2025";"0500";"";"";"";"";"";"";"";"";"";"";"";"";"";"";"";"";""
"25/08/2025";"0600";"";"";"";"";"";"";"";"";"";"";"";"";"";"";"";"";""
"25/08/2025";"0700";"";"";"";"";"";"";"";"";"";"";"";"";"";"";"";"";""
"25/08/2025";"0800";"";"";"";"";"";"";"";"";"";"";"";"";"";"";"";"";""
"25/08/2025";"0900";"";"";"";"";"";"";"";"";"";"";"";"";"";"";"";"";""
"25/08/2025";"1000";"";"";"";"";"";"";"";"";"";"";"";"";"";"";"";"";""
"25/08/2025";"1100";"";"";"";"";"";"";"";"";"";"";"";"";"";"";"";"";""
"25/08/2025";"1200";"";"";"";"";"";"";"";"";"";"";"";"";"";"";"";"";""
"25/08/2025";"1300";"";"";"";"";"";"";"";"";"";"";"";"";"";"";"";"";""
"25/08/2025";"1400";"";"";"";"";"";"";"";"";"";"";"";"";"";"";"";"";""
"25/08/2025";"1500";"";"";"";"";"";"";"";"";"";"";"";"";"";"";"";"";""
"25/08/2025";"1600";"";"";"";"";"";"";"";"";"";"";"";"";"";"";"";"";""
"25/08/2025";"1700";"";"";"";"";"";"";"";"";"";"";"";"";"";"";"";"";""
"25/08/2025";"1800";"";"";"";"";"";"";"";"";"";"";"";"";"";"";"";"";""
"25/08/2025";"1900";"";"";"";"";"";"";"";"";"";"";"";"";"";"";"";"";""
"25/08/2025";"2000";"";"";"";"";"";"";"";"";"";"";"";"";"";"";"";"";""
"25/08/2025";"2100";"";"";"";"";"";"";"";"";"";"";"";"";"";"";"";"";""
"25/08/2025";"2200";"";"";"";"";"";"";"";"";"";"";"";"";"";"";"";"";""
"25/08/2025";"2300";"";"";"";"";"";"";"";"";"";"";"";"";"";"";"";"";""
"26/08/2025";"0000";"";"";"";"";"";"";"";"";"";"";"";"";"";"";"";"";""
"26/08/2025";"0100";"";"";"";"";"";"";"";"";"";"";"";"";"";"";"";"";""
"26/08/2025";"0200";"";"";"";"";"";"";"";"";"";"";"";"";"";"";"";"";""
"26/08/2025";"0300";"";"";"";"";"";"";"";"";"";"";"";"";"";"";"";"";""
"26/08/2025";"0400";"";"";"";"";"";"";"";"";"";"";"";"";"";"";"";"";""
"26/08/2025";"0500";"";"";"";"";"";"";"";"";"";"";"";"";"";"";"";"";""
"26/08/2025";"0600";"";"";"";"";"";"";"";"";"";"";"";"";"";"";"";"";""
"26/08/2025";"0700";"";"";"";"";"";"";"";"";"";"";"";"";"";"";"";"";""
"26/08/2025";"0800";"";"";"";"";"";"";"";"";"";"";"";"";"";"";"";"";""
"26/08/2025";"0900";"";"";"";"";"";"";"";"";"";"";"";"";"";"";"";"";""
"26/08/2025";"1000";"";"";"";"";"";"";"";"";"";"";"";"";"";"";"";"";""
"26/08/2025";"1100";"";"";"";"";"";"";"";"";"";"";"";"";"";"";"";"";""
"26/08/2025";"1200";"";"";"";"";"";"";"";"";"";"";"";"";"";"";"";"";""
"26/08/2025";"1300";"";"";"";"";"";"";"";"";"";"";"";"";"";"";"";"";""
"26/08/2025";"1400";"";"";"";"";"";"";"";"";"";"";"";"";"";"";"";"";""
"26/08/2025";"1500";"";"";"";"";"";"";"";"";"";"";"";"";"";"";"";"";""
"26/08/2025";"1600";"";"";"";"";"";"";"";"";"";"";"";"";"";"";"";"";""
"26/08/2025";"1700";"";"";"";"";"";"";"";"";"";"";"";"";"";"";"";"";""
"26/08/2025";"1800";"";"";"";"";"";"";"";"";"";"";"";"";"";"";"";"";""
"26/08/2025";"1900";"";"";"";"";"";"";"";"";"";"";"";"";"";"";"";"";""
"26/08/2025";"2000";"";"";"";"";"";"";"";"";"";"";"";"";"";"";"";"";""
"26/08/2025";"2100";"";"";"";"";"";"";"";"";"";"";"";"";"";"";"";"";""
"26/08/2025";"2200";"";"";"";"";"";"";"";"";"";"";"";"";"";"";"";"";""
"26/08/2025";"2300";"";"";"";"";"";"";"";"";"";"";"";"";"";"";"";"";""
"27/08/2025";"0000";"";"";"";"";"";"";"";"";"";"";"";"";"";"";"";"";""
"27/08/2025";"0100";"";"";"";"";"";"";"";"";"";"";"";"";"";"";"";"";""
"27/08/2025";"0200";"";"";"";"";"";"";"";"";"";"";"";"";"";"";"";"";""
"27/08/2025";"0300";"";"";"";"";"";"";"";"";"";"";"";"";"";"";"";"";""
"27/08/2025";"0400";"";"";"";"";"";"";"";"";"";"";"";"";"";"";"";"";""
"27/08/2025";"0500";"";"";"";"";"";"";"";"";"";"";"";"";"";"";"";"";""
"27/08/2025";"0600";"";"";"";"";"";"";"";"";"";"";"";"";"";"";"";"";""
"27/08/2025";"0700";"";"";"";"";"";"";"";"";"";"";"";"";"";"";"";"";""
"27/08/2025";"0800";"";"";"";"";"";"";"";"";"";"";"";"";"";"";"";"";""
"27/08/2025";"0900";"";"";"";"";"";"";"";"";"";"";"";"";"";"";"";"";""
"27/08/2025";"1000";"";"";"";"";"";"";"";"";"";"";"";"";"";"";"";"";""
"27/08/2025";"1100";"";"";"";"";"";"";"";"";"";"";"";"";"";"";"";"";""
"27/08/2025";"1200";"";"";"";"";"";"";"";"";"";"";"";"";"";"";"";"";""
"27/08/2025";"1300";"";"";"";"";"";"";"";"";"";"";"";"";"";"";"";"";""
"27/08/2025";"1400";"";"";"";"";"";"";"";"";"";"";"";"";"";"";"";"";""
"27/08/2025";"1500";"";"";"";"";"";"";"";"";"";"";"";"";"";"";"";"";""
"27/08/2025";"1600";"";"";"";"";"";"";"";"";"";"";"";"";"";"";"";"";""
"27/08/2025";"1700";"";"";"";"";"";"";"";"";"";"";"";"";"";"";"";"";""
"27/08/2025";"1800";"";"";"";"";"";"";"";"";"";"";"";"";"";"";"";"";""
"27/08/2025";"1900";"";"";"";"";"";"";"";"";"";"";"";"";"";"";"";"";""
"27/08/2025";"2000";"";"";"";"";"";"";"";"";"";"";"";"";"";"";"";"";""
"27/08/2025";"2100";"";"";"";"";"";"";"";"";"";"";"";"";"";"";"";"";""
"27/08/2025";"2200";"";"";"";"";"";"";"";"";"";"";"";"";"";"";"";"";""
"27/08/2025";"2300";"";"";"";"";"";"";"";"";"";"";"";"";"";"";"";"";""
"28/08/2025";"0000";"";"";"";"";"";"";"";"";"";"";"";"";"";"";"";"";""
"28/08/2025";"0100";"";"";"";"";"";"";"";"";"";"";"";"";"";"";"";"";""
"28/08/2025";"0200";"";"";"";"";"";"";"";"";"";"";"";"";"";"";"";"";""
"28/08/2025";"0300";"";"";"";"";"";"";"";"";"";"";"";"";"";"";"";"";""
"28/08/2025";"0400";"";"";"";"";"";"";"";"";"";"";"";"";"";"";"";"";""
"28/08/2025";"0500";"";"";"";"";"";"";"";"";"";"";"";"";"";"";"";"";""
"28/08/2025";"0600";"";"";"";"";"";"";"";"";"";"";"";"";"";"";"";"";""
"28/08/2025";"0700";"";"";"";"";"";"";"";"";"";"";"";"";"";"";"";"";""
"28/08/2025";"0800";"";"";"";"";"";"";"";"";"";"";"";"";"";"";"";"";""
"28/08/2025";"0900";"";"";"";"";"";"";"";"";"";"";"";"";"";"";"";"";""
"28/08/2025";"1000";"";"";"";"";"";"";"";"";"";"";"";"";"";"";"";"";""
"28/08/2025";"1100";"";"";"";"";"";"";"";"";"";"";"";"";"";"";"";"";""
"28/08/2025";"1200";"";"";"";"";"";"";"";"";"";"";"";"";"";"";"";"";""
"28/08/2025";"1300";"";"";"";"";"";"";"";"";"";"";"";"";"";"";"";"";""
"28/08/2025";"1400";"";"";"";"";"";"";"";"";"";"";"";"";"";"";"";"";""
"28/08/2025";"1500";"";"";"";"";"";"";"";"";"";"";"";"";"";"";"";"";""
"28/08/2025";"1600";"";"";"";"";"";"";"";"";"";"";"";"";"";"";"";"";""
"28/08/2025";"1700";"";"";"";"";"";"";"";"";"";"";"";"";"";"";"";"";""
"28/08/2025";"1800";"";"";"";"";"";"";"";"";"";"";"";"";"";"";"";"";""
"28/08/2025";"1900";"";"";"";"";"";"";"";"";"";"";"";"";"";"";"";"";""
"28/08/2025";"2000";"";"";"";"";"";"";"";"";"";"";"";"";"";"";"";"";""
"28/08/2025";"2100";"";"";"";"";"";"";"";"";"";"";"";"";"";"";"";"";""
"28/08/2025";"2200";"";"";"";"";"";"";"";"";"";"";"";"";"";"";"";"";""
"28/08/2025";"2300";"";"";"";"";"";"";"";"";"";"";"";"";"";"";"";"";""
"29/08/2025";"0000";"";"";"";"";"";"";"";"";"";"";"";"";"";"";"";"";""
"29/08/2025";"0100";"";"";"";"";"";"";"";"";"";"";"";"";"";"";"";"";""
"29/08/2025";"0200";"";"";"";"";"";"";"";"";"";"";"";"";"";"";"";"";""
"29/08/2025";"0300";"";"";"";"";"";"";"";"";"";"";"";"";"";"";"";"";""
"29/08/2025";"0400";"";"";"";"";"";"";"";"";"";"";"";"";"";"";"";"";""
"29/08/2025";"0500";"";"";"";"";"";"";"";"";"";"";"";"";"";"";"";"";""
"29/08/2025";"0600";"";"";"";"";"";"";"";"";"";"";"";"";"";"";"";"";""
"29/08/2025";"0700";"";"";"";"";"";"";"";"";"";"";"";"";"";"";"";"";""
"29/08/2025";"0800";"";"";"";"";"";"";"";"";"";"";"";"";"";"";"";"";""
"29/08/2025";"0900";"";"";"";"";"";"";"";"";"";"";"";"";"";"";"";"";""
"29/08/2025";"1000";"";"";"";"";"";"";"";"";"";"";"";"";"";"";"";"";""
"29/08/2025";"1100";"";"";"";"";"";"";"";"";"";"";"";"";"";"";"";"";""
"29/08/2025";"1200";"";"";"";"";"";"";"";"";"";"";"";"";"";"";"";"";""
"29/08/2025";"1300";"";"";"";"";"";"";"";"";"";"";"";"";"";"";"";"";""
"29/08/2025";"1400";"";"";"";"";"";"";"";"";"";"";"";"";"";"";"";"";""
"29/08/2025";"1500";"";"";"";"";"";"";"";"";"";"";"";"";"";"";"";"";""
"29/08/2025";"1600";"";"";"";"";"";"";"";"";"";"";"";"";"";"";"";"";""
"29/08/2025";"1700";"";"";"";"";"";"";"";"";"";"";"";"";"";"";"";"";""
"29/08/2025";"1800";"";"";"";"";"";"";"";"";"";"";"";"";"";"";"";"";""
"29/08/2025";"1900";"";"";"";"";"";"";"";"";"";"";"";"";"";"";"";"";""
"29/08/2025";"2000";"";"";"";"";"";"";"";"";"";"";"";"";"";"";"";"";""
"29/08/2025";"2100";"";"";"";"";"";"";"";"";"";"";"";"";"";"";"";"";""
"29/08/2025";"2200";"";"";"";"";"";"";"";"";"";"";"";"";"";"";"";"";""
"29/08/2025";"2300";"";"";"";"";"";"";"";"";"";"";"";"";"";"";"";"";""
"30/08/2025";"0000";"";"";"";"";"";"";"";"";"";"";"";"";"";"";"";"";""
"30/08/2025";"0100";"";"";"";"";"";"";"";"";"";"";"";"";"";"";"";"";""
"30/08/2025";"0200";"";"";"";"";"";"";"";"";"";"";"";"";"";"";"";"";""
"30/08/2025";"0300";"";"";"";"";"";"";"";"";"";"";"";"";"";"";"";"";""
"30/08/2025";"0400";"";"";"";"";"";"";"";"";"";"";"";"";"";"";"";"";""
"30/08/2025";"0500";"";"";"";"";"";"";"";"";"";"";"";"";"";"";"";"";""
"30/08/2025";"0600";"";"";"";"";"";"";"";"";"";"";"";"";"";"";"";"";""
"30/08/2025";"0700";"";"";"";"";"";"";"";"";"";"";"";"";"";"";"";"";""
"30/08/2025";"0800";"";"";"";"";"";"";"";"";"";"";"";"";"";"";"";"";""
"30/08/2025";"0900";"";"";"";"";"";"";"";"";"";"";"";"";"";"";"";"";""
"30/08/2025";"1000";"";"";"";"";"";"";"";"";"";"";"";"";"";"";"";"";""
"30/08/2025";"1100";"";"";"";"";"";"";"";"";"";"";"";"";"";"";"";"";""
"30/08/2025";"1200";"";"";"";"";"";"";"";"";"";"";"";"";"";"";"";"";""
"30/08/2025";"1300";"";"";"";"";"";"";"";"";"";"";"";"";"";"";"";"";""
"30/08/2025";"1400";"";"";"";"";"";"";"";"";"";"";"";"";"";"";"";"";""
"30/08/2025";"1500";"";"";"";"";"";"";"";"";"";"";"";"";"";"";"";"";""
"30/08/2025";"1600";"";"";"";"";"";"";"";"";"";"";"";"";"";"";"";"";""
"30/08/2025";"1700";"";"";"";"";"";"";"";"";"";"";"";"";"";"";"";"";""
"30/08/2025";"1800";"";"";"";"";"";"";"";"";"";"";"";"";"";"";"";"";""
"30/08/2025";"1900";"";"";"";"";"";"";"";"";"";"";"";"";"";"";"";"";""
"30/08/2025";"2000";"";"";"";"";"";"";"";"";"";"";"";"";"";"";"";"";""
"30/08/2025";"2100";"";"";"";"";"";"";"";"";"";"";"";"";"";"";"";"";""
"30/08/2025";"2200";"";"";"";"";"";"";"";"";"";"";"";"";"";"";"";"";""
"30/08/2025";"2300";"";"";"";"";"";"";"";"";"";"";"";"";"";"";"";"";""
"31/08/2025";"0000";"";"";"";"";"";"";"";"";"";"";"";"";"";"";"";"";""
"31/08/2025";"0100";"";"";"";"";"";"";"";"";"";"";"";"";"";"";"";"";""
"31/08/2025";"0200";"";"";"";"";"";"";"";"";"";"";"";"";"";"";"";"";""
"31/08/2025";"0300";"";"";"";"";"";"";"";"";"";"";"";"";"";"";"";"";""
"31/08/2025";"0400";"";"";"";"";"";"";"";"";"";"";"";"";"";"";"";"";""
"31/08/2025";"0500";"";"";"";"";"";"";"";"";"";"";"";"";"";"";"";"";""
"31/08/2025";"0600";"";"";"";"";"";"";"";"";"";"";"";"";"";"";"";"";""
"31/08/2025";"0700";"";"";"";"";"";"";"";"";"";"";"";"";"";"";"";"";""
"31/08/2025";"0800";"";"";"";"";"";"";"";"";"";"";"";"";"";"";"";"";""
"31/08/2025";"0900";"";"";"";"";"";"";"";"";"";"";"";"";"";"";"";"";""
"31/08/2025";"1000";"";"";"";"";"";"";"";"";"";"";"";"";"";"";"";"";""
"31/08/2025";"1100";"";"";"";"";"";"";"";"";"";"";"";"";"";"";"";"";""
"31/08/2025";"1200";"";"";"";"";"";"";"";"";"";"";"";"";"";"";"";"";""
"31/08/2025";"1300";"";"";"";"";"";"";"";"";"";"";"";"";"";"";"";"";""
"31/08/2025";"1400";"";"";"";"";"";"";"";"";"";"";"";"";"";"";"";"";""
"31/08/2025";"1500";"";"";"";"";"";"";"";"";"";"";"";"";"";"";"";"";""
"31/08/2025";"1600";"";"";"";"";"";"";"";"";"";"";"";"";"";"";"";"";""
"31/08/2025";"1700";"";"";"";"";"";"";"";"";"";"";"";"";"";"";"";"";""
"31/08/2025";"1800";"";"";"";"";"";"";"";"";"";"";"";"";"";"";"";"";""
"31/08/2025";"1900";"";"";"";"";"";"";"";"";"";"";"";"";"";"";"";"";""
"31/08/2025";"2000";"";"";"";"";"";"";"";"";"";"";"";"";"";"";"";"";""
"31/08/2025";"2100";"";"";"";"";"";"";"";"";"";"";"";"";"";"";"";"";""
"31/08/2025";"2200";"";"";"";"";"";"";"";"";"";"";"";"";"";"";"";"";""
"31/08/2025";"2300";"";"";"";"";"";"";"";"";"";"";"";"";"";"";"";"";""
"01/09/2025";"0000";"";"";"";"";"";"";"";"";"";"";"";"";"";"";"";"";""
"01/09/2025";"0100";"";"";"";"";"";"";"";"";"";"";"";"";"";"";"";"";""
"01/09/2025";"0200";"";"";"";"";"";"";"";"";"";"";"";"";"";"";"";"";""
"01/09/2025";"0300";"";"";"";"";"";"";"";"";"";"";"";"";"";"";"";"";""
"01/09/2025";"0400";"";"";"";"";"";"";"";"";"";"";"";"";"";"";"";"";""
"01/09/2025";"0500";"";"";"";"";"";"";"";"";"";"";"";"";"";"";"";"";""
"01/09/2025";"0600";"";"";"";"";"";"";"";"";"";"";"";"";"";"";"";"";""
"01/09/2025";"0700";"";"";"";"";"";"";"";"";"";"";"";"";"";"";"";"";""
"01/09/2025";"0800";"";"";"";"";"";"";"";"";"";"";"";"";"";"";"";"";""
"01/09/2025";"0900";"";"";"";"";"";"";"";"";"";"";"";"";"";"";"";"";""
"01/09/2025";"1000";"";"";"";"";"";"";"";"";"";"";"";"";"";"";"";"";""
"01/09/2025";"1100";"";"";"";"";"";"";"";"";"";"";"";"";"";"";"";"";""
"01/09/2025";"1200";"";"";"";"";"";"";"";"";"";"";"";"";"";"";"";"";""
"01/09/2025";"1300";"";"";"";"";"";"";"";"";"";"";"";"";"";"";"";"";""
"01/09/2025";"1400";"";"";"";"";"";"";"";"";"";"";"";"";"";"";"";"";""
"01/09/2025";"1500";"";"";"";"";"";"";"";"";"";"";"";"";"";"";"";"";""
"01/09/2025";"1600";"";"";"";"";"";"";"";"";"";"";"";"";"";"";"";"";""
"01/09/2025";"1700";"";"";"";"";"";"";"";"";"";"";"";"";"";"";"";"";""
"01/09/2025";"1800";"";"";"";"";"";"";"";"";"";"";"";"";"";"";"";"";""
"01/09/2025";"1900";"";"";"";"";"";"";"";"";"";"";"";"";"";"";"";"";""
"01/09/2025";"2000";"";"";"";"";"";"";"";"";"";"";"";"";"";"";"";"";""
"01/09/2025";"2100";"";"";"";"";"";"";"";"";"";"";"";"";"";"";"";"";""
"01/09/2025";"2200";"";"";"";"";"";"";"";"";"";"";"";"";"";"";"";"";""
"01/09/2025";"2300";"";"";"";"";"";"";"";"";"";"";"";"";"";"";"";"";""
"02/09/2025";"0000";"";"";"";"";"";"";"";"";"";"";"";"";"";"";"";"";""
"02/09/2025";"0100";"";"";"";"";"";"";"";"";"";"";"";"";"";"";"";"";""
"02/09/2025";"0200";"";"";"";"";"";"";"";"";"";"";"";"";"";"";"";"";""
"02/09/2025";"0300";"";"";"";"";"";"";"";"";"";"";"";"";"";"";"";"";""
"02/09/2025";"0400";"";"";"";"";"";"";"";"";"";"";"";"";"";"";"";"";""
"02/09/2025";"0500";"";"";"";"";"";"";"";"";"";"";"";"";"";"";"";"";""
"02/09/2025";"0600";"";"";"";"";"";"";"";"";"";"";"";"";"";"";"";"";""
"02/09/2025";"0700";"";"";"";"";"";"";"";"";"";"";"";"";"";"";"";"";""
"02/09/2025";"0800";"";"";"";"";"";"";"";"";"";"";"";"";"";"";"";"";""
"02/09/2025";"0900";"";"";"";"";"";"";"";"";"";"";"";"";"";"";"";"";""
"02/09/2025";"1000";"";"";"";"";"";"";"";"";"";"";"";"";"";"";"";"";""
"02/09/2025";"1100";"";"";"";"";"";"";"";"";"";"";"";"";"";"";"";"";""
"02/09/2025";"1200";"";"";"";"";"";"";"";"";"";"";"";"";"";"";"";"";""
"02/09/2025";"1300";"";"";"";"";"";"";"";"";"";"";"";"";"";"";"";"";""
"02/09/2025";"1400";"";"";"";"";"";"";"";"";"";"";"";"";"";"";"";"";""
"02/09/2025";"1500";"";"";"";"";"";"";"";"";"";"";"";"";"";"";"";"";""
"02/09/2025";"1600";"";"";"";"";"";"";"";"";"";"";"";"";"";"";"";"";""
"02/09/2025";"1700";"";"";"";"";"";"";"";"";"";"";"";"";"";"";"";"";""
"02/09/2025";"1800";"";"";"";"";"";"";"";"";"";"";"";"";"";"";"";"";""
"02/09/2025";"1900";"";"";"";"";"";"";"";"";"";"";"";"";"";"";"";"";""
"02/09/2025";"2000";"";"";"";"";"";"";"";"";"";"";"";"";"";"";"";"";""
"02/09/2025";"2100";"";"";"";"";"";"";"";"";"";"";"";"";"";"";"";"";""
"02/09/2025";"2200";"";"";"";"";"";"";"";"";"";"";"";"";"";"";"";"";""
"02/09/2025";"2300";"";"";"";"";"";"";"";"";"";"";"";"";"";"";"";"";""
"03/09/2025";"0000";"";"";"";"";"";"";"";"";"";"";"";"";"";"";"";"";""
"03/09/2025";"0100";"";"";"";"";"";"";"";"";"";"";"";"";"";"";"";"";""
"03/09/2025";"0200";"";"";"";"";"";"";"";"";"";"";"";"";"";"";"";"";""
"03/09/2025";"0300";"";"";"";"";"";"";"";"";"";"";"";"";"";"";"";"";""
"03/09/2025";"0400";"";"";"";"";"";"";"";"";"";"";"";"";"";"";"";"";""
"03/09/2025";"0500";"";"";"";"";"";"";"";"";"";"";"";"";"";"";"";"";""
"03/09/2025";"0600";"";"";"";"";"";"";"";"";"";"";"";"";"";"";"";"";""
"03/09/2025";"0700";"";"";"";"";"";"";"";"";"";"";"";"";"";"";"";"";""
"03/09/2025";"0800";"";"";"";"";"";"";"";"";"";"";"";"";"";"";"";"";""
"03/09/2025";"0900";"";"";"";"";"";"";"";"";"";"";"";"";"";"";"";"";""
"03/09/2025";"1000";"";"";"";"";"";"";"";"";"";"";"";"";"";"";"";"";""
"03/09/2025";"1100";"";"";"";"";"";"";"";"";"";"";"";"";"";"";"";"";""
"03/09/2025";"1200";"";"";"";"";"";"";"";"";"";"";"";"";"";"";"";"";""
"03/09/2025";"1300";"";"";"";"";"";"";"";"";"";"";"";"";"";"";"";"";""
"03/09/2025";"1400";"";"";"";"";"";"";"";"";"";"";"";"";"";"";"";"";""
"03/09/2025";"1500";"";"";"";"";"";"";"";"";"";"";"";"";"";"";"";"";""
"03/09/2025";"1600";"";"";"";"";"";"";"";"";"";"";"";"";"";"";"";"";""
"03/09/2025";"1700";"";"";"";"";"";"";"";"";"";"";"";"";"";"";"";"";""
"03/09/2025";"1800";"";"";"";"";"";"";"";"";"";"";"";"";"";"";"";"";""
"03/09/2025";"1900";"";"";"";"";"";"";"";"";"";"";"";"";"";"";"";"";""
"03/09/2025";"2000";"";"";"";"";"";"";"";"";"";"";"";"";"";"";"";"";""
"03/09/2025";"2100";"";"";"";"";"";"";"";"";"";"";"";"";"";"";"";"";""
"03/09/2025";"2200";"";"";"";"";"";"";"";"";"";"";"";"";"";"";"";"";""
"03/09/2025";"2300";"";"";"";"";"";"";"";"";"";"";"";"";"";"";"";"";""
"04/09/2025";"0000";"";"";"";"";"";"";"";"";"";"";"";"";"";"";"";"";""
"04/09/2025";"0100";"";"";"";"";"";"";"";"";"";"";"";"";"";"";"";"";""
"04/09/2025";"0200";"";"";"";"";"";"";"";"";"";"";"";"";"";"";"";"";""
"04/09/2025";"0300";"";"";"";"";"";"";"";"";"";"";"";"";"";"";"";"";""
"04/09/2025";"0400";"";"";"";"";"";"";"";"";"";"";"";"";"";"";"";"";""
"04/09/2025";"0500";"";"";"";"";"";"";"";"";"";"";"";"";"";"";"";"";""
"04/09/2025";"0600";"";"";"";"";"";"";"";"";"";"";"";"";"";"";"";"";""
"04/09/2025";"0700";"";"";"";"";"";"";"";"";"";"";"";"";"";"";"";"";""
"04/09/2025";"0800";"";"";"";"";"";"";"";"";"";"";"";"";"";"";"";"";""
"04/09/2025";"0900";"";"";"";"";"";"";"";"";"";"";"";"";"";"";"";"";""
"04/09/2025";"1000";"";"";"";"";"";"";"";"";"";"";"";"";"";"";"";"";""
"04/09/2025";"1100";"";"";"";"";"";"";"";"";"";"";"";"";"";"";"";"";""
"04/09/2025";"1200";"";"";"";"";"";"";"";"";"";"";"";"";"";"";"";"";""
"04/09/2025";"1300";"";"";"";"";"";"";"";"";"";"";"";"";"";"";"";"";""
"04/09/2025";"1400";"";"";"";"";"";"";"";"";"";"";"";"";"";"";"";"";""
"04/09/2025";"1500";"";"";"";"";"";"";"";"";"";"";"";"";"";"";"";"";""
"04/09/2025";"1600";"";"";"";"";"";"";"";"";"";"";"";"";"";"";"";"";""
"04/09/2025";"1700";"";"";"";"";"";"";"";"";"";"";"";"";"";"";"";"";""
"04/09/2025";"1800";"";"";"";"";"";"";"";"";"";"";"";"";"";"";"";"";""
"04/09/2025";"1900";"";"";"";"";"";"";"";"";"";"";"";"";"";"";"";"";""
"04/09/2025";"2000";"";"";"";"";"";"";"";"";"";"";"";"";"";"";"";"";""
"04/09/2025";"2100";"";"";"";"";"";"";"";"";"";"";"";"";"";"";"";"";""
"04/09/2025";"2200";"";"";"";"";"";"";"";"";"";"";"";"";"";"";"";"";""
"04/09/2025";"2300";"";"";"";"";"";"";"";"";"";"";"";"";"";"";"";"";""
"05/09/2025";"0000";"";"";"";"";"";"";"";"";"";"";"";"";"";"";"";"";""
"05/09/2025";"0100";"";"";"";"";"";"";"";"";"";"";"";"";"";"";"";"";""
"05/09/2025";"0200";"";"";"";"";"";"";"";"";"";"";"";"";"";"";"";"";""
"05/09/2025";"0300";"";"";"";"";"";"";"";"";"";"";"";"";"";"";"";"";""
"05/09/2025";"0400";"";"";"";"";"";"";"";"";"";"";"";"";"";"";"";"";""
"05/09/2025";"0500";"";"";"";"";"";"";"";"";"";"";"";"";"";"";"";"";""
"05/09/2025";"0600";"";"";"";"";"";"";"";"";"";"";"";"";"";"";"";"";""
"05/09/2025";"0700";"";"";"";"";"";"";"";"";"";"";"";"";"";"";"";"";""
"05/09/2025";"0800";"";"";"";"";"";"";"";"";"";"";"";"";"";"";"";"";""
"05/09/2025";"0900";"";"";"";"";"";"";"";"";"";"";"";"";"";"";"";"";""
"05/09/2025";"1000";"";"";"";"";"";"";"";"";"";"";"";"";"";"";"";"";""
"05/09/2025";"1100";"";"";"";"";"";"";"";"";"";"";"";"";"";"";"";"";""
"05/09/2025";"1200";"";"";"";"";"";"";"";"";"";"";"";"";"";"";"";"";""
"05/09/2025";"1300";"";"";"";"";"";"";"";"";"";"";"";"";"";"";"";"";""
"05/09/2025";"1400";"";"";"";"";"";"";"";"";"";"";"";"";"";"";"";"";""
"05/09/2025";"1500";"";"";"";"";"";"";"";"";"";"";"";"";"";"";"";"";""
"05/09/2025";"1600";"";"";"";"";"";"";"";"";"";"";"";"";"";"";"";"";""
"05/09/2025";"1700";"";"";"";"";"";"";"";"";"";"";"";"";"";"";"";"";""
"05/09/2025";"1800";"";"";"";"";"";"";"";"";"";"";"";"";"";"";"";"";""
"05/09/2025";"1900";"";"";"";"";"";"";"";"";"";"";"";"";"";"";"";"";""
"05/09/2025";"2000";"";"";"";"";"";"";"";"";"";"";"";"";"";"";"";"";""
"05/09/2025";"2100";"";"";"";"";"";"";"";"";"";"";"";"";"";"";"";"";""
"05/09/2025";"2200";"";"";"";"";"";"";"";"";"";"";"";"";"";"";"";"";""
"05/09/2025";"2300";"";"";"";"";"";"";"";"";"";"";"";"";"";"";"";"";""
"06/09/2025";"0000";"";"";"";"";"";"";"";"";"";"";"";"";"";"";"";"";""
"06/09/2025";"0100";"";"";"";"";"";"";"";"";"";"";"";"";"";"";"";"";""
"06/09/2025";"0200";"";"";"";"";"";"";"";"";"";"";"";"";"";"";"";"";""
"06/09/2025";"0300";"";"";"";"";"";"";"";"";"";"";"";"";"";"";"";"";""
"06/09/2025";"0400";"";"";"";"";"";"";"";"";"";"";"";"";"";"";"";"";""
"06/09/2025";"0500";"";"";"";"";"";"";"";"";"";"";"";"";"";"";"";"";""
"06/09/2025";"0600";"";"";"";"";"";"";"";"";"";"";"";"";"";"";"";"";""
"06/09/2025";"0700";"";"";"";"";"";"";"";"";"";"";"";"";"";"";"";"";""
"06/09/2025";"0800";"";"";"";"";"";"";"";"";"";"";"";"";"";"";"";"";""
"06/09/2025";"0900";"";"";"";"";"";"";"";"";"";"";"";"";"";"";"";"";""
"06/09/2025";"1000";"";"";"";"";"";"";"";"";"";"";"";"";"";"";"";"";""
"06/09/2025";"1100";"";"";"";"";"";"";"";"";"";"";"";"";"";"";"";"";""
"06/09/2025";"1200";"";"";"";"";"";"";"";"";"";"";"";"";"";"";"";"";""
"06/09/2025";"1300";"";"";"";"";"";"";"";"";"";"";"";"";"";"";"";"";""
"06/09/2025";"1400";"";"";"";"";"";"";"";"";"";"";"";"";"";"";"";"";""
"06/09/2025";"1500";"";"";"";"";"";"";"";"";"";"";"";"";"";"";"";"";""
"06/09/2025";"1600";"";"";"";"";"";"";"";"";"";"";"";"";"";"";"";"";""
"06/09/2025";"1700";"";"";"";"";"";"";"";"";"";"";"";"";"";"";"";"";""
"06/09/2025";"1800";"";"";"";"";"";"";"";"";"";"";"";"";"";"";"";"";""
"06/09/2025";"1900";"";"";"";"";"";"";"";"";"";"";"";"";"";"";"";"";""
"06/09/2025";"2000";"";"";"";"";"";"";"";"";"";"";"";"";"";"";"";"";""
"06/09/2025";"2100";"";"";"";"";"";"";"";"";"";"";"";"";"";"";"";"";""
"06/09/2025";"2200";"";"";"";"";"";"";"";"";"";"";"";"";"";"";"";"";""
"06/09/2025";"2300";"";"";"";"";"";"";"";"";"";"";"";"";"";"";"";"";""
"07/09/2025";"0000";"";"";"";"";"";"";"";"";"";"";"";"";"";"";"";"";""
"07/09/2025";"0100";"";"";"";"";"";"";"";"";"";"";"";"";"";"";"";"";""
"07/09/2025";"0200";"";"";"";"";"";"";"";"";"";"";"";"";"";"";"";"";""
"07/09/2025";"0300";"";"";"";"";"";"";"";"";"";"";"";"";"";"";"";"";""
"07/09/2025";"0400";"";"";"";"";"";"";"";"";"";"";"";"";"";"";"";"";""
"07/09/2025";"0500";"";"";"";"";"";"";"";"";"";"";"";"";"";"";"";"";""
"07/09/2025";"0600";"";"";"";"";"";"";"";"";"";"";"";"";"";"";"";"";""
"07/09/2025";"0700";"";"";"";"";"";"";"";"";"";"";"";"";"";"";"";"";""
"07/09/2025";"0800";"";"";"";"";"";"";"";"";"";"";"";"";"";"";"";"";""
"07/09/2025";"0900";"";"";"";"";"";"";"";"";"";"";"";"";"";"";"";"";""
"07/09/2025";"1000";"";"";"";"";"";"";"";"";"";"";"";"";"";"";"";"";""
"07/09/2025";"1100";"";"";"";"";"";"";"";"";"";"";"";"";"";"";"";"";""
"07/09/2025";"1200";"";"";"";"";"";"";"";"";"";"";"";"";"";"";"";"";""
"07/09/2025";"1300";"";"";"";"";"";"";"";"";"";"";"";"";"";"";"";"";""
"07/09/2025";"1400";"";"";"";"";"";"";"";"";"";"";"";"";"";"";"";"";""
"07/09/2025";"1500";"";"";"";"";"";"";"";"";"";"";"";"";"";"";"";"";""
"07/09/2025";"1600";"";"";"";"";"";"";"";"";"";"";"";"";"";"";"";"";""
"07/09/2025";"1700";"";"";"";"";"";"";"";"";"";"";"";"";"";"";"";"";""
"07/09/2025";"1800";"";"";"";"";"";"";"";"";"";"";"";"";"";"";"";"";""
"07/09/2025";"1900";"";"";"";"";"";"";"";"";"";"";"";"";"";"";"";"";""
"07/09/2025";"2000";"";"";"";"";"";"";"";"";"";"";"";"";"";"";"";"";""
"07/09/2025";"2100";"";"";"";"";"";"";"";"";"";"";"";"";"";"";"";"";""
"07/09/2025";"2200";"";"";"";"";"";"";"";"";"";"";"";"";"";"";"";"";""
"07/09/2025";"2300";"";"";"";"";"";"";"";"";"";"";"";"";"";"";"";"";""
"08/09/2025";"0000";"";"";"";"";"";"";"";"";"";"";"";"";"";"";"";"";""
"08/09/2025";"0100";"";"";"";"";"";"";"";"";"";"";"";"";"";"";"";"";""
"08/09/2025";"0200";"";"";"";"";"";"";"";"";"";"";"";"";"";"";"";"";""
"08/09/2025";"0300";"";"";"";"";"";"";"";"";"";"";"";"";"";"";"";"";""
"08/09/2025";"0400";"";"";"";"";"";"";"";"";"";"";"";"";"";"";"";"";""
"08/09/2025";"0500";"";"";"";"";"";"";"";"";"";"";"";"";"";"";"";"";""
"08/09/2025";"0600";"";"";"";"";"";"";"";"";"";"";"";"";"";"";"";"";""
"08/09/2025";"0700";"";"";"";"";"";"";"";"";"";"";"";"";"";"";"";"";""
"08/09/2025";"0800";"";"";"";"";"";"";"";"";"";"";"";"";"";"";"";"";""
"08/09/2025";"0900";"";"";"";"";"";"";"";"";"";"";"";"";"";"";"";"";""
"08/09/2025";"1000";"";"";"";"";"";"";"";"";"";"";"";"";"";"";"";"";""
"08/09/2025";"1100";"";"";"";"";"";"";"";"";"";"";"";"";"";"";"";"";""
"08/09/2025";"1200";"";"";"";"";"";"";"";"";"";"";"";"";"";"";"";"";""
"08/09/2025";"1300";"";"";"";"";"";"";"";"";"";"";"";"";"";"";"";"";""
"08/09/2025";"1400";"";"";"";"";"";"";"";"";"";"";"";"";"";"";"";"";""
"08/09/2025";"1500";"";"";"";"";"";"";"";"";"";"";"";"";"";"";"";"";""
"08/09/2025";"1600";"";"";"";"";"";"";"";"";"";"";"";"";"";"";"";"";""
"08/09/2025";"1700";"";"";"";"";"";"";"";"";"";"";"";"";"";"";"";"";""
"08/09/2025";"1800";"";"";"";"";"";"";"";"";"";"";"";"";"";"";"";"";""
"08/09/2025";"1900";"";"";"";"";"";"";"";"";"";"";"";"";"";"";"";"";""
"08/09/2025";"2000";"";"";"";"";"";"";"";"";"";"";"";"";"";"";"";"";""
"08/09/2025";"2100";"";"";"";"";"";"";"";"";"";"";"";"";"";"";"";"";""
"08/09/2025";"2200";"";"";"";"";"";"";"";"";"";"";"";"";"";"";"";"";""
"08/09/2025";"2300";"";"";"";"";"";"";"";"";"";"";"";"";"";"";"";"";""
"09/09/2025";"0000";"";"";"";"";"";"";"";"";"";"";"";"";"";"";"";"";""
"09/09/2025";"0100";"";"";"";"";"";"";"";"";"";"";"";"";"";"";"";"";""
"09/09/2025";"0200";"";"";"";"";"";"";"";"";"";"";"";"";"";"";"";"";""
"09/09/2025";"0300";"";"";"";"";"";"";"";"";"";"";"";"";"";"";"";"";""
"09/09/2025";"0400";"";"";"";"";"";"";"";"";"";"";"";"";"";"";"";"";""
"09/09/2025";"0500";"";"";"";"";"";"";"";"";"";"";"";"";"";"";"";"";""
"09/09/2025";"0600";"";"";"";"";"";"";"";"";"";"";"";"";"";"";"";"";""
"09/09/2025";"0700";"";"";"";"";"";"";"";"";"";"";"";"";"";"";"";"";""
"09/09/2025";"0800";"";"";"";"";"";"";"";"";"";"";"";"";"";"";"";"";""
"09/09/2025";"0900";"";"";"";"";"";"";"";"";"";"";"";"";"";"";"";"";""
"09/09/2025";"1000";"";"";"";"";"";"";"";"";"";"";"";"";"";"";"";"";""
"09/09/2025";"1100";"";"";"";"";"";"";"";"";"";"";"";"";"";"";"";"";""
"09/09/2025";"1200";"";"";"";"";"";"";"";"";"";"";"";"";"";"";"";"";""
"09/09/2025";"1300";"";"";"";"";"";"";"";"";"";"";"";"";"";"";"";"";""
"09/09/2025";"1400";"";"";"";"";"";"";"";"";"";"";"";"";"";"";"";"";""
"09/09/2025";"1500";"";"";"";"";"";"";"";"";"";"";"";"";"";"";"";"";""
"09/09/2025";"1600";"";"";"";"";"";"";"";"";"";"";"";"";"";"";"";"";""
"09/09/2025";"1700";"";"";"";"";"";"";"";"";"";"";"";"";"";"";"";"";""
"09/09/2025";"1800";"";"";"";"";"";"";"";"";"";"";"";"";"";"";"";"";""
"09/09/2025";"1900";"";"";"";"";"";"";"";"";"";"";"";"";"";"";"";"";""
"09/09/2025";"2000";"";"";"";"";"";"";"";"";"";"";"";"";"";"";"";"";""
"09/09/2025";"2100";"";"";"";"";"";"";"";"";"";"";"";"";"";"";"";"";""
"09/09/2025";"2200";"";"";"";"";"";"";"";"";"";"";"";"";"";"";"";"";""
"09/09/2025";"2300";"";"";"";"";"";"";"";"";"";"";"";"";"";"";"";"";""
"10/09/2025";"0000";"";"";"";"";"";"";"";"";"";"";"";"";"";"";"";"";""
"10/09/2025";"0100";"";"";"";"";"";"";"";"";"";"";"";"";"";"";"";"";""
"10/09/2025";"0200";"";"";"";"";"";"";"";"";"";"";"";"";"";"";"";"";""
"10/09/2025";"0300";"";"";"";"";"";"";"";"";"";"";"";"";"";"";"";"";""
"10/09/2025";"0400";"";"";"";"";"";"";"";"";"";"";"";"";"";"";"";"";""
"10/09/2025";"0500";"";"";"";"";"";"";"";"";"";"";"";"";"";"";"";"";""
"10/09/2025";"0600";"";"";"";"";"";"";"";"";"";"";"";"";"";"";"";"";""
"10/09/2025";"0700";"";"";"";"";"";"";"";"";"";"";"";"";"";"";"";"";""
"10/09/2025";"0800";"";"";"";"";"";"";"";"";"";"";"";"";"";"";"";"";""
"10/09/2025";"0900";"";"";"";"";"";"";"";"";"";"";"";"";"";"";"";"";""
"10/09/2025";"1000";"";"";"";"";"";"";"";"";"";"";"";"";"";"";"";"";""
"10/09/2025";"1100";"";"";"";"";"";"";"";"";"";"";"";"";"";"";"";"";""
"10/09/2025";"1200";"";"";"";"";"";"";"";"";"";"";"";"";"";"";"";"";""
"10/09/2025";"1300";"";"";"";"";"";"";"";"";"";"";"";"";"";"";"";"";""
"10/09/2025";"1400";"";"";"";"";"";"";"";"";"";"";"";"";"";"";"";"";""
"10/09/2025";"1500";"";"";"";"";"";"";"";"";"";"";"";"";"";"";"";"";""
"10/09/2025";"1600";"";"";"";"";"";"";"";"";"";"";"";"";"";"";"";"";""
"10/09/2025";"1700";"";"";"";"";"";"";"";"";"";"";"";"";"";"";"";"";""
"10/09/2025";"1800";"";"";"";"";"";"";"";"";"";"";"";"";"";"";"";"";""
"10/09/2025";"1900";"";"";"";"";"";"";"";"";"";"";"";"";"";"";"";"";""
"10/09/2025";"2000";"";"";"";"";"";"";"";"";"";"";"";"";"";"";"";"";""
"10/09/2025";"2100";"";"";"";"";"";"";"";"";"";"";"";"";"";"";"";"";""
"10/09/2025";"2200";"";"";"";"";"";"";"";"";"";"";"";"";"";"";"";"";""
"10/09/2025";"2300";"";"";"";"";"";"";"";"";"";"";"";"";"";"";"";"";""
"11/09/2025";"0000";"";"";"";"";"";"";"";"";"";"";"";"";"";"";"";"";""
"11/09/2025";"0100";"";"";"";"";"";"";"";"";"";"";"";"";"";"";"";"";""
"11/09/2025";"0200";"";"";"";"";"";"";"";"";"";"";"";"";"";"";"";"";""
"11/09/2025";"0300";"";"";"";"";"";"";"";"";"";"";"";"";"";"";"";"";""
"11/09/2025";"0400";"";"";"";"";"";"";"";"";"";"";"";"";"";"";"";"";""
"11/09/2025";"0500";"";"";"";"";"";"";"";"";"";"";"";"";"";"";"";"";""
"11/09/2025";"0600";"";"";"";"";"";"";"";"";"";"";"";"";"";"";"";"";""
"11/09/2025";"0700";"";"";"";"";"";"";"";"";"";"";"";"";"";"";"";"";""
"11/09/2025";"0800";"";"";"";"";"";"";"";"";"";"";"";"";"";"";"";"";""
"11/09/2025";"0900";"";"";"";"";"";"";"";"";"";"";"";"";"";"";"";"";""
"11/09/2025";"1000";"";"";"";"";"";"";"";"";"";"";"";"";"";"";"";"";""
"11/09/2025";"1100";"";"";"";"";"";"";"";"";"";"";"";"";"";"";"";"";""
"11/09/2025";"1200";"";"";"";"";"";"";"";"";"";"";"";"";"";"";"";"";""
"11/09/2025";"1300";"";"";"";"";"";"";"";"";"";"";"";"";"";"";"";"";""
"11/09/2025";"1400";"";"";"";"";"";"";"";"";"";"";"";"";"";"";"";"";""
"11/09/2025";"1500";"";"";"";"";"";"";"";"";"";"";"";"";"";"";"";"";""
"11/09/2025";"1600";"";"";"";"";"";"";"";"";"";"";"";"";"";"";"";"";""
"11/09/2025";"1700";"";"";"";"";"";"";"";"";"";"";"";"";"";"";"";"";""
"11/09/2025";"1800";"";"";"";"";"";"";"";"";"";"";"";"";"";"";"";"";""
"11/09/2025";"1900";"";"";"";"";"";"";"";"";"";"";"";"";"";"";"";"";""
"11/09/2025";"2000";"";"";"";"";"";"";"";"";"";"";"";"";"";"";"";"";""
"11/09/2025";"2100";"";"";"";"";"";"";"";"";"";"";"";"";"";"";"";"";""
"11/09/2025";"2200";"";"";"";"";"";"";"";"";"";"";"";"";"";"";"";"";""
"11/09/2025";"2300";"";"";"";"";"";"";"";"";"";"";"";"";"";"";"";"";""
"12/09/2025";"0000";"";"";"";"";"";"";"";"";"";"";"";"";"";"";"";"";""
"12/09/2025";"0100";"";"";"";"";"";"";"";"";"";"";"";"";"";"";"";"";""
"12/09/2025";"0200";"";"";"";"";"";"";"";"";"";"";"";"";"";"";"";"";""
"12/09/2025";"0300";"";"";"";"";"";"";"";"";"";"";"";"";"";"";"";"";""
"12/09/2025";"0400";"";"";"";"";"";"";"";"";"";"";"";"";"";"";"";"";""
"12/09/2025";"0500";"";"";"";"";"";"";"";"";"";"";"";"";"";"";"";"";""
"12/09/2025";"0600";"";"";"";"";"";"";"";"";"";"";"";"";"";"";"";"";""
"12/09/2025";"0700";"";"";"";"";"";"";"";"";"";"";"";"";"";"";"";"";""
"12/09/2025";"0800";"";"";"";"";"";"";"";"";"";"";"";"";"";"";"";"";""
"12/09/2025";"0900";"";"";"";"";"";"";"";"";"";"";"";"";"";"";"";"";""
"12/09/2025";"1000";"";"";"";"";"";"";"";"";"";"";"";"";"";"";"";"";""
"12/09/2025";"1100";"";"";"";"";"";"";"";"";"";"";"";"";"";"";"";"";""
"12/09/2025";"1200";"";"";"";"";"";"";"";"";"";"";"";"";"";"";"";"";""
"12/09/2025";"1300";"";"";"";"";"";"";"";"";"";"";"";"";"";"";"";"";""
"12/09/2025";"1400";"";"";"";"";"";"";"";"";"";"";"";"";"";"";"";"";""
"12/09/2025";"1500";"";"";"";"";"";"";"";"";"";"";"";"";"";"";"";"";""
"12/09/2025";"1600";"";"";"";"";"";"";"";"";"";"";"";"";"";"";"";"";""
"12/09/2025";"1700";"";"";"";"";"";"";"";"";"";"";"";"";"";"";"";"";""
"12/09/2025";"1800";"";"";"";"";"";"";"";"";"";"";"";"";"";"";"";"";""
"12/09/2025";"1900";"";"";"";"";"";"";"";"";"";"";"";"";"";"";"";"";""
"12/09/2025";"2000";"";"";"";"";"";"";"";"";"";"";"";"";"";"";"";"";""
"12/09/2025";"2100";"";"";"";"";"";"";"";"";"";"";"";"";"";"";"";"";""
"12/09/2025";"2200";"";"";"";"";"";"";"";"";"";"";"";"";"";"";"";"";""
"12/09/2025";"2300";"";"";"";"";"";"";"";"";"";"";"";"";"";"";"";"";""
"13/09/2025";"0000";"";"";"";"";"";"";"";"";"";"";"";"";"";"";"";"";""
"13/09/2025";"0100";"";"";"";"";"";"";"";"";"";"";"";"";"";"";"";"";""
"13/09/2025";"0200";"";"";"";"";"";"";"";"";"";"";"";"";"";"";"";"";""
"13/09/2025";"0300";"";"";"";"";"";"";"";"";"";"";"";"";"";"";"";"";""
"13/09/2025";"0400";"";"";"";"";"";"";"";"";"";"";"";"";"";"";"";"";""
"13/09/2025";"0500";"";"";"";"";"";"";"";"";"";"";"";"";"";"";"";"";""
"13/09/2025";"0600";"";"";"";"";"";"";"";"";"";"";"";"";"";"";"";"";""
"13/09/2025";"0700";"";"";"";"";"";"";"";"";"";"";"";"";"";"";"";"";""
"13/09/2025";"0800";"";"";"";"";"";"";"";"";"";"";"";"";"";"";"";"";""
"13/09/2025";"0900";"";"";"";"";"";"";"";"";"";"";"";"";"";"";"";"";""
"13/09/2025";"1000";"";"";"";"";"";"";"";"";"";"";"";"";"";"";"";"";""
"13/09/2025";"1100";"";"";"";"";"";"";"";"";"";"";"";"";"";"";"";"";""
"13/09/2025";"1200";"";"";"";"";"";"";"";"";"";"";"";"";"";"";"";"";""
"13/09/2025";"1300";"";"";"";"";"";"";"";"";"";"";"";"";"";"";"";"";""
"13/09/2025";"1400";"";"";"";"";"";"";"";"";"";"";"";"";"";"";"";"";""
"13/09/2025";"1500";"";"";"";"";"";"";"";"";"";"";"";"";"";"";"";"";""
"13/09/2025";"1600";"";"";"";"";"";"";"";"";"";"";"";"";"";"";"";"";""
"13/09/2025";"1700";"";"";"";"";"";"";"";"";"";"";"";"";"";"";"";"";""
"13/09/2025";"1800";"";"";"";"";"";"";"";"";"";"";"";"";"";"";"";"";""
"13/09/2025";"1900";"";"";"";"";"";"";"";"";"";"";"";"";"";"";"";"";""
"13/09/2025";"2000";"";"";"";"";"";"";"";"";"";"";"";"";"";"";"";"";""
"13/09/2025";"2100";"";"";"";"";"";"";"";"";"";"";"";"";"";"";"";"";""
"13/09/2025";"2200";"";"";"";"";"";"";"";"";"";"";"";"";"";"";"";"";""
"13/09/2025";"2300";"";"";"";"";"";"";"";"";"";"";"";"";"";"";"";"";""
"14/09/2025";"0000";"";"";"";"";"";"";"";"";"";"";"";"";"";"";"";"";""
"14/09/2025";"0100";"";"";"";"";"";"";"";"";"";"";"";"";"";"";"";"";""
"14/09/2025";"0200";"";"";"";"";"";"";"";"";"";"";"";"";"";"";"";"";""
"14/09/2025";"0300";"";"";"";"";"";"";"";"";"";"";"";"";"";"";"";"";""
"14/09/2025";"0400";"";"";"";"";"";"";"";"";"";"";"";"";"";"";"";"";""
"14/09/2025";"0500";"";"";"";"";"";"";"";"";"";"";"";"";"";"";"";"";""
"14/09/2025";"0600";"";"";"";"";"";"";"";"";"";"";"";"";"";"";"";"";""
"14/09/2025";"0700";"";"";"";"";"";"";"";"";"";"";"";"";"";"";"";"";""
"14/09/2025";"0800";"";"";"";"";"";"";"";"";"";"";"";"";"";"";"";"";""
"14/09/2025";"0900";"";"";"";"";"";"";"";"";"";"";"";"";"";"";"";"";""
"14/09/2025";"1000";"";"";"";"";"";"";"";"";"";"";"";"";"";"";"";"";""
"14/09/2025";"1100";"";"";"";"";"";"";"";"";"";"";"";"";"";"";"";"";""
"14/09/2025";"1200";"";"";"";"";"";"";"";"";"";"";"";"";"";"";"";"";""
"14/09/2025";"1300";"";"";"";"";"";"";"";"";"";"";"";"";"";"";"";"";""
"14/09/2025";"1400";"";"";"";"";"";"";"";"";"";"";"";"";"";"";"";"";""
"14/09/2025";"1500";"";"";"";"";"";"";"";"";"";"";"";"";"";"";"";"";""
"14/09/2025";"1600";"";"";"";"";"";"";"";"";"";"";"";"";"";"";"";"";""
"14/09/2025";"1700";"";"";"";"";"";"";"";"";"";"";"";"";"";"";"";"";""
"14/09/2025";"1800";"";"";"";"";"";"";"";"";"";"";"";"";"";"";"";"";""
"14/09/2025";"1900";"";"";"";"";"";"";"";"";"";"";"";"";"";"";"";"";""
"14/09/2025";"2000";"";"";"";"";"";"";"";"";"";"";"";"";"";"";"";"";""
"14/09/2025";"2100";"";"";"";"";"";"";"";"";"";"";"";"";"";"";"";"";""
"14/09/2025";"2200";"";"";"";"";"";"";"";"";"";"";"";"";"";"";"";"";""
"14/09/2025";"2300";"";"";"";"";"";"";"";"";"";"";"";"";"";"";"";"";""
"15/09/2025";"0000";"";"";"";"";"";"";"";"";"";"";"";"";"";"";"";"";""
"15/09/2025";"0100";"";"";"";"";"";"";"";"";"";"";"";"";"";"";"";"";""
"15/09/2025";"0200";"";"";"";"";"";"";"";"";"";"";"";"";"";"";"";"";""
"15/09/2025";"0300";"";"";"";"";"";"";"";"";"";"";"";"";"";"";"";"";""
"15/09/2025";"0400";"";"";"";"";"";"";"";"";"";"";"";"";"";"";"";"";""
"15/09/2025";"0500";"";"";"";"";"";"";"";"";"";"";"";"";"";"";"";"";""
"15/09/2025";"0600";"";"";"";"";"";"";"";"";"";"";"";"";"";"";"";"";""
"15/09/2025";"0700";"";"";"";"";"";"";"";"";"";"";"";"";"";"";"";"";""
"15/09/2025";"0800";"";"";"";"";"";"";"";"";"";"";"";"";"";"";"";"";""
"15/09/2025";"0900";"";"";"";"";"";"";"";"";"";"";"";"";"";"";"";"";""
"15/09/2025";"1000";"";"";"";"";"";"";"";"";"";"";"";"";"";"";"";"";""
"15/09/2025";"1100";"";"";"";"";"";"";"";"";"";"";"";"";"";"";"";"";""
"15/09/2025";"1200";"";"";"";"";"";"";"";"";"";"";"";"";"";"";"";"";""
"15/09/2025";"1300";"";"";"";"";"";"";"";"";"";"";"";"";"";"";"";"";""
"15/09/2025";"1400";"";"";"";"";"";"";"";"";"";"";"";"";"";"";"";"";""
"15/09/2025";"1500";"";"";"";"";"";"";"";"";"";"";"";"";"";"";"";"";""
"15/09/2025";"1600";"";"";"";"";"";"";"";"";"";"";"";"";"";"";"";"";""
"15/09/2025";"1700";"";"";"";"";"";"";"";"";"";"";"";"";"";"";"";"";""
"15/09/2025";"1800";"";"";"";"";"";"";"";"";"";"";"";"";"";"";"";"";""
"15/09/2025";"1900";"";"";"";"";"";"";"";"";"";"";"";"";"";"";"";"";""
"15/09/2025";"2000";"";"";"";"";"";"";"";"";"";"";"";"";"";"";"";"";""
"15/09/2025";"2100";"";"";"";"";"";"";"";"";"";"";"";"";"";"";"";"";""
"15/09/2025";"2200";"";"";"";"";"";"";"";"";"";"";"";"";"";"";"";"";""
"15/09/2025";"2300";"";"";"";"";"";"";"";"";"";"";"";"";"";"";"";"";""
"16/09/2025";"0000";"";"";"";"";"";"";"";"";"";"";"";"";"";"";"";"";""
"16/09/2025";"0100";"";"";"";"";"";"";"";"";"";"";"";"";"";"";"";"";""
"16/09/2025";"0200";"";"";"";"";"";"";"";"";"";"";"";"";"";"";"";"";""
"16/09/2025";"0300";"";"";"";"";"";"";"";"";"";"";"";"";"";"";"";"";""
"16/09/2025";"0400";"";"";"";"";"";"";"";"";"";"";"";"";"";"";"";"";""
"16/09/2025";"0500";"";"";"";"";"";"";"";"";"";"";"";"";"";"";"";"";""
"16/09/2025";"0600";"";"";"";"";"";"";"";"";"";"";"";"";"";"";"";"";""
"16/09/2025";"0700";"";"";"";"";"";"";"";"";"";"";"";"";"";"";"";"";""
"16/09/2025";"0800";"";"";"";"";"";"";"";"";"";"";"";"";"";"";"";"";""
"16/09/2025";"0900";"";"";"";"";"";"";"";"";"";"";"";"";"";"";"";"";""
"16/09/2025";"1000";"";"";"";"";"";"";"";"";"";"";"";"";"";"";"";"";""
"16/09/2025";"1100";"";"";"";"";"";"";"";"";"";"";"";"";"";"";"";"";""
"16/09/2025";"1200";"";"";"";"";"";"";"";"";"";"";"";"";"";"";"";"";""
"16/09/2025";"1300";"";"";"";"";"";"";"";"";"";"";"";"";"";"";"";"";""
"16/09/2025";"1400";"";"";"";"";"";"";"";"";"";"";"";"";"";"";"";"";""
"16/09/2025";"1500";"";"";"";"";"";"";"";"";"";"";"";"";"";"";"";"";""
"16/09/2025";"1600";"";"";"";"";"";"";"";"";"";"";"";"";"";"";"";"";""
"16/09/2025";"1700";"";"";"";"";"";"";"";"";"";"";"";"";"";"";"";"";""
"16/09/2025";"1800";"";"";"";"";"";"";"";"";"";"";"";"";"";"";"";"";""
"16/09/2025";"1900";"";"";"";"";"";"";"";"";"";"";"";"";"";"";"";"";""
"16/09/2025";"2000";"";"";"";"";"";"";"";"";"";"";"";"";"";"";"";"";""
"16/09/2025";"2100";"";"";"";"";"";"";"";"";"";"";"";"";"";"";"";"";""
"16/09/2025";"2200";"";"";"";"";"";"";"";"";"";"";"";"";"";"";"";"";""
"16/09/2025";"2300";"";"";"";"";"";"";"";"";"";"";"";"";"";"";"";"";""
"17/09/2025";"0000";"";"";"";"";"";"";"";"";"";"";"";"";"";"";"";"";""
"17/09/2025";"0100";"";"";"";"";"";"";"";"";"";"";"";"";"";"";"";"";""
"17/09/2025";"0200";"";"";"";"";"";"";"";"";"";"";"";"";"";"";"";"";""
"17/09/2025";"0300";"";"";"";"";"";"";"";"";"";"";"";"";"";"";"";"";""
"17/09/2025";"0400";"";"";"";"";"";"";"";"";"";"";"";"";"";"";"";"";""
"17/09/2025";"0500";"";"";"";"";"";"";"";"";"";"";"";"";"";"";"";"";""
"17/09/2025";"0600";"";"";"";"";"";"";"";"";"";"";"";"";"";"";"";"";""
"17/09/2025";"0700";"";"";"";"";"";"";"";"";"";"";"";"";"";"";"";"";""
"17/09/2025";"0800";"";"";"";"";"";"";"";"";"";"";"";"";"";"";"";"";""
"17/09/2025";"0900";"";"";"";"";"";"";"";"";"";"";"";"";"";"";"";"";""
"17/09/2025";"1000";"";"";"";"";"";"";"";"";"";"";"";"";"";"";"";"";""
"17/09/2025";"1100";"";"";"";"";"";"";"";"";"";"";"";"";"";"";"";"";""
"17/09/2025";"1200";"";"";"";"";"";"";"";"";"";"";"";"";"";"";"";"";""
"17/09/2025";"1300";"";"";"";"";"";"";"";"";"";"";"";"";"";"";"";"";""
"17/09/2025";"1400";"";"";"";"";"";"";"";"";"";"";"";"";"";"";"";"";""
"17/09/2025";"1500";"";"";"";"";"";"";"";"";"";"";"";"";"";"";"";"";""
"17/09/2025";"1600";"";"";"";"";"";"";"";"";"";"";"";"";"";"";"";"";""
"17/09/2025";"1700";"";"";"";"";"";"";"";"";"";"";"";"";"";"";"";"";""
"17/09/2025";"1800";"";"";"";"";"";"";"";"";"";"";"";"";"";"";"";"";""
"17/09/2025";"1900";"";"";"";"";"";"";"";"";"";"";"";"";"";"";"";"";""
"17/09/2025";"2000";"";"";"";"";"";"";"";"";"";"";"";"";"";"";"";"";""
"17/09/2025";"2100";"";"";"";"";"";"";"";"";"";"";"";"";"";"";"";"";""
"17/09/2025";"2200";"";"";"";"";"";"";"";"";"";"";"";"";"";"";"";"";""
"17/09/2025";"2300";"";"";"";"";"";"";"";"";"";"";"";"";"";"";"";"";""
"18/09/2025";"0000";"";"";"";"";"";"";"";"";"";"";"";"";"";"";"";"";""
"18/09/2025";"0100";"";"";"";"";"";"";"";"";"";"";"";"";"";"";"";"";""
"18/09/2025";"0200";"";"";"";"";"";"";"";"";"";"";"";"";"";"";"";"";""
"18/09/2025";"0300";"";"";"";"";"";"";"";"";"";"";"";"";"";"";"";"";""
"18/09/2025";"0400";"";"";"";"";"";"";"";"";"";"";"";"";"";"";"";"";""
"18/09/2025";"0500";"";"";"";"";"";"";"";"";"";"";"";"";"";"";"";"";""
"18/09/2025";"0600";"";"";"";"";"";"";"";"";"";"";"";"";"";"";"";"";""
"18/09/2025";"0700";"";"";"";"";"";"";"";"";"";"";"";"";"";"";"";"";""
"18/09/2025";"0800";"";"";"";"";"";"";"";"";"";"";"";"";"";"";"";"";""
"18/09/2025";"0900";"";"";"";"";"";"";"";"";"";"";"";"";"";"";"";"";""
"18/09/2025";"1000";"";"";"";"";"";"";"";"";"";"";"";"";"";"";"";"";""
"18/09/2025";"1100";"";"";"";"";"";"";"";"";"";"";"";"";"";"";"";"";""
"18/09/2025";"1200";"";"";"";"";"";"";"";"";"";"";"";"";"";"";"";"";""
"18/09/2025";"1300";"";"";"";"";"";"";"";"";"";"";"";"";"";"";"";"";""
"18/09/2025";"1400";"";"";"";"";"";"";"";"";"";"";"";"";"";"";"";"";""
"18/09/2025";"1500";"";"";"";"";"";"";"";"";"";"";"";"";"";"";"";"";""
"18/09/2025";"1600";"";"";"";"";"";"";"";"";"";"";"";"";"";"";"";"";""
"18/09/2025";"1700";"";"";"";"";"";"";"";"";"";"";"";"";"";"";"";"";""
"18/09/2025";"1800";"";"";"";"";"";"";"";"";"";"";"";"";"";"";"";"";""
"18/09/2025";"1900";"";"";"";"";"";"";"";"";"";"";"";"";"";"";"";"";""
"18/09/2025";"2000";"";"";"";"";"";"";"";"";"";"";"";"";"";"";"";"";""
"18/09/2025";"2100";"";"";"";"";"";"";"";"";"";"";"";"";"";"";"";"";""
"18/09/2025";"2200";"";"";"";"";"";"";"";"";"";"";"";"";"";"";"";"";""
"18/09/2025";"2300";"";"";"";"";"";"";"";"";"";"";"";"";"";"";"";"";""
"19/09/2025";"0000";"";"";"";"";"";"";"";"";"";"";"";"";"";"";"";"";""
"19/09/2025";"0100";"";"";"";"";"";"";"";"";"";"";"";"";"";"";"";"";""
"19/09/2025";"0200";"";"";"";"";"";"";"";"";"";"";"";"";"";"";"";"";""
"19/09/2025";"0300";"";"";"";"";"";"";"";"";"";"";"";"";"";"";"";"";""
"19/09/2025";"0400";"";"";"";"";"";"";"";"";"";"";"";"";"";"";"";"";""
"19/09/2025";"0500";"";"";"";"";"";"";"";"";"";"";"";"";"";"";"";"";""
"19/09/2025";"0600";"";"";"";"";"";"";"";"";"";"";"";"";"";"";"";"";""
"19/09/2025";"0700";"";"";"";"";"";"";"";"";"";"";"";"";"";"";"";"";""
"19/09/2025";"0800";"";"";"";"";"";"";"";"";"";"";"";"";"";"";"";"";""
"19/09/2025";"0900";"";"";"";"";"";"";"";"";"";"";"";"";"";"";"";"";""
"19/09/2025";"1000";"";"";"";"";"";"";"";"";"";"";"";"";"";"";"";"";""
"19/09/2025";"1100";"";"";"";"";"";"";"";"";"";"";"";"";"";"";"";"";""
"19/09/2025";"1200";"";"";"";"";"";"";"";"";"";"";"";"";"";"";"";"";""
"19/09/2025";"1300";"";"";"";"";"";"";"";"";"";"";"";"";"";"";"";"";""
"19/09/2025";"1400";"";"";"";"";"";"";"";"";"";"";"";"";"";"";"";"";""
"19/09/2025";"1500";"";"";"";"";"";"";"";"";"";"";"";"";"";"";"";"";""
"19/09/2025";"1600";"";"";"";"";"";"";"";"";"";"";"";"";"";"";"";"";""
"19/09/2025";"1700";"";"";"";"";"";"";"";"";"";"";"";"";"";"";"";"";""
"19/09/2025";"1800";"";"";"";"";"";"";"";"";"";"";"";"";"";"";"";"";""
"19/09/2025";"1900";"";"";"";"";"";"";"";"";"";"";"";"";"";"";"";"";""
"19/09/2025";"2000";"";"";"";"";"";"";"";"";"";"";"";"";"";"";"";"";""
"19/09/2025";"2100";"";"";"";"";"";"";"";"";"";"";"";"";"";"";"";"";""
"19/09/2025";"2200";"";"";"";"";"";"";"";"";"";"";"";"";"";"";"";"";""
"19/09/2025";"2300";"";"";"";"";"";"";"";"";"";"";"";"";"";"";"";"";""
"20/09/2025";"0000";"";"";"";"";"";"";"";"";"";"";"";"";"";"";"";"";""
"20/09/2025";"0100";"";"";"";"";"";"";"";"";"";"";"";"";"";"";"";"";""
"20/09/2025";"0200";"";"";"";"";"";"";"";"";"";"";"";"";"";"";"";"";""
"20/09/2025";"0300";"";"";"";"";"";"";"";"";"";"";"";"";"";"";"";"";""
"20/09/2025";"0400";"";"";"";"";"";"";"";"";"";"";"";"";"";"";"";"";""
"20/09/2025";"0500";"";"";"";"";"";"";"";"";"";"";"";"";"";"";"";"";""
"20/09/2025";"0600";"";"";"";"";"";"";"";"";"";"";"";"";"";"";"";"";""
"20/09/2025";"0700";"";"";"";"";"";"";"";"";"";"";"";"";"";"";"";"";""
"20/09/2025";"0800";"";"";"";"";"";"";"";"";"";"";"";"";"";"";"";"";""
"20/09/2025";"0900";"";"";"";"";"";"";"";"";"";"";"";"";"";"";"";"";""
"20/09/2025";"1000";"";"";"";"";"";"";"";"";"";"";"";"";"";"";"";"";""
"20/09/2025";"1100";"";"";"";"";"";"";"";"";"";"";"";"";"";"";"";"";""
"20/09/2025";"1200";"";"";"";"";"";"";"";"";"";"";"";"";"";"";"";"";""
"20/09/2025";"1300";"";"";"";"";"";"";"";"";"";"";"";"";"";"";"";"";""
"20/09/2025";"1400";"";"";"";"";"";"";"";"";"";"";"";"";"";"";"";"";""
"20/09/2025";"1500";"";"";"";"";"";"";"";"";"";"";"";"";"";"";"";"";""
"20/09/2025";"1600";"";"";"";"";"";"";"";"";"";"";"";"";"";"";"";"";""
"20/09/2025";"1700";"";"";"";"";"";"";"";"";"";"";"";"";"";"";"";"";""
"20/09/2025";"1800";"";"";"";"";"";"";"";"";"";"";"";"";"";"";"";"";""
"20/09/2025";"1900";"";"";"";"";"";"";"";"";"";"";"";"";"";"";"";"";""
"20/09/2025";"2000";"";"";"";"";"";"";"";"";"";"";"";"";"";"";"";"";""
"20/09/2025";"2100";"";"";"";"";"";"";"";"";"";"";"";"";"";"";"";"";""
"20/09/2025";"2200";"";"";"";"";"";"";"";"";"";"";"";"";"";"";"";"";""
"20/09/2025";"2300";"";"";"";"";"";"";"";"";"";"";"";"";"";"";"";"";""
"21/09/2025";"0000";"";"";"";"";"";"";"";"";"";"";"";"";"";"";"";"";""
"21/09/2025";"0100";"";"";"";"";"";"";"";"";"";"";"";"";"";"";"";"";""
"21/09/2025";"0200";"";"";"";"";"";"";"";"";"";"";"";"";"";"";"";"";""
"21/09/2025";"0300";"";"";"";"";"";"";"";"";"";"";"";"";"";"";"";"";""
"21/09/2025";"0400";"";"";"";"";"";"";"";"";"";"";"";"";"";"";"";"";""
"21/09/2025";"0500";"";"";"";"";"";"";"";"";"";"";"";"";"";"";"";"";""
"21/09/2025";"0600";"";"";"";"";"";"";"";"";"";"";"";"";"";"";"";"";""
"21/09/2025";"0700";"";"";"";"";"";"";"";"";"";"";"";"";"";"";"";"";""
"21/09/2025";"0800";"";"";"";"";"";"";"";"";"";"";"";"";"";"";"";"";""
"21/09/2025";"0900";"";"";"";"";"";"";"";"";"";"";"";"";"";"";"";"";""
"21/09/2025";"1000";"";"";"";"";"";"";"";"";"";"";"";"";"";"";"";"";""
"21/09/2025";"1100";"";"";"";"";"";"";"";"";"";"";"";"";"";"";"";"";""
"21/09/2025";"1200";"";"";"";"";"";"";"";"";"";"";"";"";"";"";"";"";""
"21/09/2025";"1300";"";"";"";"";"";"";"";"";"";"";"";"";"";"";"";"";""
"21/09/2025";"1400";"";"";"";"";"";"";"";"";"";"";"";"";"";"";"";"";""
"21/09/2025";"1500";"";"";"";"";"";"";"";"";"";"";"";"";"";"";"";"";""
"21/09/2025";"1600";"";"";"";"";"";"";"";"";"";"";"";"";"";"";"";"";""
"21/09/2025";"1700";"";"";"";"";"";"";"";"";"";"";"";"";"";"";"";"";""
"21/09/2025";"1800";"";"";"";"";"";"";"";"";"";"";"";"";"";"";"";"";""
"21/09/2025";"1900";"";"";"";"";"";"";"";"";"";"";"";"";"";"";"";"";""
"21/09/2025";"2000";"";"";"";"";"";"";"";"";"";"";"";"";"";"";"";"";""
"21/09/2025";"2100";"";"";"";"";"";"";"";"";"";"";"";"";"";"";"";"";""
"21/09/2025";"2200";"";"";"";"";"";"";"";"";"";"";"";"";"";"";"";"";""
"21/09/2025";"2300";"";"";"";"";"";"";"";"";"";"";"";"";"";"";"";"";""
"22/09/2025";"0000";"";"";"";"";"";"";"";"";"";"";"";"";"";"";"";"";""
"22/09/2025";"0100";"";"";"";"";"";"";"";"";"";"";"";"";"";"";"";"";""
"22/09/2025";"0200";"";"";"";"";"";"";"";"";"";"";"";"";"";"";"";"";""
"22/09/2025";"0300";"";"";"";"";"";"";"";"";"";"";"";"";"";"";"";"";""
"22/09/2025";"0400";"";"";"";"";"";"";"";"";"";"";"";"";"";"";"";"";""
"22/09/2025";"0500";"";"";"";"";"";"";"";"";"";"";"";"";"";"";"";"";""
"22/09/2025";"0600";"";"";"";"";"";"";"";"";"";"";"";"";"";"";"";"";""
"22/09/2025";"0700";"";"";"";"";"";"";"";"";"";"";"";"";"";"";"";"";""
"22/09/2025";"0800";"";"";"";"";"";"";"";"";"";"";"";"";"";"";"";"";""
"22/09/2025";"0900";"";"";"";"";"";"";"";"";"";"";"";"";"";"";"";"";""
"22/09/2025";"1000";"";"";"";"";"";"";"";"";"";"";"";"";"";"";"";"";""
"22/09/2025";"1100";"";"";"";"";"";"";"";"";"";"";"";"";"";"";"";"";""
"22/09/2025";"1200";"";"";"";"";"";"";"";"";"";"";"";"";"";"";"";"";""
"22/09/2025";"1300";"";"";"";"";"";"";"";"";"";"";"";"";"";"";"";"";""
"22/09/2025";"1400";"";"";"";"";"";"";"";"";"";"";"";"";"";"";"";"";""
"22/09/2025";"1500";"";"";"";"";"";"";"";"";"";"";"";"";"";"";"";"";""
"22/09/2025";"1600";"";"";"";"";"";"";"";"";"";"";"";"";"";"";"";"";""
"22/09/2025";"1700";"";"";"";"";"";"";"";"";"";"";"";"";"";"";"";"";""
"22/09/2025";"1800";"";"";"";"";"";"";"";"";"";"";"";"";"";"";"";"";""
"22/09/2025";"1900";"";"";"";"";"";"";"";"";"";"";"";"";"";"";"";"";""
"22/09/2025";"2000";"";"";"";"";"";"";"";"";"";"";"";"";"";"";"";"";""
"22/09/2025";"2100";"";"";"";"";"";"";"";"";"";"";"";"";"";"";"";"";""
"22/09/2025";"2200";"";"";"";"";"";"";"";"";"";"";"";"";"";"";"";"";""
"22/09/2025";"2300";"";"";"";"";"";"";"";"";"";"";"";"";"";"";"";"";""
"23/09/2025";"0000";"";"";"";"";"";"";"";"";"";"";"";"";"";"";"";"";""
"23/09/2025";"0100";"";"";"";"";"";"";"";"";"";"";"";"";"";"";"";"";""
"23/09/2025";"0200";"";"";"";"";"";"";"";"";"";"";"";"";"";"";"";"";""
"23/09/2025";"0300";"";"";"";"";"";"";"";"";"";"";"";"";"";"";"";"";""
"23/09/2025";"0400";"";"";"";"";"";"";"";"";"";"";"";"";"";"";"";"";""
"23/09/2025";"0500";"";"";"";"";"";"";"";"";"";"";"";"";"";"";"";"";""
"23/09/2025";"0600";"";"";"";"";"";"";"";"";"";"";"";"";"";"";"";"";""
"23/09/2025";"0700";"";"";"";"";"";"";"";"";"";"";"";"";"";"";"";"";""
"23/09/2025";"0800";"";"";"";"";"";"";"";"";"";"";"";"";"";"";"";"";""
"23/09/2025";"0900";"";"";"";"";"";"";"";"";"";"";"";"";"";"";"";"";""
"23/09/2025";"1000";"";"";"";"";"";"";"";"";"";"";"";"";"";"";"";"";""
"23/09/2025";"1100";"";"";"";"";"";"";"";"";"";"";"";"";"";"";"";"";""
"23/09/2025";"1200";"";"";"";"";"";"";"";"";"";"";"";"";"";"";"";"";""
"23/09/2025";"1300";"";"";"";"";"";"";"";"";"";"";"";"";"";"";"";"";""
"23/09/2025";"1400";"";"";"";"";"";"";"";"";"";"";"";"";"";"";"";"";""
"23/09/2025";"1500";"";"";"";"";"";"";"";"";"";"";"";"";"";"";"";"";""
"23/09/2025";"1600";"";"";"";"";"";"";"";"";"";"";"";"";"";"";"";"";""
"23/09/2025";"1700";"";"";"";"";"";"";"";"";"";"";"";"";"";"";"";"";""
"23/09/2025";"1800";"";"";"";"";"";"";"";"";"";"";"";"";"";"";"";"";""
"23/09/2025";"1900";"";"";"";"";"";"";"";"";"";"";"";"";"";"";"";"";""
"23/09/2025";"2000";"";"";"";"";"";"";"";"";"";"";"";"";"";"";"";"";""
"23/09/2025";"2100";"";"";"";"";"";"";"";"";"";"";"";"";"";"";"";"";""
"23/09/2025";"2200";"";"";"";"";"";"";"";"";"";"";"";"";"";"";"";"";""
"23/09/2025";"2300";"";"";"";"";"";"";"";"";"";"";"";"";"";"";"";"";""
"24/09/2025";"0000";"";"";"";"";"";"";"";"";"";"";"";"";"";"";"";"";""
"24/09/2025";"0100";"";"";"";"";"";"";"";"";"";"";"";"";"";"";"";"";""
"24/09/2025";"0200";"";"";"";"";"";"";"";"";"";"";"";"";"";"";"";"";""
"24/09/2025";"0300";"";"";"";"";"";"";"";"";"";"";"";"";"";"";"";"";""
"24/09/2025";"0400";"";"";"";"";"";"";"";"";"";"";"";"";"";"";"";"";""
"24/09/2025";"0500";"";"";"";"";"";"";"";"";"";"";"";"";"";"";"";"";""
"24/09/2025";"0600";"";"";"";"";"";"";"";"";"";"";"";"";"";"";"";"";""
"24/09/2025";"0700";"";"";"";"";"";"";"";"";"";"";"";"";"";"";"";"";""
"24/09/2025";"0800";"";"";"";"";"";"";"";"";"";"";"";"";"";"";"";"";""
"24/09/2025";"0900";"";"";"";"";"";"";"";"";"";"";"";"";"";"";"";"";""
"24/09/2025";"1000";"";"";"";"";"";"";"";"";"";"";"";"";"";"";"";"";""
"24/09/2025";"1100";"";"";"";"";"";"";"";"";"";"";"";"";"";"";"";"";""
"24/09/2025";"1200";"";"";"";"";"";"";"";"";"";"";"";"";"";"";"";"";""
"24/09/2025";"1300";"";"";"";"";"";"";"";"";"";"";"";"";"";"";"";"";""
"24/09/2025";"1400";"";"";"";"";"";"";"";"";"";"";"";"";"";"";"";"";""
"24/09/2025";"1500";"";"";"";"";"";"";"";"";"";"";"";"";"";"";"";"";""
"24/09/2025";"1600";"";"";"";"";"";"";"";"";"";"";"";"";"";"";"";"";""
"24/09/2025";"1700";"";"";"";"";"";"";"";"";"";"";"";"";"";"";"";"";""
"24/09/2025";"1800";"";"";"";"";"";"";"";"";"";"";"";"";"";"";"";"";""
"24/09/2025";"1900";"";"";"";"";"";"";"";"";"";"";"";"";"";"";"";"";""
"24/09/2025";"2000";"";"";"";"";"";"";"";"";"";"";"";"";"";"";"";"";""
"24/09/2025";"2100";"";"";"";"";"";"";"";"";"";"";"";"";"";"";"";"";""
"24/09/2025";"2200";"";"";"";"";"";"";"";"";"";"";"";"";"";"";"";"";""
"24/09/2025";"2300";"";"";"";"";"";"";"";"";"";"";"";"";"";"";"";"";""
"25/09/2025";"0000";"";"";"";"";"";"";"";"";"";"";"";"";"";"";"";"";""
"25/09/2025";"0100";"";"";"";"";"";"";"";"";"";"";"";"";"";"";"";"";""
"25/09/2025";"0200";"";"";"";"";"";"";"";"";"";"";"";"";"";"";"";"";""
"25/09/2025";"0300";"";"";"";"";"";"";"";"";"";"";"";"";"";"";"";"";""
"25/09/2025";"0400";"";"";"";"";"";"";"";"";"";"";"";"";"";"";"";"";""
"25/09/2025";"0500";"";"";"";"";"";"";"";"";"";"";"";"";"";"";"";"";""
"25/09/2025";"0600";"";"";"";"";"";"";"";"";"";"";"";"";"";"";"";"";""
"25/09/2025";"0700";"";"";"";"";"";"";"";"";"";"";"";"";"";"";"";"";""
"25/09/2025";"0800";"";"";"";"";"";"";"";"";"";"";"";"";"";"";"";"";""
"25/09/2025";"0900";"";"";"";"";"";"";"";"";"";"";"";"";"";"";"";"";""
"25/09/2025";"1000";"";"";"";"";"";"";"";"";"";"";"";"";"";"";"";"";""
"25/09/2025";"1100";"";"";"";"";"";"";"";"";"";"";"";"";"";"";"";"";""
"25/09/2025";"1200";"";"";"";"";"";"";"";"";"";"";"";"";"";"";"";"";""
"25/09/2025";"1300";"";"";"";"";"";"";"";"";"";"";"";"";"";"";"";"";""
"25/09/2025";"1400";"";"";"";"";"";"";"";"";"";"";"";"";"";"";"";"";""
"25/09/2025";"1500";"";"";"";"";"";"";"";"";"";"";"";"";"";"";"";"";""
"25/09/2025";"1600";"";"";"";"";"";"";"";"";"";"";"";"";"";"";"";"";""
"25/09/2025";"1700";"";"";"";"";"";"";"";"";"";"";"";"";"";"";"";"";""
"25/09/2025";"1800";"";"";"";"";"";"";"";"";"";"";"";"";"";"";"";"";""
"25/09/2025";"1900";"";"";"";"";"";"";"";"";"";"";"";"";"";"";"";"";""
"25/09/2025";"2000";"";"";"";"";"";"";"";"";"";"";"";"";"";"";"";"";""
"25/09/2025";"2100";"";"";"";"";"";"";"";"";"";"";"";"";"";"";"";"";""
"25/09/2025";"2200";"";"";"";"";"";"";"";"";"";"";"";"";"";"";"";"";""
"25/09/2025";"2300";"";"";"";"";"";"";"";"";"";"";"";"";"";"";"";"";""
"26/09/2025";"0000";"";"";"";"";"";"";"";"";"";"";"";"";"";"";"";"";""
"26/09/2025";"0100";"";"";"";"";"";"";"";"";"";"";"";"";"";"";"";"";""
"26/09/2025";"0200";"";"";"";"";"";"";"";"";"";"";"";"";"";"";"";"";""
"26/09/2025";"0300";"";"";"";"";"";"";"";"";"";"";"";"";"";"";"";"";""
"26/09/2025";"0400";"";"";"";"";"";"";"";"";"";"";"";"";"";"";"";"";""
"26/09/2025";"0500";"";"";"";"";"";"";"";"";"";"";"";"";"";"";"";"";""
"26/09/2025";"0600";"";"";"";"";"";"";"";"";"";"";"";"";"";"";"";"";""
"26/09/2025";"0700";"";"";"";"";"";"";"";"";"";"";"";"";"";"";"";"";""
"26/09/2025";"0800";"";"";"";"";"";"";"";"";"";"";"";"";"";"";"";"";""
"26/09/2025";"0900";"";"";"";"";"";"";"";"";"";"";"";"";"";"";"";"";""
"26/09/2025";"1000";"";"";"";"";"";"";"";"";"";"";"";"";"";"";"";"";""
"26/09/2025";"1100";"";"";"";"";"";"";"";"";"";"";"";"";"";"";"";"";""
"26/09/2025";"1200";"";"";"";"";"";"";"";"";"";"";"";"";"";"";"";"";""
"26/09/2025";"1300";"";"";"";"";"";"";"";"";"";"";"";"";"";"";"";"";""
"26/09/2025";"1400";"";"";"";"";"";"";"";"";"";"";"";"";"";"";"";"";""
"26/09/2025";"1500";"";"";"";"";"";"";"";"";"";"";"";"";"";"";"";"";""
"26/09/2025";"1600";"";"";"";"";"";"";"";"";"";"";"";"";"";"";"";"";""
"26/09/2025";"1700";"";"";"";"";"";"";"";"";"";"";"";"";"";"";"";"";""
"26/09/2025";"1800";"";"";"";"";"";"";"";"";"";"";"";"";"";"";"";"";""
"26/09/2025";"1900";"";"";"";"";"";"";"";"";"";"";"";"";"";"";"";"";""
"26/09/2025";"2000";"";"";"";"";"";"";"";"";"";"";"";"";"";"";"";"";""
"26/09/2025";"2100";"";"";"";"";"";"";"";"";"";"";"";"";"";"";"";"";""
"26/09/2025";"2200";"";"";"";"";"";"";"";"";"";"";"";"";"";"";"";"";""
"26/09/2025";"2300";"";"";"";"";"";"";"";"";"";"";"";"";"";"";"";"";""
"27/09/2025";"0000";"";"";"";"";"";"";"";"";"";"";"";"";"";"";"";"";""
"27/09/2025";"0100";"";"";"";"";"";"";"";"";"";"";"";"";"";"";"";"";""
"27/09/2025";"0200";"";"";"";"";"";"";"";"";"";"";"";"";"";"";"";"";""
"27/09/2025";"0300";"";"";"";"";"";"";"";"";"";"";"";"";"";"";"";"";""
"27/09/2025";"0400";"";"";"";"";"";"";"";"";"";"";"";"";"";"";"";"";""
"27/09/2025";"0500";"";"";"";"";"";"";"";"";"";"";"";"";"";"";"";"";""
"27/09/2025";"0600";"";"";"";"";"";"";"";"";"";"";"";"";"";"";"";"";""
"27/09/2025";"0700";"";"";"";"";"";"";"";"";"";"";"";"";"";"";"";"";""
"27/09/2025";"0800";"";"";"";"";"";"";"";"";"";"";"";"";"";"";"";"";""
"27/09/2025";"0900";"";"";"";"";"";"";"";"";"";"";"";"";"";"";"";"";""
"27/09/2025";"1000";"";"";"";"";"";"";"";"";"";"";"";"";"";"";"";"";""
"27/09/2025";"1100";"";"";"";"";"";"";"";"";"";"";"";"";"";"";"";"";""
"27/09/2025";"1200";"";"";"";"";"";"";"";"";"";"";"";"";"";"";"";"";""
"27/09/2025";"1300";"";"";"";"";"";"";"";"";"";"";"";"";"";"";"";"";""
"27/09/2025";"1400";"";"";"";"";"";"";"";"";"";"";"";"";"";"";"";"";""
"27/09/2025";"1500";"";"";"";"";"";"";"";"";"";"";"";"";"";"";"";"";""
"27/09/2025";"1600";"";"";"";"";"";"";"";"";"";"";"";"";"";"";"";"";""
"27/09/2025";"1700";"";"";"";"";"";"";"";"";"";"";"";"";"";"";"";"";""
"27/09/2025";"1800";"";"";"";"";"";"";"";"";"";"";"";"";"";"";"";"";""
"27/09/2025";"1900";"";"";"";"";"";"";"";"";"";"";"";"";"";"";"";"";""
"27/09/2025";"2000";"";"";"";"";"";"";"";"";"";"";"";"";"";"";"";"";""
"27/09/2025";"2100";"";"";"";"";"";"";"";"";"";"";"";"";"";"";"";"";""
"27/09/2025";"2200";"";"";"";"";"";"";"";"";"";"";"";"";"";"";"";"";""
"27/09/2025";"2300";"";"";"";"";"";"";"";"";"";"";"";"";"";"";"";"";""
"28/09/2025";"0000";"";"";"";"";"";"";"";"";"";"";"";"";"";"";"";"";""
"28/09/2025";"0100";"";"";"";"";"";"";"";"";"";"";"";"";"";"";"";"";""
"28/09/2025";"0200";"";"";"";"";"";"";"";"";"";"";"";"";"";"";"";"";""
"28/09/2025";"0300";"";"";"";"";"";"";"";"";"";"";"";"";"";"";"";"";""
"28/09/2025";"0400";"";"";"";"";"";"";"";"";"";"";"";"";"";"";"";"";""
"28/09/2025";"0500";"";"";"";"";"";"";"";"";"";"";"";"";"";"";"";"";""
"28/09/2025";"0600";"";"";"";"";"";"";"";"";"";"";"";"";"";"";"";"";""
"28/09/2025";"0700";"";"";"";"";"";"";"";"";"";"";"";"";"";"";"";"";""
"28/09/2025";"0800";"";"";"";"";"";"";"";"";"";"";"";"";"";"";"";"";""
"28/09/2025";"0900";"";"";"";"";"";"";"";"";"";"";"";"";"";"";"";"";""
"28/09/2025";"1000";"";"";"";"";"";"";"";"";"";"";"";"";"";"";"";"";""
"28/09/2025";"1100";"";"";"";"";"";"";"";"";"";"";"";"";"";"";"";"";""
"28/09/2025";"1200";"";"";"";"";"";"";"";"";"";"";"";"";"";"";"";"";""
"28/09/2025";"1300";"";"";"";"";"";"";"";"";"";"";"";"";"";"";"";"";""
"28/09/2025";"1400";"";"";"";"";"";"";"";"";"";"";"";"";"";"";"";"";""
"28/09/2025";"1500";"";"";"";"";"";"";"";"";"";"";"";"";"";"";"";"";""
"28/09/2025";"1600";"";"";"";"";"";"";"";"";"";"";"";"";"";"";"";"";""
"28/09/2025";"1700";"";"";"";"";"";"";"";"";"";"";"";"";"";"";"";"";""
"28/09/2025";"1800";"";"";"";"";"";"";"";"";"";"";"";"";"";"";"";"";""
"28/09/2025";"1900";"";"";"";"";"";"";"";"";"";"";"";"";"";"";"";"";""
"28/09/2025";"2000";"";"";"";"";"";"";"";"";"";"";"";"";"";"";"";"";""
"28/09/2025";"2100";"";"";"";"";"";"";"";"";"";"";"";"";"";"";"";"";""
"28/09/2025";"2200";"";"";"";"";"";"";"";"";"";"";"";"";"";"";"";"";""
"28/09/2025";"2300";"";"";"";"";"";"";"";"";"";"";"";"";"";"";"";"";""
"29/09/2025";"0000";"";"";"";"";"";"";"";"";"";"";"";"";"";"";"";"";""
"29/09/2025";"0100";"";"";"";"";"";"";"";"";"";"";"";"";"";"";"";"";""
"29/09/2025";"0200";"";"";"";"";"";"";"";"";"";"";"";"";"";"";"";"";""
"29/09/2025";"0300";"";"";"";"";"";"";"";"";"";"";"";"";"";"";"";"";""
"29/09/2025";"0400";"";"";"";"";"";"";"";"";"";"";"";"";"";"";"";"";""
"29/09/2025";"0500";"";"";"";"";"";"";"";"";"";"";"";"";"";"";"";"";""
"29/09/2025";"0600";"";"";"";"";"";"";"";"";"";"";"";"";"";"";"";"";""
"29/09/2025";"0700";"";"";"";"";"";"";"";"";"";"";"";"";"";"";"";"";""
"29/09/2025";"0800";"";"";"";"";"";"";"";"";"";"";"";"";"";"";"";"";""
"29/09/2025";"0900";"";"";"";"";"";"";"";"";"";"";"";"";"";"";"";"";""
"29/09/2025";"1000";"";"";"";"";"";"";"";"";"";"";"";"";"";"";"";"";""
"29/09/2025";"1100";"";"";"";"";"";"";"";"";"";"";"";"";"";"";"";"";""
"29/09/2025";"1200";"";"";"";"";"";"";"";"";"";"";"";"";"";"";"";"";""
"29/09/2025";"1300";"";"";"";"";"";"";"";"";"";"";"";"";"";"";"";"";""
"29/09/2025";"1400";"";"";"";"";"";"";"";"";"";"";"";"";"";"";"";"";""
"29/09/2025";"1500";"";"";"";"";"";"";"";"";"";"";"";"";"";"";"";"";""
"29/09/2025";"1600";"";"";"";"";"";"";"";"";"";"";"";"";"";"";"";"";""
"29/09/2025";"1700";"";"";"";"";"";"";"";"";"";"";"";"";"";"";"";"";""
"29/09/2025";"1800";"";"";"";"";"";"";"";"";"";"";"";"";"";"";"";"";""
"29/09/2025";"1900";"";"";"";"";"";"";"";"";"";"";"";"";"";"";"";"";""
"29/09/2025";"2000";"";"";"";"";"";"";"";"";"";"";"";"";"";"";"";"";""
"29/09/2025";"2100";"";"";"";"";"";"";"";"";"";"";"";"";"";"";"";"";""
"29/09/2025";"2200";"";"";"";"";"";"";"";"";"";"";"";"";"";"";"";"";""
"29/09/2025";"2300";"";"";"";"";"";"";"";"";"";"";"";"";"";"";"";"";""
"30/09/2025";"0000";"";"";"";"";"";"";"";"";"";"";"";"";"";"";"";"";""
"30/09/2025";"0100";"";"";"";"";"";"";"";"";"";"";"";"";"";"";"";"";""
"30/09/2025";"0200";"";"";"";"";"";"";"";"";"";"";"";"";"";"";"";"";""
"30/09/2025";"0300";"";"";"";"";"";"";"";"";"";"";"";"";"";"";"";"";""
"30/09/2025";"0400";"";"";"";"";"";"";"";"";"";"";"";"";"";"";"";"";""
"30/09/2025";"0500";"";"";"";"";"";"";"";"";"";"";"";"";"";"";"";"";""
"30/09/2025";"0600";"";"";"";"";"";"";"";"";"";"";"";"";"";"";"";"";""
"30/09/2025";"0700";"";"";"";"";"";"";"";"";"";"";"";"";"";"";"";"";""
"30/09/2025";"0800";"";"";"";"";"";"";"";"";"";"";"";"";"";"";"";"";""
"30/09/2025";"0900";"";"";"";"";"";"";"";"";"";"";"";"";"";"";"";"";""
"30/09/2025";"1000";"";"";"";"";"";"";"";"";"";"";"";"";"";"";"";"";""
"30/09/2025";"1100";"";"";"";"";"";"";"";"";"";"";"";"";"";"";"";"";""
"30/09/2025";"1200";"";"";"";"";"";"";"";"";"";"";"";"";"";"";"";"";""
"30/09/2025";"1300";"";"";"";"";"";"";"";"";"";"";"";"";"";"";"";"";""
"30/09/2025";"1400";"";"";"";"";"";"";"";"";"";"";"";"";"";"";"";"";""
"30/09/2025";"1500";"";"";"";"";"";"";"";"";"";"";"";"";"";"";"";"";""
"30/09/2025";"1600";"";"";"";"";"";"";"";"";"";"";"";"";"";"";"";"";""
"30/09/2025";"1700";"";"";"";"";"";"";"";"";"";"";"";"";"";"";"";"";""
"30/09/2025";"1800";"";"";"";"";"";"";"";"";"";"";"";"";"";"";"";"";""
"30/09/2025";"1900";"";"";"";"";"";"";"";"";"";"";"";"";"";"";"";"";""
"30/09/2025";"2000";"";"";"";"";"";"";"";"";"";"";"";"";"";"";"";"";""
"30/09/2025";"2100";"";"";"";"";"";"";"";"";"";"";"";"";"";"";"";"";""
"30/09/2025";"2200";"";"";"";"";"";"";"";"";"";"";"";"";"";"";"";"";""
"30/09/2025";"2300";"";"";"";"";"";"";"";"";"";"";"";"";"";"";"";"";""
"01/10/2025";"0000";"";"";"";"";"";"";"";"";"";"";"";"";"";"";"";"";""
"01/10/2025";"0100";"";"";"";"";"";"";"";"";"";"";"";"";"";"";"";"";""
"01/10/2025";"0200";"";"";"";"";"";"";"";"";"";"";"";"";"";"";"";"";""
"01/10/2025";"0300";"";"";"";"";"";"";"";"";"";"";"";"";"";"";"";"";""
"01/10/2025";"0400";"";"";"";"";"";"";"";"";"";"";"";"";"";"";"";"";""
"01/10/2025";"0500";"";"";"";"";"";"";"";"";"";"";"";"";"";"";"";"";""
"01/10/2025";"0600";"";"";"";"";"";"";"";"";"";"";"";"";"";"";"";"";""
"01/10/2025";"0700";"";"";"";"";"";"";"";"";"";"";"";"";"";"";"";"";""
"01/10/2025";"0800";"";"";"";"";"";"";"";"";"";"";"";"";"";"";"";"";""
"01/10/2025";"0900";"";"";"";"";"";"";"";"";"";"";"";"";"";"";"";"";""
"01/10/2025";"1000";"";"";"";"";"";"";"";"";"";"";"";"";"";"";"";"";""
"01/10/2025";"1100";"";"";"";"";"";"";"";"";"";"";"";"";"";"";"";"";""
"01/10/2025";"1200";"";"";"";"";"";"";"";"";"";"";"";"";"";"";"";"";""
"01/10/2025";"1300";"";"";"";"";"";"";"";"";"";"";"";"";"";"";"";"";""
"01/10/2025";"1400";"";"";"";"";"";"";"";"";"";"";"";"";"";"";"";"";""
"01/10/2025";"1500";"";"";"";"";"";"";"";"";"";"";"";"";"";"";"";"";""
"01/10/2025";"1600";"";"";"";"";"";"";"";"";"";"";"";"";"";"";"";"";""
"01/10/2025";"1700";"";"";"";"";"";"";"";"";"";"";"";"";"";"";"";"";""
"01/10/2025";"1800";"";"";"";"";"";"";"";"";"";"";"";"";"";"";"";"";""
"01/10/2025";"1900";"";"";"";"";"";"";"";"";"";"";"";"";"";"";"";"";""
"01/10/2025";"2000";"";"";"";"";"";"";"";"";"";"";"";"";"";"";"";"";""
"01/10/2025";"2100";"";"";"";"";"";"";"";"";"";"";"";"";"";"";"";"";""
"01/10/2025";"2200";"";"";"";"";"";"";"";"";"";"";"";"";"";"";"";"";""
"01/10/2025";"2300";"";"";"";"";"";"";"";"";"";"";"";"";"";"";"";"";""
"02/10/2025";"0000";"";"";"";"";"";"";"";"";"";"";"";"";"";"";"";"";""
"02/10/2025";"0100";"";"";"";"";"";"";"";"";"";"";"";"";"";"";"";"";""
"02/10/2025";"0200";"";"";"";"";"";"";"";"";"";"";"";"";"";"";"";"";""
"02/10/2025";"0300";"";"";"";"";"";"";"";"";"";"";"";"";"";"";"";"";""
"02/10/2025";"0400";"";"";"";"";"";"";"";"";"";"";"";"";"";"";"";"";""
"02/10/2025";"0500";"";"";"";"";"";"";"";"";"";"";"";"";"";"";"";"";""
"02/10/2025";"0600";"";"";"";"";"";"";"";"";"";"";"";"";"";"";"";"";""
"02/10/2025";"0700";"";"";"";"";"";"";"";"";"";"";"";"";"";"";"";"";""
"02/10/2025";"0800";"";"";"";"";"";"";"";"";"";"";"";"";"";"";"";"";""
"02/10/2025";"0900";"";"";"";"";"";"";"";"";"";"";"";"";"";"";"";"";""
"02/10/2025";"1000";"";"";"";"";"";"";"";"";"";"";"";"";"";"";"";"";""
"02/10/2025";"1100";"";"";"";"";"";"";"";"";"";"";"";"";"";"";"";"";""
"02/10/2025";"1200";"";"";"";"";"";"";"";"";"";"";"";"";"";"";"";"";""
"02/10/2025";"1300";"";"";"";"";"";"";"";"";"";"";"";"";"";"";"";"";""
"02/10/2025";"1400";"";"";"";"";"";"";"";"";"";"";"";"";"";"";"";"";""
"02/10/2025";"1500";"";"";"";"";"";"";"";"";"";"";"";"";"";"";"";"";""
"02/10/2025";"1600";"";"";"";"";"";"";"";"";"";"";"";"";"";"";"";"";""
"02/10/2025";"1700";"";"";"";"";"";"";"";"";"";"";"";"";"";"";"";"";""
"02/10/2025";"1800";"";"";"";"";"";"";"";"";"";"";"";"";"";"";"";"";""
"02/10/2025";"1900";"";"";"";"";"";"";"";"";"";"";"";"";"";"";"";"";""
"02/10/2025";"2000";"";"";"";"";"";"";"";"";"";"";"";"";"";"";"";"";""
"02/10/2025";"2100";"";"";"";"";"";"";"";"";"";"";"";"";"";"";"";"";""
"02/10/2025";"2200";"";"";"";"";"";"";"";"";"";"";"";"";"";"";"";"";""
"02/10/2025";"2300";"";"";"";"";"";"";"";"";"";"";"";"";"";"";"";"";""
"03/10/2025";"0000";"";"";"";"";"";"";"";"";"";"";"";"";"";"";"";"";""
"03/10/2025";"0100";"";"";"";"";"";"";"";"";"";"";"";"";"";"";"";"";""
"03/10/2025";"0200";"";"";"";"";"";"";"";"";"";"";"";"";"";"";"";"";""
"03/10/2025";"0300";"";"";"";"";"";"";"";"";"";"";"";"";"";"";"";"";""
"03/10/2025";"0400";"";"";"";"";"";"";"";"";"";"";"";"";"";"";"";"";""
"03/10/2025";"0500";"";"";"";"";"";"";"";"";"";"";"";"";"";"";"";"";""
"03/10/2025";"0600";"";"";"";"";"";"";"";"";"";"";"";"";"";"";"";"";""
"03/10/2025";"0700";"";"";"";"";"";"";"";"";"";"";"";"";"";"";"";"";""
"03/10/2025";"0800";"";"";"";"";"";"";"";"";"";"";"";"";"";"";"";"";""
"03/10/2025";"0900";"";"";"";"";"";"";"";"";"";"";"";"";"";"";"";"";""
"03/10/2025";"1000";"";"";"";"";"";"";"";"";"";"";"";"";"";"";"";"";""
"03/10/2025";"1100";"";"";"";"";"";"";"";"";"";"";"";"";"";"";"";"";""
"03/10/2025";"1200";"";"";"";"";"";"";"";"";"";"";"";"";"";"";"";"";""
"03/10/2025";"1300";"";"";"";"";"";"";"";"";"";"";"";"";"";"";"";"";""
"03/10/2025";"1400";"";"";"";"";"";"";"";"";"";"";"";"";"";"";"";"";""
"03/10/2025";"1500";"";"";"";"";"";"";"";"";"";"";"";"";"";"";"";"";""
"03/10/2025";"1600";"";"";"";"";"";"";"";"";"";"";"";"";"";"";"";"";""
"03/10/2025";"1700";"";"";"";"";"";"";"";"";"";"";"";"";"";"";"";"";""
"03/10/2025";"1800";"";"";"";"";"";"";"";"";"";"";"";"";"";"";"";"";""
"03/10/2025";"1900";"";"";"";"";"";"";"";"";"";"";"";"";"";"";"";"";""
"03/10/2025";"2000";"";"";"";"";"";"";"";"";"";"";"";"";"";"";"";"";""
"03/10/2025";"2100";"";"";"";"";"";"";"";"";"";"";"";"";"";"";"";"";""
"03/10/2025";"2200";"";"";"";"";"";"";"";"";"";"";"";"";"";"";"";"";""
"03/10/2025";"2300";"";"";"";"";"";"";"";"";"";"";"";"";"";"";"";"";""
"04/10/2025";"0000";"";"";"";"";"";"";"";"";"";"";"";"";"";"";"";"";""
"04/10/2025";"0100";"";"";"";"";"";"";"";"";"";"";"";"";"";"";"";"";""
"04/10/2025";"0200";"";"";"";"";"";"";"";"";"";"";"";"";"";"";"";"";""
"04/10/2025";"0300";"";"";"";"";"";"";"";"";"";"";"";"";"";"";"";"";""
"04/10/2025";"0400";"";"";"";"";"";"";"";"";"";"";"";"";"";"";"";"";""
"04/10/2025";"0500";"";"";"";"";"";"";"";"";"";"";"";"";"";"";"";"";""
"04/10/2025";"0600";"";"";"";"";"";"";"";"";"";"";"";"";"";"";"";"";""
"04/10/2025";"0700";"";"";"";"";"";"";"";"";"";"";"";"";"";"";"";"";""
"04/10/2025";"0800";"";"";"";"";"";"";"";"";"";"";"";"";"";"";"";"";""
"04/10/2025";"0900";"";"";"";"";"";"";"";"";"";"";"";"";"";"";"";"";""
"04/10/2025";"1000";"";"";"";"";"";"";"";"";"";"";"";"";"";"";"";"";""
"04/10/2025";"1100";"";"";"";"";"";"";"";"";"";"";"";"";"";"";"";"";""
"04/10/2025";"1200";"";"";"";"";"";"";"";"";"";"";"";"";"";"";"";"";""
"04/10/2025";"1300";"";"";"";"";"";"";"";"";"";"";"";"";"";"";"";"";""
"04/10/2025";"1400";"";"";"";"";"";"";"";"";"";"";"";"";"";"";"";"";""
"04/10/2025";"1500";"";"";"";"";"";"";"";"";"";"";"";"";"";"";"";"";""
"04/10/2025";"1600";"";"";"";"";"";"";"";"";"";"";"";"";"";"";"";"";""
"04/10/2025";"1700";"";"";"";"";"";"";"";"";"";"";"";"";"";"";"";"";""
"04/10/2025";"1800";"";"";"";"";"";"";"";"";"";"";"";"";"";"";"";"";""
"04/10/2025";"1900";"";"";"";"";"";"";"";"";"";"";"";"";"";"";"";"";""
"04/10/2025";"2000";"";"";"";"";"";"";"";"";"";"";"";"";"";"";"";"";""
"04/10/2025";"2100";"";"";"";"";"";"";"";"";"";"";"";"";"";"";"";"";""
"04/10/2025";"2200";"";"";"";"";"";"";"";"";"";"";"";"";"";"";"";"";""
"04/10/2025";"2300";"";"";"";"";"";"";"";"";"";"";"";"";"";"";"";"";""
"05/10/2025";"0000";"";"";"";"";"";"";"";"";"";"";"";"";"";"";"";"";""
"05/10/2025";"0100";"";"";"";"";"";"";"";"";"";"";"";"";"";"";"";"";""
"05/10/2025";"0200";"";"";"";"";"";"";"";"";"";"";"";"";"";"";"";"";""
"05/10/2025";"0300";"";"";"";"";"";"";"";"";"";"";"";"";"";"";"";"";""
"05/10/2025";"0400";"";"";"";"";"";"";"";"";"";"";"";"";"";"";"";"";""
"05/10/2025";"0500";"";"";"";"";"";"";"";"";"";"";"";"";"";"";"";"";""
"05/10/2025";"0600";"";"";"";"";"";"";"";"";"";"";"";"";"";"";"";"";""
"05/10/2025";"0700";"";"";"";"";"";"";"";"";"";"";"";"";"";"";"";"";""
"05/10/2025";"0800";"";"";"";"";"";"";"";"";"";"";"";"";"";"";"";"";""
"05/10/2025";"0900";"";"";"";"";"";"";"";"";"";"";"";"";"";"";"";"";""
"05/10/2025";"1000";"";"";"";"";"";"";"";"";"";"";"";"";"";"";"";"";""
"05/10/2025";"1100";"";"";"";"";"";"";"";"";"";"";"";"";"";"";"";"";""
"05/10/2025";"1200";"";"";"";"";"";"";"";"";"";"";"";"";"";"";"";"";""
"05/10/2025";"1300";"";"";"";"";"";"";"";"";"";"";"";"";"";"";"";"";""
"05/10/2025";"1400";"";"";"";"";"";"";"";"";"";"";"";"";"";"";"";"";""
"05/10/2025";"1500";"";"";"";"";"";"";"";"";"";"";"";"";"";"";"";"";""
"05/10/2025";"1600";"";"";"";"";"";"";"";"";"";"";"";"";"";"";"";"";""
"05/10/2025";"1700";"";"";"";"";"";"";"";"";"";"";"";"";"";"";"";"";""
"05/10/2025";"1800";"";"";"";"";"";"";"";"";"";"";"";"";"";"";"";"";""
"05/10/2025";"1900";"";"";"";"";"";"";"";"";"";"";"";"";"";"";"";"";""
"05/10/2025";"2000";"";"";"";"";"";"";"";"";"";"";"";"";"";"";"";"";""
"05/10/2025";"2100";"";"";"";"";"";"";"";"";"";"";"";"";"";"";"";"";""
"05/10/2025";"2200";"";"";"";"";"";"";"";"";"";"";"";"";"";"";"";"";""
"05/10/2025";"2300";"";"";"";"";"";"";"";"";"";"";"";"";"";"";"";"";""
"06/10/2025";"0000";"";"";"";"";"";"";"";"";"";"";"";"";"";"";"";"";""
"06/10/2025";"0100";"";"";"";"";"";"";"";"";"";"";"";"";"";"";"";"";""
"06/10/2025";"0200";"";"";"";"";"";"";"";"";"";"";"";"";"";"";"";"";""
"06/10/2025";"0300";"";"";"";"";"";"";"";"";"";"";"";"";"";"";"";"";""
"06/10/2025";"0400";"";"";"";"";"";"";"";"";"";"";"";"";"";"";"";"";""
"06/10/2025";"0500";"";"";"";"";"";"";"";"";"";"";"";"";"";"";"";"";""
"06/10/2025";"0600";"";"";"";"";"";"";"";"";"";"";"";"";"";"";"";"";""
"06/10/2025";"0700";"";"";"";"";"";"";"";"";"";"";"";"";"";"";"";"";""
"06/10/2025";"0800";"";"";"";"";"";"";"";"";"";"";"";"";"";"";"";"";""
"06/10/2025";"0900";"";"";"";"";"";"";"";"";"";"";"";"";"";"";"";"";""
"06/10/2025";"1000";"";"";"";"";"";"";"";"";"";"";"";"";"";"";"";"";""
"06/10/2025";"1100";"";"";"";"";"";"";"";"";"";"";"";"";"";"";"";"";""
"06/10/2025";"1200";"";"";"";"";"";"";"";"";"";"";"";"";"";"";"";"";""
"06/10/2025";"1300";"";"";"";"";"";"";"";"";"";"";"";"";"";"";"";"";""
"06/10/2025";"1400";"";"";"";"";"";"";"";"";"";"";"";"";"";"";"";"";""
"06/10/2025";"1500";"";"";"";"";"";"";"";"";"";"";"";"";"";"";"";"";""
"06/10/2025";"1600";"";"";"";"";"";"";"";"";"";"";"";"";"";"";"";"";""
"06/10/2025";"1700";"";"";"";"";"";"";"";"";"";"";"";"";"";"";"";"";""
"06/10/2025";"1800";"";"";"";"";"";"";"";"";"";"";"";"";"";"";"";"";""
"06/10/2025";"1900";"";"";"";"";"";"";"";"";"";"";"";"";"";"";"";"";""
"06/10/2025";"2000";"";"";"";"";"";"";"";"";"";"";"";"";"";"";"";"";""
"06/10/2025";"2100";"";"";"";"";"";"";"";"";"";"";"";"";"";"";"";"";""
"06/10/2025";"2200";"";"";"";"";"";"";"";"";"";"";"";"";"";"";"";"";""
"06/10/2025";"2300";"";"";"";"";"";"";"";"";"";"";"";"";"";"";"";"";""
"07/10/2025";"0000";"";"";"";"";"";"";"";"";"";"";"";"";"";"";"";"";""
"07/10/2025";"0100";"";"";"";"";"";"";"";"";"";"";"";"";"";"";"";"";""
"07/10/2025";"0200";"";"";"";"";"";"";"";"";"";"";"";"";"";"";"";"";""
"07/10/2025";"0300";"";"";"";"";"";"";"";"";"";"";"";"";"";"";"";"";""
"07/10/2025";"0400";"";"";"";"";"";"";"";"";"";"";"";"";"";"";"";"";""
"07/10/2025";"0500";"";"";"";"";"";"";"";"";"";"";"";"";"";"";"";"";""
"07/10/2025";"0600";"";"";"";"";"";"";"";"";"";"";"";"";"";"";"";"";""
"07/10/2025";"0700";"";"";"";"";"";"";"";"";"";"";"";"";"";"";"";"";""
"07/10/2025";"0800";"";"";"";"";"";"";"";"";"";"";"";"";"";"";"";"";""
"07/10/2025";"0900";"";"";"";"";"";"";"";"";"";"";"";"";"";"";"";"";""
"07/10/2025";"1000";"";"";"";"";"";"";"";"";"";"";"";"";"";"";"";"";""
"07/10/2025";"1100";"";"";"";"";"";"";"";"";"";"";"";"";"";"";"";"";""
"07/10/2025";"1200";"";"";"";"";"";"";"";"";"";"";"";"";"";"";"";"";""
"07/10/2025";"1300";"";"";"";"";"";"";"";"";"";"";"";"";"";"";"";"";""
"07/10/2025";"1400";"";"";"";"";"";"";"";"";"";"";"";"";"";"";"";"";""
"07/10/2025";"1500";"";"";"";"";"";"";"";"";"";"";"";"";"";"";"";"";""
"07/10/2025";"1600";"";"";"";"";"";"";"";"";"";"";"";"";"";"";"";"";""
"07/10/2025";"1700";"";"";"";"";"";"";"";"";"";"";"";"";"";"";"";"";""
"07/10/2025";"1800";"";"";"";"";"";"";"";"";"";"";"";"";"";"";"";"";""
"07/10/2025";"1900";"";"";"";"";"";"";"";"";"";"";"";"";"";"";"";"";""
"07/10/2025";"2000";"";"";"";"";"";"";"";"";"";"";"";"";"";"";"";"";""
"07/10/2025";"2100";"";"";"";"";"";"";"";"";"";"";"";"";"";"";"";"";""
"07/10/2025";"2200";"";"";"";"";"";"";"";"";"";"";"";"";"";"";"";"";""
"07/10/2025";"2300";"";"";"";"";"";"";"";"";"";"";"";"";"";"";"";"";""
"08/10/2025";"0000";"";"";"";"";"";"";"";"";"";"";"";"";"";"";"";"";""
"08/10/2025";"0100";"";"";"";"";"";"";"";"";"";"";"";"";"";"";"";"";""
"08/10/2025";"0200";"";"";"";"";"";"";"";"";"";"";"";"";"";"";"";"";""
"08/10/2025";"0300";"";"";"";"";"";"";"";"";"";"";"";"";"";"";"";"";""
"08/10/2025";"0400";"";"";"";"";"";"";"";"";"";"";"";"";"";"";"";"";""
"08/10/2025";"0500";"";"";"";"";"";"";"";"";"";"";"";"";"";"";"";"";""
"08/10/2025";"0600";"";"";"";"";"";"";"";"";"";"";"";"";"";"";"";"";""
"08/10/2025";"0700";"";"";"";"";"";"";"";"";"";"";"";"";"";"";"";"";""
"08/10/2025";"0800";"";"";"";"";"";"";"";"";"";"";"";"";"";"";"";"";""
"08/10/2025";"0900";"";"";"";"";"";"";"";"";"";"";"";"";"";"";"";"";""
"08/10/2025";"1000";"";"";"";"";"";"";"";"";"";"";"";"";"";"";"";"";""
"08/10/2025";"1100";"";"";"";"";"";"";"";"";"";"";"";"";"";"";"";"";""
"08/10/2025";"1200";"";"";"";"";"";"";"";"";"";"";"";"";"";"";"";"";""
"08/10/2025";"1300";"";"";"";"";"";"";"";"";"";"";"";"";"";"";"";"";""
"08/10/2025";"1400";"";"";"";"";"";"";"";"";"";"";"";"";"";"";"";"";""
"08/10/2025";"1500";"";"";"";"";"";"";"";"";"";"";"";"";"";"";"";"";""
"08/10/2025";"1600";"";"";"";"";"";"";"";"";"";"";"";"";"";"";"";"";""
"08/10/2025";"1700";"";"";"";"";"";"";"";"";"";"";"";"";"";"";"";"";""
"08/10/2025";"1800";"";"";"";"";"";"";"";"";"";"";"";"";"";"";"";"";""
"08/10/2025";"1900";"";"";"";"";"";"";"";"";"";"";"";"";"";"";"";"";""
"08/10/2025";"2000";"";"";"";"";"";"";"";"";"";"";"";"";"";"";"";"";""
"08/10/2025";"2100";"";"";"";"";"";"";"";"";"";"";"";"";"";"";"";"";""
"08/10/2025";"2200";"";"";"";"";"";"";"";"";"";"";"";"";"";"";"";"";""
"08/10/2025";"2300";"";"";"";"";"";"";"";"";"";"";"";"";"";"";"";"";""
"09/10/2025";"0000";"";"";"";"";"";"";"";"";"";"";"";"";"";"";"";"";""
"09/10/2025";"0100";"";"";"";"";"";"";"";"";"";"";"";"";"";"";"";"";""
"09/10/2025";"0200";"";"";"";"";"";"";"";"";"";"";"";"";"";"";"";"";""
"09/10/2025";"0300";"";"";"";"";"";"";"";"";"";"";"";"";"";"";"";"";""
"09/10/2025";"0400";"";"";"";"";"";"";"";"";"";"";"";"";"";"";"";"";""
"09/10/2025";"0500";"";"";"";"";"";"";"";"";"";"";"";"";"";"";"";"";""
"09/10/2025";"0600";"";"";"";"";"";"";"";"";"";"";"";"";"";"";"";"";""
"09/10/2025";"0700";"";"";"";"";"";"";"";"";"";"";"";"";"";"";"";"";""
"09/10/2025";"0800";"";"";"";"";"";"";"";"";"";"";"";"";"";"";"";"";""
"09/10/2025";"0900";"";"";"";"";"";"";"";"";"";"";"";"";"";"";"";"";""
"09/10/2025";"1000";"";"";"";"";"";"";"";"";"";"";"";"";"";"";"";"";""
"09/10/2025";"1100";"";"";"";"";"";"";"";"";"";"";"";"";"";"";"";"";""
"09/10/2025";"1200";"";"";"";"";"";"";"";"";"";"";"";"";"";"";"";"";""
"09/10/2025";"1300";"";"";"";"";"";"";"";"";"";"";"";"";"";"";"";"";""
"09/10/2025";"1400";"";"";"";"";"";"";"";"";"";"";"";"";"";"";"";"";""
"09/10/2025";"1500";"";"";"";"";"";"";"";"";"";"";"";"";"";"";"";"";""
"09/10/2025";"1600";"";"";"";"";"";"";"";"";"";"";"";"";"";"";"";"";""
"09/10/2025";"1700";"";"";"";"";"";"";"";"";"";"";"";"";"";"";"";"";""
"09/10/2025";"1800";"";"";"";"";"";"";"";"";"";"";"";"";"";"";"";"";""
"09/10/2025";"1900";"";"";"";"";"";"";"";"";"";"";"";"";"";"";"";"";""
"09/10/2025";"2000";"";"";"";"";"";"";"";"";"";"";"";"";"";"";"";"";""
"09/10/2025";"2100";"";"";"";"";"";"";"";"";"";"";"";"";"";"";"";"";""
"09/10/2025";"2200";"";"";"";"";"";"";"";"";"";"";"";"";"";"";"";"";""
"09/10/2025";"2300";"";"";"";"";"";"";"";"";"";"";"";"";"";"";"";"";""
"10/10/2025";"0000";"";"";"";"";"";"";"";"";"";"";"";"";"";"";"";"";""
"10/10/2025";"0100";"";"";"";"";"";"";"";"";"";"";"";"";"";"";"";"";""
"10/10/2025";"0200";"";"";"";"";"";"";"";"";"";"";"";"";"";"";"";"";""
"10/10/2025";"0300";"";"";"";"";"";"";"";"";"";"";"";"";"";"";"";"";""
"10/10/2025";"0400";"";"";"";"";"";"";"";"";"";"";"";"";"";"";"";"";""
"10/10/2025";"0500";"";"";"";"";"";"";"";"";"";"";"";"";"";"";"";"";""
"10/10/2025";"0600";"";"";"";"";"";"";"";"";"";"";"";"";"";"";"";"";""
"10/10/2025";"0700";"";"";"";"";"";"";"";"";"";"";"";"";"";"";"";"";""
"10/10/2025";"0800";"";"";"";"";"";"";"";"";"";"";"";"";"";"";"";"";""
"10/10/2025";"0900";"";"";"";"";"";"";"";"";"";"";"";"";"";"";"";"";""
"10/10/2025";"1000";"";"";"";"";"";"";"";"";"";"";"";"";"";"";"";"";""
"10/10/2025";"1100";"";"";"";"";"";"";"";"";"";"";"";"";"";"";"";"";""
"10/10/2025";"1200";"";"";"";"";"";"";"";"";"";"";"";"";"";"";"";"";""
"10/10/2025";"1300";"";"";"";"";"";"";"";"";"";"";"";"";"";"";"";"";""
"10/10/2025";"1400";"";"";"";"";"";"";"";"";"";"";"";"";"";"";"";"";""
"10/10/2025";"1500";"";"";"";"";"";"";"";"";"";"";"";"";"";"";"";"";""
"10/10/2025";"1600";"";"";"";"";"";"";"";"";"";"";"";"";"";"";"";"";""
"10/10/2025";"1700";"";"";"";"";"";"";"";"";"";"";"";"";"";"";"";"";""
"10/10/2025";"1800";"";"";"";"";"";"";"";"";"";"";"";"";"";"";"";"";""
"10/10/2025";"1900";"";"";"";"";"";"";"";"";"";"";"";"";"";"";"";"";""
"10/10/2025";"2000";"";"";"";"";"";"";"";"";"";"";"";"";"";"";"";"";""
"10/10/2025";"2100";"";"";"";"";"";"";"";"";"";"";"";"";"";"";"";"";""
"10/10/2025";"2200";"";"";"";"";"";"";"";"";"";"";"";"";"";"";"";"";""
"10/10/2025";"2300";"";"";"";"";"";"";"";"";"";"";"";"";"";"";"";"";""
"11/10/2025";"0000";"";"";"";"";"";"";"";"";"";"";"";"";"";"";"";"";""
"11/10/2025";"0100";"";"";"";"";"";"";"";"";"";"";"";"";"";"";"";"";""
"11/10/2025";"0200";"";"";"";"";"";"";"";"";"";"";"";"";"";"";"";"";""
"11/10/2025";"0300";"";"";"";"";"";"";"";"";"";"";"";"";"";"";"";"";""
"11/10/2025";"0400";"";"";"";"";"";"";"";"";"";"";"";"";"";"";"";"";""
"11/10/2025";"0500";"";"";"";"";"";"";"";"";"";"";"";"";"";"";"";"";""
"11/10/2025";"0600";"";"";"";"";"";"";"";"";"";"";"";"";"";"";"";"";""
"11/10/2025";"0700";"";"";"";"";"";"";"";"";"";"";"";"";"";"";"";"";""
"11/10/2025";"0800";"";"";"";"";"";"";"";"";"";"";"";"";"";"";"";"";""
"11/10/2025";"0900";"";"";"";"";"";"";"";"";"";"";"";"";"";"";"";"";""
"11/10/2025";"1000";"";"";"";"";"";"";"";"";"";"";"";"";"";"";"";"";""
"11/10/2025";"1100";"";"";"";"";"";"";"";"";"";"";"";"";"";"";"";"";""
"11/10/2025";"1200";"";"";"";"";"";"";"";"";"";"";"";"";"";"";"";"";""
"11/10/2025";"1300";"";"";"";"";"";"";"";"";"";"";"";"";"";"";"";"";""
"11/10/2025";"1400";"";"";"";"";"";"";"";"";"";"";"";"";"";"";"";"";""
"11/10/2025";"1500";"";"";"";"";"";"";"";"";"";"";"";"";"";"";"";"";""
"11/10/2025";"1600";"";"";"";"";"";"";"";"";"";"";"";"";"";"";"";"";""
"11/10/2025";"1700";"";"";"";"";"";"";"";"";"";"";"";"";"";"";"";"";""
"11/10/2025";"1800";"";"";"";"";"";"";"";"";"";"";"";"";"";"";"";"";""
"11/10/2025";"1900";"";"";"";"";"";"";"";"";"";"";"";"";"";"";"";"";""
"11/10/2025";"2000";"";"";"";"";"";"";"";"";"";"";"";"";"";"";"";"";""
"11/10/2025";"2100";"";"";"";"";"";"";"";"";"";"";"";"";"";"";"";"";""
"11/10/2025";"2200";"";"";"";"";"";"";"";"";"";"";"";"";"";"";"";"";""
"11/10/2025";"2300";"";"";"";"";"";"";"";"";"";"";"";"";"";"";"";"";""
"12/10/2025";"0000";"";"";"";"";"";"";"";"";"";"";"";"";"";"";"";"";""
"12/10/2025";"0100";"";"";"";"";"";"";"";"";"";"";"";"";"";"";"";"";""
"12/10/2025";"0200";"";"";"";"";"";"";"";"";"";"";"";"";"";"";"";"";""
"12/10/2025";"0300";"";"";"";"";"";"";"";"";"";"";"";"";"";"";"";"";""
"12/10/2025";"0400";"";"";"";"";"";"";"";"";"";"";"";"";"";"";"";"";""
"12/10/2025";"0500";"";"";"";"";"";"";"";"";"";"";"";"";"";"";"";"";""
"12/10/2025";"0600";"";"";"";"";"";"";"";"";"";"";"";"";"";"";"";"";""
"12/10/2025";"0700";"";"";"";"";"";"";"";"";"";"";"";"";"";"";"";"";""
"12/10/2025";"0800";"";"";"";"";"";"";"";"";"";"";"";"";"";"";"";"";""
"12/10/2025";"0900";"";"";"";"";"";"";"";"";"";"";"";"";"";"";"";"";""
"12/10/2025";"1000";"";"";"";"";"";"";"";"";"";"";"";"";"";"";"";"";""
"12/10/2025";"1100";"";"";"";"";"";"";"";"";"";"";"";"";"";"";"";"";""
"12/10/2025";"1200";"";"";"";"";"";"";"";"";"";"";"";"";"";"";"";"";""
"12/10/2025";"1300";"";"";"";"";"";"";"";"";"";"";"";"";"";"";"";"";""
"12/10/2025";"1400";"";"";"";"";"";"";"";"";"";"";"";"";"";"";"";"";""
"12/10/2025";"1500";"";"";"";"";"";"";"";"";"";"";"";"";"";"";"";"";""
"12/10/2025";"1600";"";"";"";"";"";"";"";"";"";"";"";"";"";"";"";"";""
"12/10/2025";"1700";"";"";"";"";"";"";"";"";"";"";"";"";"";"";"";"";""
"12/10/2025";"1800";"";"";"";"";"";"";"";"";"";"";"";"";"";"";"";"";""
"12/10/2025";"1900";"";"";"";"";"";"";"";"";"";"";"";"";"";"";"";"";""
"12/10/2025";"2000";"";"";"";"";"";"";"";"";"";"";"";"";"";"";"";"";""
"12/10/2025";"2100";"";"";"";"";"";"";"";"";"";"";"";"";"";"";"";"";""
"12/10/2025";"2200";"";"";"";"";"";"";"";"";"";"";"";"";"";"";"";"";""
"12/10/2025";"2300";"";"";"";"";"";"";"";"";"";"";"";"";"";"";"";"";""
"13/10/2025";"0000";"";"";"";"";"";"";"";"";"";"";"";"";"";"";"";"";""
"13/10/2025";"0100";"";"";"";"";"";"";"";"";"";"";"";"";"";"";"";"";""
"13/10/2025";"0200";"";"";"";"";"";"";"";"";"";"";"";"";"";"";"";"";""
"13/10/2025";"0300";"";"";"";"";"";"";"";"";"";"";"";"";"";"";"";"";""
"13/10/2025";"0400";"";"";"";"";"";"";"";"";"";"";"";"";"";"";"";"";""
"13/10/2025";"0500";"";"";"";"";"";"";"";"";"";"";"";"";"";"";"";"";""
"13/10/2025";"0600";"";"";"";"";"";"";"";"";"";"";"";"";"";"";"";"";""
"13/10/2025";"0700";"";"";"";"";"";"";"";"";"";"";"";"";"";"";"";"";""
"13/10/2025";"0800";"";"";"";"";"";"";"";"";"";"";"";"";"";"";"";"";""
"13/10/2025";"0900";"";"";"";"";"";"";"";"";"";"";"";"";"";"";"";"";""
"13/10/2025";"1000";"";"";"";"";"";"";"";"";"";"";"";"";"";"";"";"";""
"13/10/2025";"1100";"";"";"";"";"";"";"";"";"";"";"";"";"";"";"";"";""
"13/10/2025";"1200";"";"";"";"";"";"";"";"";"";"";"";"";"";"";"";"";""
"13/10/2025";"1300";"";"";"";"";"";"";"";"";"";"";"";"";"";"";"";"";""
"13/10/2025";"1400";"";"";"";"";"";"";"";"";"";"";"";"";"";"";"";"";""
"13/10/2025";"1500";"";"";"";"";"";"";"";"";"";"";"";"";"";"";"";"";""
"13/10/2025";"1600";"";"";"";"";"";"";"";"";"";"";"";"";"";"";"";"";""
"13/10/2025";"1700";"";"";"";"";"";"";"";"";"";"";"";"";"";"";"";"";""
"13/10/2025";"1800";"";"";"";"";"";"";"";"";"";"";"";"";"";"";"";"";""
"13/10/2025";"1900";"";"";"";"";"";"";"";"";"";"";"";"";"";"";"";"";""
"13/10/2025";"2000";"";"";"";"";"";"";"";"";"";"";"";"";"";"";"";"";""
"13/10/2025";"2100";"";"";"";"";"";"";"";"";"";"";"";"";"";"";"";"";""
"13/10/2025";"2200";"";"";"";"";"";"";"";"";"";"";"";"";"";"";"";"";""
"13/10/2025";"2300";"";"";"";"";"";"";"";"";"";"";"";"";"";"";"";"";""
"14/10/2025";"0000";"";"";"";"";"";"";"";"";"";"";"";"";"";"";"";"";""
"14/10/2025";"0100";"";"";"";"";"";"";"";"";"";"";"";"";"";"";"";"";""
"14/10/2025";"0200";"";"";"";"";"";"";"";"";"";"";"";"";"";"";"";"";""
"14/10/2025";"0300";"";"";"";"";"";"";"";"";"";"";"";"";"";"";"";"";""
"14/10/2025";"0400";"";"";"";"";"";"";"";"";"";"";"";"";"";"";"";"";""
"14/10/2025";"0500";"";"";"";"";"";"";"";"";"";"";"";"";"";"";"";"";""
"14/10/2025";"0600";"";"";"";"";"";"";"";"";"";"";"";"";"";"";"";"";""
"14/10/2025";"0700";"";"";"";"";"";"";"";"";"";"";"";"";"";"";"";"";""
"14/10/2025";"0800";"";"";"";"";"";"";"";"";"";"";"";"";"";"";"";"";""
"14/10/2025";"0900";"";"";"";"";"";"";"";"";"";"";"";"";"";"";"";"";""
"14/10/2025";"1000";"";"";"";"";"";"";"";"";"";"";"";"";"";"";"";"";""
"14/10/2025";"1100";"";"";"";"";"";"";"";"";"";"";"";"";"";"";"";"";""
"14/10/2025";"1200";"";"";"";"";"";"";"";"";"";"";"";"";"";"";"";"";""
"14/10/2025";"1300";"";"";"";"";"";"";"";"";"";"";"";"";"";"";"";"";""
"14/10/2025";"1400";"";"";"";"";"";"";"";"";"";"";"";"";"";"";"";"";""
"14/10/2025";"1500";"";"";"";"";"";"";"";"";"";"";"";"";"";"";"";"";""
"14/10/2025";"1600";"";"";"";"";"";"";"";"";"";"";"";"";"";"";"";"";""
"14/10/2025";"1700";"";"";"";"";"";"";"";"";"";"";"";"";"";"";"";"";""
"14/10/2025";"1800";"";"";"";"";"";"";"";"";"";"";"";"";"";"";"";"";""
"14/10/2025";"1900";"";"";"";"";"";"";"";"";"";"";"";"";"";"";"";"";""
"14/10/2025";"2000";"";"";"";"";"";"";"";"";"";"";"";"";"";"";"";"";""
"14/10/2025";"2100";"";"";"";"";"";"";"";"";"";"";"";"";"";"";"";"";""
"14/10/2025";"2200";"";"";"";"";"";"";"";"";"";"";"";"";"";"";"";"";""
"14/10/2025";"2300";"";"";"";"";"";"";"";"";"";"";"";"";"";"";"";"";""
"15/10/2025";"0000";"";"";"";"";"";"";"";"";"";"";"";"";"";"";"";"";""
"15/10/2025";"0100";"";"";"";"";"";"";"";"";"";"";"";"";"";"";"";"";""
"15/10/2025";"0200";"";"";"";"";"";"";"";"";"";"";"";"";"";"";"";"";""
"15/10/2025";"0300";"";"";"";"";"";"";"";"";"";"";"";"";"";"";"";"";""
"15/10/2025";"0400";"";"";"";"";"";"";"";"";"";"";"";"";"";"";"";"";""
"15/10/2025";"0500";"";"";"";"";"";"";"";"";"";"";"";"";"";"";"";"";""
"15/10/2025";"0600";"";"";"";"";"";"";"";"";"";"";"";"";"";"";"";"";""
"15/10/2025";"0700";"";"";"";"";"";"";"";"";"";"";"";"";"";"";"";"";""
"15/10/2025";"0800";"";"";"";"";"";"";"";"";"";"";"";"";"";"";"";"";""
"15/10/2025";"0900";"";"";"";"";"";"";"";"";"";"";"";"";"";"";"";"";""
"15/10/2025";"1000";"";"";"";"";"";"";"";"";"";"";"";"";"";"";"";"";""
"15/10/2025";"1100";"";"";"";"";"";"";"";"";"";"";"";"";"";"";"";"";""
"15/10/2025";"1200";"";"";"";"";"";"";"";"";"";"";"";"";"";"";"";"";""
"15/10/2025";"1300";"";"";"";"";"";"";"";"";"";"";"";"";"";"";"";"";""
"15/10/2025";"1400";"";"";"";"";"";"";"";"";"";"";"";"";"";"";"";"";""
"15/10/2025";"1500";"";"";"";"";"";"";"";"";"";"";"";"";"";"";"";"";""
"15/10/2025";"1600";"";"";"";"";"";"";"";"";"";"";"";"";"";"";"";"";""
"15/10/2025";"1700";"";"";"";"";"";"";"";"";"";"";"";"";"";"";"";"";""
"15/10/2025";"1800";"";"";"";"";"";"";"";"";"";"";"";"";"";"";"";"";""
"15/10/2025";"1900";"";"";"";"";"";"";"";"";"";"";"";"";"";"";"";"";""
"15/10/2025";"2000";"";"";"";"";"";"";"";"";"";"";"";"";"";"";"";"";""
"15/10/2025";"2100";"";"";"";"";"";"";"";"";"";"";"";"";"";"";"";"";""
"15/10/2025";"2200";"";"";"";"";"";"";"";"";"";"";"";"";"";"";"";"";""
"15/10/2025";"2300";"";"";"";"";"";"";"";"";"";"";"";"";"";"";"";"";""
"16/10/2025";"0000";"";"";"";"";"";"";"";"";"";"";"";"";"";"";"";"";""
"16/10/2025";"0100";"";"";"";"";"";"";"";"";"";"";"";"";"";"";"";"";""
"16/10/2025";"0200";"";"";"";"";"";"";"";"";"";"";"";"";"";"";"";"";""
"16/10/2025";"0300";"";"";"";"";"";"";"";"";"";"";"";"";"";"";"";"";""
"16/10/2025";"0400";"";"";"";"";"";"";"";"";"";"";"";"";"";"";"";"";""
"16/10/2025";"0500";"";"";"";"";"";"";"";"";"";"";"";"";"";"";"";"";""
"16/10/2025";"0600";"";"";"";"";"";"";"";"";"";"";"";"";"";"";"";"";""
"16/10/2025";"0700";"";"";"";"";"";"";"";"";"";"";"";"";"";"";"";"";""
"16/10/2025";"0800";"";"";"";"";"";"";"";"";"";"";"";"";"";"";"";"";""
"16/10/2025";"0900";"";"";"";"";"";"";"";"";"";"";"";"";"";"";"";"";""
"16/10/2025";"1000";"";"";"";"";"";"";"";"";"";"";"";"";"";"";"";"";""
"16/10/2025";"1100";"";"";"";"";"";"";"";"";"";"";"";"";"";"";"";"";""
"16/10/2025";"1200";"";"";"";"";"";"";"";"";"";"";"";"";"";"";"";"";""
"16/10/2025";"1300";"";"";"";"";"";"";"";"";"";"";"";"";"";"";"";"";""
"16/10/2025";"1400";"";"";"";"";"";"";"";"";"";"";"";"";"";"";"";"";""
"16/10/2025";"1500";"";"";"";"";"";"";"";"";"";"";"";"";"";"";"";"";""
"16/10/2025";"1600";"";"";"";"";"";"";"";"";"";"";"";"";"";"";"";"";""
"16/10/2025";"1700";"23,2";"23,4";"23,0";"71,0";"72,0";"71,0";"17,4";"17,7";"17,3";"1003,8";"1004,2";"1003,6";"2,4";"44,0";"5,0";"986,20";"0,0"
"16/10/2025";"1800";"24,0";"24,3";"23,5";"72,0";"72,0";"71,0";"18,3";"18,6";"17,7";"1003,0";"1003,7";"1002,4";"1,3";"193,0";"5,2";"842,70";"0,0"
"16/10/2025";"1900";"23,7";"24,3";"23,4";"72,0";"72,0";"72,0";"18,1";"18,6";"17,7";"1002,5";"1002,8";"1002,3";"3,2";"294,0";"8,4";"504,10";"0,0"
"16/10/2025";"2000";"";"";"";"";"";"";"";"";"";"";"";"";"";"";"";"";""
"16/10/2025";"2100";"";"";"";"";"";"";"";"";"";"";"";"";"";"";"";"";""
"16/10/2025";"2200";"22,9";"23,6";"21,0";"72,0";"72,0";"72,0";"17,2";"18,0";"15,4";"1002,1";"1002,4";"1001,8";"0,9";"218,0";"3,8";"167,20";"0,0"
"16/10/2025";"2300";"";"";"";"";"";"";"";"";"";"";"";"";"";"";"";"";""
"17/10/2025";"0000";"";"";"";"";"";"";"";"";"";"";"";"";"";"";"";"";""
"17/10/2025";"0100";"19,1";"19,5";"18,6";"72,0";"72,0";"72,0";"13,4";"13,9";"13,0";"1002,3";"1002,5";"1002,2";"0,7";"50,0";"1,5";"";"0,0"
"17/10/2025";"0200";"18,4";"18,6";"18,0";"72,0";"72,0";"72,0";"12,7";"13,0";"12,4";"1002,4";"1002,7";"1002,2";"1,0";"245,0";"1,5";"";"0,0"
"17/10/2025";"0300";"17,7";"18,1";"17,4";"72,0";"72,0";"72,0";"12,1";"12,5";"11,8";"1002,7";"1003,0";"1002,4";"1,3";"24,0";"2,3";"";"0,0"
"17/10/2025";"0400";"17,4";"17,8";"17,2";"72,0";"72,0";"72,0";"11,8";"12,1";"11,6";"1002,2";"1002,4";"1002,0";"1,0";"161,0";"1,5";"";"0,0"
"17/10/2025";"0500";"17,7";"18,0";"17,3";"72,0";"72,0";"72,0";"12,1";"12,4";"11,6";"1001,9";"1002,1";"1001,8";"0,9";"105,0";"2,1";"";"0,0"
"17/10/2025";"0600";"17,2";"17,3";"17,0";"72,0";"72,0";"72,0";"11,6";"11,7";"11,3";"1001,9";"1002,2";"1001,6";"1,4";"85,0";"2,0";"";"0,0"
"17/10/2025";"0700";"17,1";"17,3";"16,7";"72,0";"72,0";"72,0";"11,5";"11,6";"11,1";"1001,7";"1002,0";"1001,5";"1,6";"68,0";"2,2";"";"0,0"
"17/10/2025";"0800";"16,9";"17,2";"16,7";"72,0";"72,0";"72,0";"11,3";"11,6";"11,1";"1001,5";"1001,6";"1001,3";"2,0";"247,0";"3,0";"";"0,0"
"17/10/2025";"0900";"17,6";"18,3";"17,2";"72,0";"72,0";"72,0";"12,0";"12,7";"11,6";"1001,4";"1001,7";"1001,3";"1,0";"210,0";"1,3";"1,40";"0,0"
"17/10/2025";"1000";"17,3";"17,6";"17,2";"72,0";"72,0";"72,0";"11,7";"12,0";"11,6";"1001,9";"1002,1";"1001,6";"1,0";"222,0";"1,5";"116,10";"0,0"
"17/10/2025";"1100";"18,2";"18,8";"17,6";"72,0";"72,0";"72,0";"12,5";"13,1";"12,0";"1002,2";"1002,3";"1002,0";"1,3";"78,0";"2,1";"368,00";"0,0"
"17/10/2025";"1200";"19,5";"20,3";"18,8";"72,0";"72,0";"72,0";"13,9";"14,7";"13,2";"1002,7";"1003,4";"1002,0";"2,0";"221,0";"3,3";"642,20";"0,0"
"17/10/2025";"1300";"20,7";"21,0";"20,3";"72,0";"72,0";"72,0";"15,2";"15,4";"14,7";"1003,0";"1003,3";"1002,7";"1,2";"67,0";"1,8";"524,40";"0,0"
"17/10/2025";"1400";"20,8";"21,0";"20,6";"72,0";"72,0";"72,0";"15,2";"15,5";"15,1";"1002,8";"1003,2";"1002,3";"1,0";"176,0";"1,6";"294,40";"0,0"
"17/10/2025";"1500";"21,5";"22,4";"21,0";"72,0";"73,0";"72,0";"16,0";"16,8";"15,5";"1002,3";"1002,5";"1002,0";"0,5";"164,0";"1,1";"809,40";"0,0"
"17/10/2025";"1600";"22,4";"22,7";"22,2";"72,0";"73,0";"72,0";"16,9";"17,1";"16,7";"1001,9";"1002,0";"1001,8";"1,3";"174,0";"3,6";"571,60";"0,0"
"17/10/2025";"1700";"22,1";"22,5";"21,9";"73,0";"73,0";"73,0";"16,6";"17,0";"16,4";"1001,5";"1001,9";"1001,1";"1,2";"305,0";"2,6";"466,10";"0,0"
"17/10/2025";"1800";"22,7";"23,1";"22,3";"73,0";"73,0";"72,0";"17,2";"17,6";"16,9";"1000,6";"1001,1";"1000,2";"1,6";"203,0";"2,2";"551,10";"0,0"
"17/10/2025";"1900";"22,4";"22,7";"22,2";"73,0";"73,0";"73,0";"16,9";"17,2";"16,7";"1000,1";"1000,3";"1000,0";"1,5";"267,0";"2,3";"366,80";"0,0"
"17/10/2025";"2000";"22,3";"22,7";"22,0";"73,0";"73,0";"73,0";"16,9";"17,3";"16,5";"1000,5";"1000,8";"1000,1";"0,7";"313,0";"1,3";"306,10";"0,0"
"17/10/2025";"2100";"22,6";"22,8";"22,2";"73,0";"73,0";"73,0";"17,2";"17,3";"16,8";"1000,7";"1001,0";"1000,3";"0,7";"229,0";"1,1";"247,30";"0,0"
"17/10/2025";"2200";"21,8";"22,1";"21,4";"73,0";"73,0";"73,0";"16,5";"16,7";"16,0";"1001,0";"1001,3";"1000,7";"0,6";"234,0";"1,0";"23,50";"0,0"
"17/10/2025";"2300";"21,3";"21,5";"21,1";"73,0";"73,0";"73,0";"16,0";"16,1";"15,7";"1001,4";"1001,8";"1001,2";"1,9";"91,0";"5,0";"";"0,0"
"18/10/2025";"0000";"20,3";"21,0";"19,3";"73,0";"73,0";"73,0";"14,9";"15,6";"13,9";"1002,3";"1002,8";"1001,8";"3,2";"115,0";"5,1";"1,00";"1,8"
"18/10/2025";"0100";"18,8";"19,3";"18,6";"73,0";"73,0";"73,0";"13,4";"13,9";"13,2";"1003,0";"1003,2";"1002,8";"0,8";"128,0";"1,5";"0,70";"9,8"
"18/10/2025";"0200";"18,6";"18,7";"18,5";"73,0";"73,0";"73,0";"13,2";"13,3";"13,1";"1003,1";"1003,3";"1003,0";"1,8";"148,0";"5,3";"0,60";"4,8"
"18/10/2025";"0300";"18,4";"18,5";"18,3";"73,0";"73,0";"73,0";"13,0";"13,1";"12,9";"1003,4";"1003,5";"1003,2";"0,9";"269,0";"1,3";"0,60";"5,4"
"18/10/2025";"0400";"18,1";"18,3";"18,0";"73,0";"73,0";"73,0";"12,8";"12,9";"12,6";"1003,1";"1003,5";"1002,7";"1,0";"254,0";"1,8";"0,60";"1,8"
"18/10/2025";"0500";"18,0";"18,0";"17,9";"73,0";"73,0";"73,0";"12,6";"12,6";"12,5";"1002,4";"1002,7";"1002,2";"1,6";"235,0";"2,6";"0,40";"0,2"
"18/10/2025";"0600";"17,9";"18,0";"17,8";"73,0";"73,0";"73,0";"12,5";"12,6";"12,5";"1002,3";"1002,5";"1002,1";"2,4";"163,0";"5,7";"1,00";"2,8"
"18/10/2025";"0700";"17,8";"18,0";"17,7";"73,0";"73,0";"73,0";"12,5";"12,6";"12,3";"1002,6";"1002,8";"1002,4";"3,7";"203,0";"7,3";"0,80";"2,2"
"18/10/2025";"0800";"17,4";"17,7";"17,3";"73,0";"73,0";"73,0";"12,1";"12,3";"11,9";"1003,1";"1003,3";"1002,8";"1,0";"203,0";"2,3";"0,90";"0,2"
"18/10/2025";"0900";"17,2";"17,3";"17,2";"73,0";"73,0";"73,0";"11,9";"12,0";"11,8";"1003,1";"1003,3";"1003,0";"0,4";"68,0";"0,8";"0,90";"0,4"
"18/10/2025";"1000";"17,3";"17,6";"17,3";"73,0";"73,0";"73,0";"12,0";"12,2";"11,9";"1003,8";"1004,1";"1003,2";"2,5";"146,0";"4,2";"20,50";"1,6"
"18/10/2025";"1100";"18,0";"18,3";"17,6";"73,0";"74,0";"73,0";"12,7";"13,0";"12,2";"1004,6";"1005,2";"1004,0";"1,1";"170,0";"3,0";"150,80";"0,6"
"18/10/2025";"1200";"18,4";"18,6";"18,1";"74,0";"74,0";"73,0";"13,1";"13,3";"12,8";"1005,7";"1006,3";"1005,2";"2,7";"154,0";"4,9";"176,80";"1,0"
"18/10/2025";"1300";"18,9";"19,2";"18,5";"74,0";"74,0";"74,0";"13,6";"13,9";"13,2";"1006,6";"1006,9";"1006,3";"2,3";"120,0";"4,6";"373,10";"0,2"
"18/10/2025";"1400";"19,0";"19,3";"18,8";"74,0";"74,0";"73,0";"13,7";"14,0";"13,5";"1007,5";"1007,9";"1007,0";"5,7";"145,0";"11,3";"428,90";"0,0"
"18/10/2025";"1500";"19,5";"19,8";"19,3";"73,0";"74,0";"73,0";"14,2";"14,4";"14,0";"1007,9";"1008,1";"1007,8";"4,7";"120,0";"8,6";"633,70";"0,0"
"18/10/2025";"1600";"19,6";"20,2";"19,0";"73,0";"73,0";"73,0";"14,3";"14,8";"13,7";"1008,1";"1008,2";"1008,0";"3,3";"125,0";"6,0";"799,80";"0,0"
"18/10/2025";"1700";"20,1";"20,8";"19,7";"73,0";"73,0";"73,0";"14,7";"15,4";"14,4";"1008,3";"1008,4";"1008,1";"6,1";"105,0";"10,8";"844,00";"0,0"
"18/10/2025";"1800";"21,0";"21,7";"20,3";"73,0";"73,0";"72,0";"15,6";"16,3";"15,0";"1008,4";"1008,5";"1008,2";"6,5";"102,0";"11,4";"2098,90";"0,0"
"18/10/2025";"1900";"20,6";"21,2";"20,2";"73,0";"73,0";"72,0";"15,2";"15,7";"14,8";"1008,5";"1008,7";"1008,2";"6,7";"99,0";"11,3";"1453,40";"0,0"
"18/10/2025";"2000";"19,6";"21,4";"18,1";"73,0";"74,0";"72,0";"14,2";"15,9";"12,7";"1009,1";"1010,0";"1008,4";"3,6";"94,0";"7,9";"818,30";"0,0"
"18/10/2025";"2100";"18,1";"18,5";"17,4";"73,0";"73,0";"73,0";"12,7";"13,1";"12,0";"1010,7";"1011,4";"1010,0";"4,8";"95,0";"10,1";"280,50";"0,0"
"18/10/2025";"2200";"17,0";"17,4";"16,3";"73,0";"73,0";"73,0";"11,6";"12,0";"10,9";"1011,9";"1012,4";"1011,4";"2,6";"88,0";"5,6";"40,30";"0,0"
"18/10/2025";"2300";"16,0";"16,4";"15,7";"73,0";"73,0";"73,0";"10,6";"11,0";"10,2";"1012,7";"1013,0";"1012,3";"2,7";"91,0";"5,0";"";"0,0"
"19/10/2025";"0000";"15,5";"15,7";"15,3";"73,0";"73,0";"72,0";"10,0";"10,2";"9,8";"1013,5";"1014,0";"1013,0";"3,7";"116,0";"7,0";"";"0,0"
"19/10/2025";"0100";"14,9";"15,4";"13,5";"72,0";"73,0";"72,0";"9,4";"9,9";"8,0";"1014,1";"1014,4";"1014,0";"1,4";"93,0";"4,4";"";"0,0"
"19/10/2025";"0200";"13,0";"13,4";"12,6";"73,0";"73,0";"73,0";"7,5";"7,9";"7,1";"1014,5";"1014,6";"1014,4";"0,5";"114,0";"1,0";"";"0,0"
"19/10/2025";"0300";"12,2";"12,9";"11,9";"72,0";"73,0";"72,0";"6,7";"7,4";"6,3";"1014,6";"1014,8";"1014,4";"1,4";"288,0";"2,2";"";"0,0"
"19/10/2025";"0400";"12,1";"12,4";"11,9";"72,0";"73,0";"72,0";"6,6";"6,9";"6,4";"1014,8";"1014,9";"1014,7";"1,3";"280,0";"1,8";"";"0,0"
"19/10/2025";"0500";"11,1";"12,0";"10,6";"72,0";"73,0";"72,0";"5,6";"6,4";"5,1";"1014,9";"1015,0";"1014,8";"0,8";"233,0";"1,4";"";"0,0"
"19/10/2025";"0600";"10,0";"10,6";"9,7";"72,0";"73,0";"72,0";"4,4";"5,1";"4,2";"1014,7";"1014,9";"1014,5";"0,6";"67,0";"1,1";"";"0,0"
"19/10/2025";"0700";"9,8";"9,9";"9,7";"72,0";"72,0";"72,0";"4,2";"4,4";"4,1";"1014,5";"1014,6";"1014,5";"0,3";"241,0";"0,7";"";"0,0"
"19/10/2025";"0800";"9,9";"10,2";"9,8";"72,0";"73,0";"72,0";"4,4";"4,7";"4,3";"1014,6";"1014,9";"1014,5";"0,9";"96,0";"1,4";"";"0,0"
"19/10/2025";"0900";"10,2";"10,5";"10,1";"72,0";"73,0";"72,0";"4,7";"5,0";"4,6";"1015,0";"1015,2";"1014,8";"0,9";"243,0";"1,3";"9,30";"0,0"
"19/10/2025";"1000";"11,2";"12,5";"10,5";"72,0";"72,0";"72,0";"5,6";"6,9";"4,9";"1015,5";"1015,8";"1015,2";"0,5";"103,0";"1,0";"398,00";"0,0"
"19/10/2025";"1100";"12,6";"13,2";"12,2";"72,0";"72,0";"72,0";"7,1";"7,6";"6,7";"1015,9";"1016,1";"1015,7";"0,9";"219,0";"1,7";"871,00";"0,0"
"19/10/2025";"1200";"14,6";"15,6";"13,3";"72,0";"72,0";"72,0";"9,0";"10,0";"7,7";"1016,4";"1016,4";"1016,1";"1,2";"210,0";"2,9";"1649,00";"0,0"
"19/10/2025";"1300";"15,4";"16,3";"15,1";"72,0";"72,0";"72,0";"9,9";"10,7";"9,5";"1016,4";"1016,5";"1016,3";"1,4";"199,0";"2,4";"1171,40";"0,0"
"19/10/2025";"1400";"17,5";"18,8";"16,3";"72,0";"73,0";"71,0";"11,9";"13,1";"10,7";"1016,2";"1016,5";"1016,0";"2,8";"192,0";"5,4";"2868,10";"0,0"
"19/10/2025";"1500";"17,9";"19,1";"17,2";"72,0";"73,0";"72,0";"12,4";"13,5";"11,8";"1015,8";"1016,0";"1015,7";"3,6";"123,0";"5,6";"1706,50";"0,0"
"19/10/2025";"1600";"18,9";"19,8";"18,2";"73,0";"73,0";"72,0";"13,4";"14,3";"12,8";"1015,4";"1015,6";"1015,1";"2,8";"54,0";"4,9";"1743,90";"0,0"
"19/10/2025";"1700";"19,7";"20,9";"18,8";"73,0";"73,0";"72,0";"14,2";"15,3";"13,3";"1014,7";"1015,1";"1014,3";"3,7";"53,0";"5,7";"1872,00";"0,0"
"19/10/2025";"1800";"20,5";"21,6";"19,7";"73,0";"73,0";"72,0";"15,0";"16,0";"14,2";"1013,7";"1014,4";"1013,3";"3,8";"77,0";"6,4";"2034,50";"0,0"
"19/10/2025";"1900";"21,0";"21,9";"19,5";"72,0";"73,0";"72,0";"15,5";"16,3";"14,1";"1013,0";"1013,3";"1012,6";"4,7";"93,0";"8,0";"2221,20";"0,0"
"19/10/2025";"2000";"20,8";"21,3";"20,0";"72,0";"72,0";"72,0";"15,3";"15,7";"14,5";"1012,8";"1013,0";"1012,6";"4,9";"98,0";"8,7";"1579,60";"0,0"
"19/10/2025";"2100";"19,6";"20,1";"18,7";"72,0";"72,0";"72,0";"14,0";"14,5";"13,1";"1013,1";"1013,5";"1013,0";"3,7";"94,0";"6,4";"730,80";"0,0"
"19/10/2025";"2200";"17,4";"18,7";"16,1";"72,0";"73,0";"72,0";"11,8";"13,1";"10,6";"1013,9";"1014,2";"1013,5";"2,5";"98,0";"5,2";"86,50";"0,0"
"19/10/2025";"2300";"15,0";"16,1";"14,2";"73,0";"73,0";"73,0";"9,5";"10,6";"8,7";"1014,6";"1015,0";"1014,2";"2,2";"86,0";"3,8";"";"0,0"
"20/10/2025";"0000";"14,7";"15,3";"14,1";"73,0";"73,0";"72,0";"9,2";"9,8";"8,6";"1015,2";"1015,5";"1015,0";"3,5";"69,0";"5,7";"";"0,0"
"20/10/2025";"0100";"14,4";"15,0";"14,0";"72,0";"73,0";"72,0";"8,9";"9,4";"8,5";"1015,6";"1015,9";"1015,5";"3,8";"65,0";"5,9";"";"0,0"
"20/10/2025";"0200";"13,5";"14,0";"13,0";"72,0";"73,0";"72,0";"8,0";"8,5";"7,5";"1015,9";"1016,0";"1015,9";"2,7";"55,0";"3,6";"";"0,0"
"20/10/2025";"0300";"13,0";"13,5";"12,2";"72,0";"73,0";"72,0";"7,5";"8,0";"6,7";"1016,0";"1016,2";"1015,9";"1,2";"50,0";"1,7";"";"0,0"
"20/10/2025";"0400";"11,5";"12,1";"11,1";"72,0";"73,0";"72,0";"6,0";"6,6";"5,6";"1015,9";"1016,0";"1015,7";"0,9";"310,0";"1,1";"";"0,0"
"20/10/2025";"0500";"10,6";"11,3";"9,7";"72,0";"73,0";"72,0";"5,1";"5,7";"4,2";"1015,7";"1015,7";"1015,5";"1,1";"123,0";"1,6";"";"0,0"
"20/10/2025";"0600";"9,5";"9,9";"9,0";"72,0";"73,0";"72,0";"4,0";"4,3";"3,5";"1015,6";"1015,7";"1015,5";"1,0";"314,0";"1,5";"";"0,0"
"20/10/2025";"0700";"9,0";"9,3";"8,7";"72,0";"72,0";"72,0";"3,5";"3,8";"3,2";"1015,7";"1015,9";"1015,5";"0,4";"116,0";"0,9";"";"0,0"
"20/10/2025";"0800";"8,3";"8,8";"8,0";"72,0";"72,0";"72,0";"2,7";"3,2";"2,4";"1016,0";"1016,2";"1015,8";"0,9";"112,0";"1,2";"";"0,0"
"20/10/2025";"0900";"7,9";"8,0";"7,7";"72,0";"72,0";"72,0";"2,3";"2,4";"2,1";"1016,6";"1017,1";"1016,2";"0,7";"288,0";"1,2";"10,20";"0,0"
"20/10/2025";"1000";"8,6";"9,5";"7,8";"72,0";"72,0";"72,0";"3,0";"3,9";"2,2";"1017,7";"1017,9";"1017,1";"1,0";"271,0";"1,6";"424,00";"0,0"
"20/10/2025";"1100";"11,5";"12,7";"9,6";"72,0";"72,0";"72,0";"5,8";"7,1";"4,0";"1017,9";"1018,0";"1017,7";"1,2";"203,0";"2,0";"1172,70";"0,0"
"20/10/2025";"1200";"14,3";"15,7";"12,7";"72,0";"72,0";"72,0";"8,6";"10,1";"7,1";"1017,9";"1018,1";"1017,7";"1,6";"234,0";"2,6";"2105,00";"0,0"
"20/10/2025";"1300";"17,0";"18,1";"15,8";"72,0";"72,0";"72,0";"11,4";"12,5";"10,2";"1017,5";"1017,7";"1017,2";"1,7";"212,0";"3,3";"2812,30";"0,0"
"20/10/2025";"1400";"19,6";"21,0";"18,2";"72,0";"72,0";"72,0";"14,0";"15,4";"12,6";"1016,8";"1017,2";"1016,4";"1,8";"247,0";"3,9";"3466,20";"0,0"
"20/10/2025";"1500";"21,5";"22,1";"20,7";"72,0";"73,0";"72,0";"15,9";"16,6";"15,2";"1016,1";"1016,4";"1015,7";"2,0";"199,0";"4,4";"3770,30";"0,0"
"20/10/2025";"1600";"22,5";"23,3";"21,8";"72,0";"73,0";"72,0";"17,0";"17,8";"16,2";"1015,2";"1015,7";"1014,7";"2,6";"236,0";"5,7";"3847,20";"0,0"
"20/10/2025";"1700";"23,6";"24,5";"22,8";"72,0";"73,0";"72,0";"18,1";"19,0";"17,4";"1014,0";"1014,7";"1013,3";"3,0";"195,0";"4,7";"3620,40";"0,0"
"20/10/2025";"1800";"24,7";"25,2";"24,0";"73,0";"73,0";"72,0";"19,2";"19,7";"18,5";"1012,6";"1013,3";"1011,9";"3,4";"212,0";"7,2";"3135,30";"0,0"
"20/10/2025";"1900";"25,0";"25,4";"24,5";"72,0";"73,0";"72,0";"19,5";"19,8";"19,0";"1011,6";"1012,0";"1011,2";"3,6";"98,0";"5,4";"2268,70";"0,0"
"20/10/2025";"2000";"24,5";"25,1";"24,0";"72,0";"73,0";"72,0";"19,0";"19,6";"18,5";"1011,3";"1011,4";"1011,2";"4,6";"103,0";"7,5";"1517,80";"0,0"
"20/10/2025";"2100";"23,2";"24,0";"22,1";"72,0";"72,0";"72,0";"17,7";"18,4";"16,6";"1011,8";"1012,1";"1011,4";"3,3";"98,0";"6,3";"735,20";"0,0"
"20/10/2025";"2200";"20,6";"22,1";"19,3";"73,0";"73,0";"72,0";"15,1";"16,5";"13,9";"1012,5";"1012,8";"1012,1";"3,3";"86,0";"6,0";"89,30";"0,0"
"20/10/2025";"2300";"18,3";"19,4";"17,6";"73,0";"73,0";"73,0";"12,9";"13,9";"12,1";"1013,1";"1013,3";"1012,8";"2,6";"97,0";"4,2";"";"0,0"
"21/10/2025";"0000";"16,7";"17,5";"16,3";"73,0";"73,0";"73,0";"11,2";"12,0";"10,8";"1013,7";"1014,1";"1013,3";"2,2";"84,0";"3,4";"";"0,0"
"21/10/2025";"0100";"15,8";"16,3";"15,5";"73,0";"73,0";"73,0";"10,3";"10,8";"10,0";"1014,4";"1014,5";"1014,1";"1,0";"130,0";"1,7";"";"0,0"
"21/10/2025";"0200";"15,2";"15,8";"14,6";"73,0";"73,0";"72,0";"9,7";"10,3";"9,1";"1014,7";"1015,0";"1014,5";"1,1";"267,0";"1,4";"";"0,0"
"21/10/2025";"0300";"14,6";"15,1";"14,0";"73,0";"73,0";"72,0";"9,1";"9,6";"8,5";"1015,0";"1015,2";"1014,9";"1,3";"242,0";"2,1";"";"0,0"
"21/10/2025";"0400";"13,5";"14,2";"12,8";"72,0";"73,0";"72,0";"8,0";"8,7";"7,3";"1014,6";"1015,0";"1014,4";"2,0";"196,0";"3,2";"";"0,0"
"21/10/2025";"0500";"13,4";"14,5";"12,4";"72,0";"73,0";"72,0";"7,9";"9,0";"6,9";"1014,4";"1014,5";"1014,2";"2,0";"133,0";"4,2";"";"0,0"
"21/10/2025";"0600";"13,6";"14,7";"12,8";"72,0";"73,0";"71,0";"8,0";"9,0";"7,3";"1014,2";"1014,4";"1014,0";"1,4";"164,0";"3,2";"";"0,0"
"21/10/2025";"0700";"15,0";"16,1";"12,8";"72,0";"73,0";"72,0";"9,4";"10,5";"7,3";"1014,1";"1014,3";"1014,0";"1,6";"62,0";"3,4";"";"0,0"
"21/10/2025";"0800";"15,9";"16,4";"15,3";"72,0";"73,0";"72,0";"10,4";"10,8";"9,8";"1014,4";"1014,6";"1014,2";"3,0";"89,0";"5,4";"";"0,0"
"21/10/2025";"0900";"15,9";"16,4";"15,4";"72,0";"73,0";"72,0";"10,3";"10,8";"9,9";"1015,0";"1015,6";"1014,6";"3,1";"74,0";"6,2";"9,40";"0,0"
"21/10/2025";"1000";"16,2";"17,1";"15,7";"72,0";"72,0";"72,0";"10,6";"11,4";"10,1";"1015,9";"1016,2";"1015,5";"2,8";"72,0";"6,4";"412,70";"0,0"
"21/10/2025";"1100";"17,9";"18,7";"17,1";"72,0";"72,0";"71,0";"12,2";"13,0";"11,5";"1016,4";"1016,5";"1016,1";"4,6";"64,0";"9,1";"1262,00";"0,0"
"21/10/2025";"1200";"19,5";"20,3";"18,6";"72,0";"72,0";"71,0";"13,8";"14,6";"12,9";"1016,4";"1016,5";"1016,1";"4,1";"214,0";"7,6";"2149,40";"0,0"
"21/10/2025";"1300";"20,9";"21,6";"20,4";"72,0";"72,0";"71,0";"15,2";"15,9";"14,7";"1016,0";"1016,3";"1015,6";"4,7";"211,0";"7,3";"2865,20";"0,0"
"21/10/2025";"1400";"22,3";"23,0";"21,2";"72,0";"72,0";"71,0";"16,6";"17,4";"15,5";"1015,2";"1015,6";"1014,7";"3,8";"90,0";"8,1";"3458,10";"0,0"
"21/10/2025";"1500";"24,1";"25,0";"23,0";"72,0";"72,0";"71,0";"18,4";"19,3";"17,4";"1014,1";"1014,7";"1013,5";"3,0";"80,0";"6,1";"3781,70";"0,0"
"21/10/2025";"1600";"25,8";"26,5";"24,7";"72,0";"72,0";"71,0";"20,1";"20,8";"19,0";"1013,0";"1013,5";"1012,3";"3,8";"138,0";"7,1";"3849,50";"0,0"
"21/10/2025";"1700";"26,7";"27,7";"26,2";"72,0";"72,0";"71,0";"21,1";"22,0";"20,6";"1011,8";"1012,3";"1011,1";"4,1";"313,0";"6,7";"3623,80";"0,0"
"21/10/2025";"1800";"27,7";"28,1";"27,2";"72,0";"72,0";"71,0";"22,1";"22,4";"21,6";"1010,4";"1011,1";"1009,8";"2,1";"260,0";"5,2";"3133,60";"0,0"
"21/10/2025";"1900";"28,3";"28,8";"27,8";"72,0";"72,0";"71,0";"22,6";"23,1";"22,2";"1009,3";"1009,8";"1008,8";"3,6";"258,0";"6,8";"2443,20";"0,0"
"21/10/2025";"2000";"28,5";"28,7";"28,2";"72,0";"72,0";"71,0";"22,8";"23,0";"22,5";"1008,5";"1008,8";"1008,3";"4,0";"317,0";"5,6";"1612,90";"0,0"
"21/10/2025";"2100";"27,4";"28,2";"26,6";"71,0";"72,0";"71,0";"21,7";"22,5";"20,8";"1008,3";"1008,6";"1008,1";"4,6";"259,0";"6,7";"747,30";"0,0"
"21/10/2025";"2200";"24,8";"26,5";"23,3";"72,0";"72,0";"71,0";"19,1";"20,7";"17,6";"1009,0";"1009,4";"1008,6";"2,1";"297,0";"3,8";"96,30";"0,0"
"21/10/2025";"2300";"21,2";"23,2";"20,0";"71,0";"72,0";"71,0";"15,5";"17,5";"14,3";"1009,7";"1010,0";"1009,4";"2,9";"25,0";"4,5";"";"0,0"
"22/10/2025";"0000";"19,4";"20,2";"18,7";"71,0";"72,0";"70,0";"13,6";"14,3";"12,9";"1010,4";"1010,8";"1010,0";"2,8";"132,0";"4,9";"";"0,0"
"22/10/2025";"0100";"21,6";"22,2";"20,2";"71,0";"71,0";"71,0";"15,8";"16,3";"14,4";"1011,0";"1011,3";"1010,8";"3,0";"100,0";"8,3";"";"0,0"
"22/10/2025";"0200";"20,9";"21,5";"20,5";"71,0";"71,0";"71,0";"15,1";"15,7";"14,7";"1011,4";"1011,5";"1011,3";"3,2";"139,0";"7,9";"";"0,0"
"22/10/2025";"0300";"20,3";"20,9";"19,6";"71,0";"71,0";"70,0";"14,4";"15,0";"13,7";"1011,4";"1011,6";"1011,2";"1,5";"78,0";"4,0";"";"0,0"
"22/10/2025";"0400";"19,3";"19,8";"18,7";"71,0";"71,0";"70,0";"13,4";"13,9";"12,9";"1011,9";"1012,2";"1011,6";"4,1";"179,0";"8,5";"";"0,0"
"22/10/2025";"0500";"18,9";"19,3";"18,6";"70,0";"71,0";"70,0";"13,0";"13,4";"12,7";"1012,2";"1012,3";"1012,0";"4,4";"261,0";"9,2";"";"0,0"
"22/10/2025";"0600";"18,2";"18,7";"17,8";"70,0";"71,0";"70,0";"12,3";"12,7";"11,9";"1012,0";"1012,2";"1011,8";"3,1";"298,0";"9,3";"";"0,0"
"22/10/2025";"0700";"17,7";"18,3";"17,0";"70,0";"71,0";"70,0";"11,8";"12,4";"11,1";"1012,0";"1012,1";"1011,9";"2,6";"274,0";"5,6";"";"0,0"
"22/10/2025";"0800";"17,5";"17,9";"17,2";"70,0";"71,0";"70,0";"11,6";"12,0";"11,3";"1012,2";"1012,4";"1011,9";"2,0";"272,0";"4,3";"";"0,0"
"22/10/2025";"0900";"16,9";"17,6";"16,1";"70,0";"71,0";"70,0";"11,0";"11,6";"10,1";"1012,9";"1013,2";"1012,4";"1,9";"116,0";"2,9";"10,00";"0,0"
"22/10/2025";"1000";"17,1";"18,4";"16,3";"70,0";"70,0";"70,0";"11,1";"12,4";"10,3";"1013,5";"1013,7";"1013,2";"1,6";"232,0";"3,3";"424,20";"0,0"
"22/10/2025";"1100";"19,4";"20,7";"18,4";"70,0";"70,0";"70,0";"13,4";"14,7";"12,4";"1013,7";"1013,9";"1013,6";"2,3";"259,0";"4,3";"1263,00";"0,0"
"22/10/2025";"1200";"21,8";"22,5";"20,7";"70,0";"70,0";"70,0";"15,8";"16,4";"14,7";"1013,7";"1013,8";"1013,6";"3,0";"76,0";"5,9";"2134,40";"0,0"
"22/10/2025";"1300";"23,4";"24,2";"22,6";"70,0";"70,0";"69,0";"17,3";"18,1";"16,6";"1013,4";"1013,7";"1013,1";"2,0";"191,0";"5,7";"2890,80";"0,0"
"22/10/2025";"1400";"25,0";"25,8";"24,1";"70,0";"70,0";"69,0";"18,9";"19,7";"18,1";"1012,9";"1013,1";"1012,7";"3,2";"264,0";"6,1";"3481,70";"0,0"
"22/10/2025";"1500";"26,1";"26,8";"25,4";"70,0";"70,0";"69,0";"20,0";"20,7";"19,4";"1012,7";"1012,8";"1012,3";"2,2";"201,0";"5,6";"3770,80";"0,0"
"22/10/2025";"1600";"27,5";"28,0";"26,8";"70,0";"70,0";"70,0";"21,5";"22,0";"20,7";"1011,8";"1012,4";"1011,4";"3,7";"288,0";"5,7";"3830,20";"0,0"
"22/10/2025";"1700";"28,5";"29,4";"27,9";"70,0";"70,0";"70,0";"22,5";"23,3";"21,9";"1011,0";"1011,4";"1010,5";"2,7";"265,0";"5,2";"3591,30";"0,0"
"22/10/2025";"1800";"29,4";"29,9";"28,7";"70,0";"70,0";"69,0";"23,4";"23,8";"22,7";"1010,1";"1010,6";"1009,5";"2,0";"228,0";"3,8";"3099,80";"0,0"
"22/10/2025";"1900";"29,4";"29,9";"29,0";"70,0";"70,0";"69,0";"23,4";"23,8";"23,0";"1009,1";"1009,5";"1008,8";"1,2";"189,0";"2,8";"2047,70";"0,0"
"22/10/2025";"2000";"29,6";"29,9";"29,3";"69,0";"70,0";"69,0";"23,5";"23,8";"23,2";"1008,7";"1008,8";"1008,5";"1,8";"192,0";"2,8";"1579,30";"0,0"
"22/10/2025";"2100";"28,2";"29,3";"27,3";"70,0";"70,0";"69,0";"22,2";"23,2";"21,3";"1008,6";"1008,8";"1008,5";"1,2";"168,0";"2,5";"550,10";"0,0"
"22/10/2025";"2200";"25,1";"27,7";"23,2";"70,0";"70,0";"69,0";"19,0";"21,6";"17,1";"1009,0";"1009,3";"1008,8";"2,2";"61,0";"3,0";"118,90";"0,0"
"22/10/2025";"2300";"22,4";"23,2";"21,4";"70,0";"70,0";"70,0";"16,4";"17,2";"15,4";"1009,6";"1010,0";"1009,3";"2,5";"72,0";"3,7";"";"0,0"
"23/10/2025";"0000";"20,9";"21,9";"19,8";"70,0";"70,0";"69,0";"14,9";"15,8";"13,7";"1010,2";"1010,4";"1009,9";"2,1";"73,0";"3,3";"";"0,0"
"23/10/2025";"0100";"19,5";"19,8";"19,1";"70,0";"70,0";"69,0";"13,4";"13,7";"13,0";"1010,7";"1010,8";"1010,4";"1,2";"105,0";"2,0";"";"0,0"
"23/10/2025";"0200";"18,7";"19,5";"17,7";"69,0";"70,0";"69,0";"12,6";"13,4";"11,6";"1010,9";"1011,1";"1010,8";"1,4";"210,0";"2,0";"";"0,0"
"23/10/2025";"0300";"18,3";"18,9";"17,7";"69,0";"70,0";"69,0";"12,2";"12,7";"11,5";"1011,2";"1011,4";"1011,0";"1,0";"182,0";"3,4";"";"0,0"
"23/10/2025";"0400";"18,8";"21,0";"17,8";"69,0";"70,0";"69,0";"12,7";"14,8";"11,8";"1011,2";"1011,3";"1011,0";"1,2";"157,0";"2,1";"";"0,0"
"23/10/2025";"0500";"19,2";"19,7";"18,6";"69,0";"69,0";"69,0";"13,1";"13,5";"12,5";"1010,9";"1011,0";"1010,7";"1,8";"291,0";"3,9";"";"0,0"
"23/10/2025";"0600";"19,3";"19,6";"18,9";"69,0";"69,0";"69,0";"13,1";"13,5";"12,8";"1010,6";"1010,8";"1010,4";"2,9";"143,0";"6,4";"";"0,0"
"23/10/2025";"0700";"18,9";"19,5";"18,5";"69,0";"69,0";"69,0";"12,7";"13,3";"12,3";"1010,7";"1010,9";"1010,6";"1,0";"199,0";"2,8";"";"0,0"
"23/10/2025";"0800";"18,6";"19,0";"18,1";"69,0";"69,0";"69,0";"12,3";"12,7";"11,9";"1011,1";"1011,3";"1010,9";"1,7";"194,0";"4,5";"";"0,0"
"23/10/2025";"0900";"18,4";"18,8";"17,8";"69,0";"69,0";"68,0";"12,1";"12,5";"11,6";"1011,5";"1011,7";"1011,2";"4,2";"138,0";"7,2";"16,40";"0,0"
"23/10/2025";"1000";"18,7";"19,3";"18,2";"68,0";"69,0";"68,0";"12,3";"12,9";"11,9";"1012,0";"1012,3";"1011,6";"3,7";"232,0";"6,5";"443,80";"0,0"
"23/10/2025";"1100";"19,9";"20,7";"19,3";"68,0";"68,0";"68,0";"13,5";"14,3";"12,9";"1012,2";"1012,4";"1012,1";"2,3";"174,0";"6,0";"1289,30";"0,0"
"23/10/2025";"1200";"21,3";"22,1";"20,6";"68,0";"68,0";"68,0";"15,0";"15,7";"14,3";"1012,1";"1012,2";"1011,9";"4,7";"299,0";"8,7";"2159,00";"0,0"
"23/10/2025";"1300";"22,8";"23,7";"21,9";"68,0";"69,0";"68,0";"16,5";"17,3";"15,6";"1011,9";"1012,1";"1011,6";"6,1";"328,0";"10,8";"2904,50";"0,0"
"23/10/2025";"1400";"24,7";"25,5";"23,6";"68,0";"69,0";"68,0";"18,3";"19,1";"17,3";"1011,2";"1011,7";"1010,5";"4,8";"329,0";"8,3";"3482,90";"0,0"
"23/10/2025";"1500";"26,6";"27,7";"25,3";"68,0";"69,0";"68,0";"20,3";"21,4";"19,0";"1009,5";"1010,5";"1008,7";"3,1";"115,0";"5,4";"3768,40";"0,0"
"23/10/2025";"1600";"28,4";"29,1";"27,7";"69,0";"69,0";"68,0";"22,2";"22,8";"21,4";"1008,2";"1008,7";"1007,7";"4,3";"315,0";"6,9";"3819,20";"0,0"
"23/10/2025";"1700";"29,6";"30,2";"28,6";"69,0";"69,0";"68,0";"23,3";"23,9";"22,4";"1007,2";"1007,7";"1006,7";"3,5";"261,0";"6,2";"3583,40";"0,0"
"23/10/2025";"1800";"30,5";"31,0";"29,9";"69,0";"69,0";"68,0";"24,2";"24,7";"23,7";"1006,3";"1006,7";"1005,9";"4,8";"269,0";"8,4";"3116,30";"0,0"
"23/10/2025";"1900";"30,9";"31,1";"30,5";"69,0";"69,0";"68,0";"24,6";"24,8";"24,3";"1005,5";"1006,0";"1005,1";"3,3";"140,0";"5,8";"2423,60";"0,0"
"23/10/2025";"2000";"31,0";"31,3";"30,7";"68,0";"69,0";"68,0";"24,6";"24,9";"24,4";"1004,9";"1005,2";"1004,7";"2,9";"222,0";"4,6";"1598,60";"0,0"
"23/10/2025";"2100";"30,3";"31,0";"29,4";"68,0";"68,0";"68,0";"24,0";"24,6";"23,0";"1004,7";"1004,8";"1004,6";"2,6";"38,0";"4,4";"734,90";"0,0"
"23/10/2025";"2200";"27,3";"29,4";"24,7";"68,0";"68,0";"68,0";"20,9";"23,0";"18,3";"1005,3";"1005,7";"1004,9";"2,8";"17,0";"3,8";"97,40";"0,0"
"23/10/2025";"2300";"23,1";"24,6";"21,4";"68,0";"68,0";"68,0";"16,7";"18,2";"15,0";"1006,1";"1006,4";"1005,7";"2,2";"77,0";"3,5";"";"0,0"
"24/10/2025";"0000";"22,9";"25,9";"21,2";"68,0";"68,0";"67,0";"16,4";"19,4";"14,7";"1006,6";"1006,7";"1006,4";"4,9";"303,0";"7,8";"";"0,0"
"24/10/2025";"0100";"25,2";"25,8";"24,8";"68,0";"68,0";"68,0";"18,8";"19,4";"18,3";"1006,8";"1007,0";"1006,5";"4,0";"321,0";"7,7";"";"0,0"
"24/10/2025";"0200";"24,4";"24,7";"23,9";"68,0";"68,0";"67,0";"17,9";"18,3";"17,4";"1007,1";"1007,2";"1007,0";"3,8";"181,0";"7,0";"";"0,0"
"24/10/2025";"0300";"23,4";"23,9";"22,9";"67,0";"68,0";"67,0";"16,9";"17,4";"16,4";"1007,3";"1007,4";"1007,2";"3,6";"125,0";"6,8";"";"0,0"
"24/10/2025";"0400";"22,4";"23,1";"21,9";"67,0";"68,0";"67,0";"15,9";"16,5";"15,4";"1007,2";"1007,3";"1007,1";"3,2";"113,0";"6,4";"";"0,0"
"24/10/2025";"0500";"21,7";"22,1";"21,1";"67,0";"67,0";"67,0";"15,1";"15,5";"14,5";"1007,1";"1007,4";"1006,8";"3,9";"125,0";"8,7";"";"0,0"
"24/10/2025";"0600";"21,0";"21,3";"20,6";"67,0";"67,0";"67,0";"14,3";"14,7";"14,0";"1006,8";"1007,0";"1006,7";"6,6";"232,0";"11,7";"";"0,0"
"24/10/2025";"0700";"20,4";"20,7";"20,1";"67,0";"67,0";"67,0";"13,8";"14,1";"13,4";"1006,8";"1006,9";"1006,6";"4,9";"268,0";"9,7";"";"0,0"
"24/10/2025";"0800";"20,0";"20,2";"19,9";"67,0";"67,0";"66,0";"13,4";"13,5";"13,2";"1006,9";"1007,0";"1006,7";"8,0";"332,0";"11,8";"";"0,0"
"24/10/2025";"0900";"19,9";"20,0";"19,6";"66,0";"67,0";"66,0";"13,2";"13,3";"13,0";"1006,9";"1007,2";"1006,6";"7,9";"330,0";"14,3";"21,40";"0,0"
"24/10/2025";"1000";"20,0";"20,5";"19,6";"66,0";"66,0";"66,0";"13,3";"13,8";"12,9";"1007,6";"1007,9";"1007,0";"5,6";"330,0";"9,4";"474,80";"0,0"
"24/10/2025";"1100";"21,1";"21,6";"20,6";"66,0";"66,0";"66,0";"14,3";"14,8";"13,8";"1007,6";"1007,8";"1007,4";"8,1";"327,0";"12,5";"1270,60";"0,0"
"24/10/2025";"1200";"22,6";"23,8";"21,6";"66,0";"66,0";"66,0";"15,8";"17,0";"14,8";"1007,4";"1007,6";"1007,0";"5,1";"298,0";"11,1";"2097,00";"0,0"
"24/10/2025";"1300";"24,7";"25,9";"23,9";"66,0";"66,0";"66,0";"17,9";"19,1";"17,1";"1006,7";"1007,0";"1006,3";"2,2";"286,0";"5,7";"2898,40";"0,0"
"24/10/2025";"1400";"26,9";"27,9";"25,7";"66,0";"67,0";"66,0";"20,1";"21,2";"18,9";"1005,5";"1006,3";"1004,7";"4,0";"94,0";"6,4";"3488,50";"0,0"
"24/10/2025";"1500";"28,5";"29,0";"27,8";"67,0";"67,0";"66,0";"21,8";"22,3";"21,1";"1004,2";"1004,6";"1003,8";"6,6";"322,0";"10,3";"3271,00";"0,0"
"24/10/2025";"1600";"29,4";"30,1";"28,8";"67,0";"67,0";"66,0";"22,7";"23,4";"22,2";"1003,0";"1003,8";"1002,4";"4,0";"231,0";"9,3";"3589,30";"0,0"
"24/10/2025";"1700";"30,3";"30,7";"29,7";"67,0";"67,0";"66,0";"23,6";"23,9";"23,1";"1001,9";"1002,4";"1001,5";"4,4";"307,0";"8,1";"2922,30";"0,0"
"24/10/2025";"1800";"30,0";"30,3";"29,6";"67,0";"67,0";"66,0";"23,3";"23,6";"23,0";"1001,1";"1001,5";"1000,9";"1,3";"222,0";"2,8";"1275,30";"0,0"
"24/10/2025";"1900";"30,3";"30,7";"29,9";"66,0";"67,0";"66,0";"23,6";"24,0";"23,2";"1000,4";"1000,9";"999,8";"2,5";"131,0";"5,5";"1569,60";"0,0"
"24/10/2025";"2000";"29,8";"30,1";"29,0";"66,0";"66,0";"66,0";"23,0";"23,4";"22,3";"1000,2";"1000,4";"999,9";"1,2";"60,0";"1,9";"803,70";"0,0"
"24/10/2025";"2100";"27,8";"29,0";"26,1";"67,0";"67,0";"66,0";"21,1";"22,3";"19,4";"1000,7";"1000,8";"1000,5";"2,1";"17,0";"3,0";"325,70";"0,0"
"24/10/2025";"2200";"24,5";"26,0";"23,0";"67,0";"67,0";"66,0";"17,8";"19,3";"16,3";"1000,9";"1001,0";"1000,8";"2,0";"72,0";"3,1";"35,50";"0,0"
"24/10/2025";"2300";"22,8";"23,2";"22,5";"66,0";"66,0";"66,0";"16,1";"16,5";"15,8";"1001,4";"1001,7";"1001,0";"2,4";"65,0";"4,0";"";"0,0"
"25/10/2025";"0000";"21,9";"22,5";"21,1";"66,0";"66,0";"66,0";"15,1";"15,8";"14,3";"1001,8";"1002,0";"1001,6";"1,3";"89,0";"1,7";"";"0,0"
"25/10/2025";"0100";"21,1";"22,4";"20,5";"66,0";"66,0";"66,0";"14,3";"15,5";"13,7";"1001,7";"1001,9";"1001,3";"2,8";"45,0";"4,3";"";"0,0"
"25/10/2025";"0200";"21,9";"22,7";"21,1";"66,0";"66,0";"66,0";"15,1";"15,9";"14,3";"1000,8";"1001,2";"1000,4";"1,6";"102,0";"3,8";"";"0,0"
"25/10/2025";"0300";"23,4";"24,1";"22,6";"66,0";"67,0";"66,0";"16,6";"17,2";"15,9";"999,6";"1000,3";"998,9";"2,0";"76,0";"4,6";"";"0,0"
"25/10/2025";"0400";"23,6";"24,1";"23,1";"66,0";"66,0";"66,0";"16,8";"17,3";"16,4";"998,1";"998,9";"997,6";"1,7";"187,0";"5,2";"";"0,0"
"25/10/2025";"0500";"23,5";"24,1";"22,9";"66,0";"66,0";"66,0";"16,7";"17,3";"16,1";"997,3";"997,7";"997,1";"2,6";"158,0";"4,4";"";"0,0"
"25/10/2025";"0600";"23,3";"23,3";"23,3";"66,0";"66,0";"66,0";"16,5";"16,5";"16,5";"997,6";"997,6";"997,6";"3,2";"70,0";"5,4";"";"0,0"
"25/10/2025";"0700";"22,5";"22,5";"22,5";"66,0";"66,0";"66,0";"15,6";"15,6";"15,6";"997,4";"997,4";"997,4";"2,1";"123,0";"7,8";"";"0,0"
"25/10/2025";"0800";"22,1";"22,1";"22,1";"66,0";"66,0";"66,0";"15,2";"15,2";"15,2";"997,9";"997,9";"997,9";"2,5";"145,0";"5,2";"";"0,0"
"25/10/2025";"0900";"23,0";"23,0";"23,0";"65,0";"65,0";"65,0";"16,1";"16,1";"16,1";"998,6";"998,6";"998,6";"3,6";"245,0";"5,9";"78,40";"0,0"
"25/10/2025";"1000";"22,8";"22,8";"22,8";"65,0";"65,0";"65,0";"15,9";"15,9";"15,9";"998,6";"998,6";"998,6";"1,5";"195,0";"9,3";"586,40";"0,0"
"25/10/2025";"1100";"24,3";"24,3";"24,3";"65,0";"65,0";"65,0";"17,3";"17,3";"17,3";"998,3";"998,3";"998,3";"2,6";"128,0";"6,5";"1440,90";"0,0"
"25/10/2025";"1200";"25,4";"26,6";"24,4";"65,0";"65,0";"65,0";"18,4";"19,6";"17,5";"997,3";"998,4";"996,5";"10,8";"331,0";"18,6";"1834,20";"0,0"
"25/10/2025";"1300";"26,3";"26,4";"26,1";"65,0";"65,0";"65,0";"19,3";"19,5";"19,1";"996,8";"997,7";"996,4";"9,5";"321,0";"15,8";"1541,20";"0,0"
"25/10/2025";"1400";"26,6";"27,5";"25,7";"65,0";"66,0";"65,0";"19,6";"20,5";"18,8";"999,7";"1000,2";"998,0";"3,4";"232,0";"6,1";"2082,60";"0,0"
"25/10/2025";"1500";"28,2";"28,9";"26,8";"65,0";"65,0";"65,0";"21,2";"22,0";"19,9";"999,6";"1000,0";"999,3";"2,6";"230,0";"5,0";"2437,70";"0,0"
"25/10/2025";"1600";"28,0";"28,7";"27,7";"65,0";"66,0";"65,0";"21,0";"21,7";"20,7";"999,0";"999,2";"998,6";"1,5";"148,0";"3,5";"2325,60";"0,0"
"25/10/2025";"1700";"28,7";"29,1";"28,2";"65,0";"65,0";"65,0";"21,7";"22,1";"21,3";"998,5";"998,8";"998,3";"3,5";"212,0";"6,0";"2550,50";"0,0"
"25/10/2025";"1800";"28,6";"29,1";"28,1";"65,0";"65,0";"65,0";"21,7";"22,1";"21,2";"998,8";"998,9";"998,6";"1,8";"165,0";"3,0";"2131,70";"0,0"
"25/10/2025";"1900";"27,6";"29,0";"26,4";"65,0";"66,0";"65,0";"20,7";"22,0";"19,5";"999,4";"1000,1";"998,6";"5,1";"196,0";"8,2";"1063,40";"0,0"
"25/10/2025";"2000";"25,6";"26,4";"24,1";"66,0";"66,0";"65,0";"18,7";"19,5";"17,2";"1000,6";"1001,0";"1000,1";"5,4";"282,0";"8,8";"250,80";"0,0"
"25/10/2025";"2100";"23,9";"24,2";"23,4";"65,0";"66,0";"65,0";"17,0";"17,3";"16,5";"1000,0";"1000,7";"998,7";"7,7";"322,0";"17,6";"70,20";"0,0"
"25/10/2025";"2200";"25,0";"25,7";"24,3";"65,0";"66,0";"65,0";"18,1";"18,8";"17,3";"999,3";"1000,7";"998,6";"5,1";"294,0";"10,8";"2,70";"0,0"
"25/10/2025";"2300";"22,6";"24,7";"21,4";"65,0";"66,0";"65,0";"15,7";"17,9";"14,6";"1000,7";"1002,0";"999,7";"5,0";"241,0";"9,8";"0,40";"0,2"
"26/10/2025";"0000";"21,9";"22,5";"21,1";"65,0";"66,0";"65,0";"15,0";"15,5";"14,2";"1001,7";"1002,3";"1001,1";"1,3";"270,0";"2,0";"";"0,0"
"26/10/2025";"0100";"21,3";"21,6";"21,0";"65,0";"65,0";"65,0";"14,4";"14,7";"14,1";"1002,7";"1003,2";"1002,2";"1,9";"256,0";"2,8";"";"0,0"
"26/10/2025";"0200";"20,8";"21,3";"20,3";"65,0";"66,0";"65,0";"13,9";"14,4";"13,4";"1002,7";"1002,9";"1002,4";"0,7";"179,0";"1,1";"";"0,0"
"26/10/2025";"0300";"20,0";"20,3";"19,6";"65,0";"66,0";"65,0";"13,1";"13,4";"12,7";"1002,9";"1003,2";"1002,5";"1,3";"99,0";"2,3";"";"0,0"
"26/10/2025";"0400";"19,4";"19,7";"19,1";"66,0";"66,0";"65,0";"12,5";"12,8";"12,3";"1002,7";"1002,9";"1002,4";"0,6";"155,0";"1,0";"";"0,0"
"26/10/2025";"0500";"19,2";"19,3";"19,1";"66,0";"66,0";"65,0";"12,4";"12,5";"12,2";"1002,9";"1003,0";"1002,7";"1,1";"81,0";"1,8";"";"0,0"
"26/10/2025";"0600";"18,8";"19,1";"18,5";"66,0";"66,0";"66,0";"12,0";"12,2";"11,6";"1002,6";"1002,9";"1002,5";"1,0";"158,0";"2,1";"";"0,0"
"26/10/2025";"0700";"18,8";"19,1";"18,5";"66,0";"66,0";"66,0";"12,0";"12,2";"11,6";"1003,1";"1003,3";"1002,9";"0,5";"46,0";"0,9";"";"0,0"
"26/10/2025";"0800";"19,1";"19,3";"19,0";"66,0";"66,0";"66,0";"12,3";"12,4";"12,2";"1003,4";"1003,6";"1003,2";"0,5";"220,0";"0,9";"";"0,0"
"26/10/2025";"0900";"19,0";"19,2";"18,9";"66,0";"66,0";"66,0";"12,2";"12,4";"12,1";"1004,1";"1004,5";"1003,6";"0,7";"220,0";"1,2";"2,20";"1,0"
"26/10/2025";"1000";"18,9";"19,1";"17,9";"66,0";"66,0";"66,0";"12,1";"12,3";"11,1";"1004,7";"1005,1";"1004,4";"3,7";"112,0";"7,3";"30,80";"0,4"
"26/10/2025";"1100";"17,3";"17,9";"17,1";"66,0";"66,0";"66,0";"10,4";"11,0";"10,2";"1005,6";"1005,9";"1005,0";"2,5";"72,0";"5,5";"122,70";"0,8"
"26/10/2025";"1200";"17,2";"17,5";"17,1";"66,0";"66,0";"65,0";"10,3";"10,5";"10,2";"1005,9";"1006,0";"1005,7";"5,3";"64,0";"8,0";"305,10";"0,0"
"26/10/2025";"1300";"18,0";"19,1";"17,5";"65,0";"65,0";"65,0";"11,1";"12,1";"10,5";"1005,8";"1005,9";"1005,5";"3,7";"62,0";"6,0";"842,90";"0,0"
"26/10/2025";"1400";"19,2";"19,5";"19,1";"65,0";"66,0";"65,0";"12,3";"12,5";"12,2";"1005,4";"1005,6";"1005,2";"4,5";"62,0";"7,1";"1134,00";"0,0"
"26/10/2025";"1500";"19,3";"19,5";"19,1";"66,0";"66,0";"66,0";"12,4";"12,6";"12,2";"1005,1";"1005,3";"1004,8";"2,0";"87,0";"4,0";"680,80";"0,0"
"26/10/2025";"1600";"20,0";"20,6";"19,5";"66,0";"66,0";"65,0";"13,1";"13,7";"12,7";"1004,6";"1004,8";"1004,2";"3,6";"109,0";"6,0";"1068,60";"0,0"
"26/10/2025";"1700";"20,3";"20,7";"20,0";"66,0";"66,0";"66,0";"13,4";"13,8";"13,1";"1004,0";"1004,2";"1003,8";"3,3";"100,0";"5,9";"875,10";"0,0"
"26/10/2025";"1800";"20,2";"20,7";"19,9";"66,0";"66,0";"66,0";"13,4";"13,8";"13,1";"1003,6";"1003,8";"1003,5";"2,6";"74,0";"4,7";"700,60";"0,0"
"26/10/2025";"1900";"20,4";"20,7";"20,0";"66,0";"66,0";"66,0";"13,6";"13,9";"13,2";"1003,4";"1003,5";"1003,1";"2,5";"100,0";"4,3";"439,90";"0,0"
"26/10/2025";"2000";"20,2";"20,5";"19,9";"66,0";"66,0";"66,0";"13,4";"13,7";"13,1";"1003,1";"1003,4";"1003,0";"2,1";"84,0";"3,6";"310,80";"0,0"
"26/10/2025";"2100";"20,1";"20,3";"19,9";"66,0";"66,0";"66,0";"13,4";"13,5";"13,1";"1003,6";"1003,8";"1003,4";"2,4";"127,0";"4,2";"129,60";"0,0"
"26/10/2025";"2200";"19,5";"19,8";"19,2";"66,0";"66,0";"66,0";"12,8";"13,1";"12,5";"1004,0";"1004,2";"1003,8";"2,6";"99,0";"4,0";"8,30";"0,0"
"26/10/2025";"2300";"19,1";"19,3";"18,9";"66,0";"66,0";"66,0";"12,4";"12,5";"12,2";"1004,3";"1004,5";"1004,1";"3,9";"109,0";"6,2";"";"0,0"
"27/10/2025";"0000";"18,3";"18,9";"17,9";"66,0";"66,0";"66,0";"11,6";"12,2";"11,2";"1004,8";"1005,0";"1004,5";"2,2";"98,0";"4,4";"";"0,0"
"27/10/2025";"0100";"18,1";"18,2";"17,9";"66,0";"66,0";"66,0";"11,4";"11,5";"11,2";"1005,2";"1005,3";"1005,0";"2,0";"89,0";"3,5";"";"0,0"
"27/10/2025";"0200";"18,2";"18,3";"18,2";"66,0";"66,0";"66,0";"11,5";"11,6";"11,5";"1005,5";"1005,6";"1005,4";"0,9";"76,0";"1,8";"";"0,0"
"27/10/2025";"0300";"18,3";"18,3";"18,2";"66,0";"67,0";"66,0";"11,6";"11,6";"11,5";"1005,6";"1005,7";"1005,5";"1,5";"129,0";"2,9";"";"0,0"
"27/10/2025";"0400";"18,3";"18,4";"18,1";"67,0";"67,0";"67,0";"11,6";"11,7";"11,4";"1005,6";"1005,8";"1005,5";"1,9";"107,0";"3,4";"";"0,0"
"27/10/2025";"0500";"18,1";"18,1";"18,1";"67,0";"67,0";"67,0";"11,4";"11,4";"11,4";"1005,4";"1005,5";"1005,1";"1,1";"96,0";"2,7";"";"0,0"
"27/10/2025";"0600";"18,1";"18,1";"18,0";"67,0";"67,0";"67,0";"11,4";"11,5";"11,4";"1004,9";"1005,2";"1004,8";"0,9";"97,0";"1,6";"";"0,0"
"27/10/2025";"0700";"18,2";"18,2";"18,1";"67,0";"67,0";"67,0";"11,5";"11,6";"11,4";"1004,8";"1005,0";"1004,6";"0,8";"191,0";"1,2";"";"0,0"
"27/10/2025";"0800";"18,2";"18,3";"18,1";"67,0";"67,0";"67,0";"11,6";"11,7";"11,4";"1005,3";"1005,7";"1005,0";"2,0";"152,0";"3,5";"";"0,0"
"27/10/2025";"0900";"18,0";"18,2";"17,9";"67,0";"67,0";"67,0";"11,4";"11,6";"11,3";"1006,1";"1006,5";"1005,6";"2,1";"97,0";"4,6";"4,20";"0,0"
"27/10/2025";"1000";"18,3";"18,7";"18,1";"67,0";"67,0";"67,0";"11,7";"12,1";"11,5";"1006,7";"1007,0";"1006,5";"2,6";"79,0";"4,8";"144,70";"0,0"
"27/10/2025";"1100";"19,2";"19,6";"18,7";"67,0";"67,0";"67,0";"12,6";"13,0";"12,1";"1007,3";"1007,6";"1007,0";"2,8";"104,0";"4,4";"508,70";"0,0"
"27/10/2025";"1200";"19,9";"20,2";"19,6";"67,0";"67,0";"67,0";"13,3";"13,6";"13,0";"1007,7";"1007,9";"1007,6";"3,3";"95,0";"5,3";"655,20";"0,0"
"27/10/2025";"1300";"20,6";"21,1";"20,1";"67,0";"67,0";"67,0";"14,0";"14,5";"13,5";"1007,8";"1007,9";"1007,7";"3,4";"83,0";"6,5";"963,50";"0,0"
"27/10/2025";"1400";"21,5";"22,2";"20,9";"67,0";"67,0";"67,0";"14,9";"15,5";"14,3";"1007,7";"1007,9";"1007,4";"4,1";"120,0";"6,0";"1413,60";"0,0"
"27/10/2025";"1500";"21,9";"22,7";"21,3";"67,0";"67,0";"67,0";"15,3";"16,0";"14,7";"1007,2";"1007,5";"1006,9";"2,7";"63,0";"5,8";"1063,50";"0,0"
"27/10/2025";"1600";"23,1";"23,6";"22,3";"67,0";"67,0";"66,0";"16,5";"16,9";"15,7";"1006,7";"1006,9";"1006,5";"4,0";"84,0";"6,7";"1479,80";"0,0"
"27/10/2025";"1700";"23,7";"24,4";"23,0";"67,0";"67,0";"67,0";"17,1";"17,8";"16,4";"1006,2";"1006,6";"1005,9";"3,6";"92,0";"7,5";"1639,40";"0,0"
"27/10/2025";"1800";"24,1";"24,6";"23,8";"67,0";"67,0";"67,0";"17,5";"17,9";"17,2";"1005,9";"1006,1";"1005,7";"4,1";"76,0";"6,9";"1470,50";"0,0"
"27/10/2025";"1900";"24,0";"24,7";"23,8";"67,0";"67,0";"67,0";"17,4";"18,0";"17,2";"1005,7";"1005,7";"1005,5";"4,1";"77,0";"7,2";"1198,50";"0,0"
"27/10/2025";"2000";"23,9";"24,5";"23,3";"67,0";"67,0";"67,0";"17,3";"17,9";"16,8";"1005,8";"1006,1";"1005,6";"4,2";"76,0";"7,4";"879,90";"0,0"
"27/10/2025";"2100";"23,4";"23,7";"23,2";"67,0";"67,0";"67,0";"16,8";"17,0";"16,5";"1006,2";"1006,3";"1006,0";"3,8";"61,0";"6,2";"672,20";"0,0"
"27/10/2025";"2200";"21,6";"23,1";"20,2";"67,0";"67,0";"67,0";"15,0";"16,5";"13,6";"1006,6";"1007,1";"1006,3";"2,2";"83,0";"4,2";"107,30";"0,0"
"27/10/2025";"2300";"19,6";"20,2";"19,1";"67,0";"67,0";"67,0";"13,0";"13,6";"12,4";"1007,4";"1007,7";"1007,1";"3,7";"85,0";"5,9";"";"0,0"
"28/10/2025";"0000";"18,7";"19,4";"18,2";"67,0";"67,0";"67,0";"12,1";"12,8";"11,5";"1008,3";"1008,8";"1007,7";"3,9";"78,0";"7,2";"";"0,0"
"28/10/2025";"0100";"17,8";"18,2";"17,6";"67,0";"67,0";"67,0";"11,1";"11,5";"10,9";"1009,4";"1009,7";"1008,9";"4,2";"83,0";"6,9";"";"0,0"
"28/10/2025";"0200";"17,8";"17,9";"17,7";"67,0";"67,0";"67,0";"11,1";"11,3";"11,0";"1010,2";"1010,6";"1009,8";"3,3";"77,0";"7,5";"";"0,0"
"28/10/2025";"0300";"17,7";"17,8";"17,6";"67,0";"67,0";"67,0";"11,0";"11,1";"10,9";"1010,7";"1010,9";"1010,6";"3,4";"76,0";"6,1";"";"0,0"
"28/10/2025";"0400";"17,3";"17,6";"17,1";"67,0";"67,0";"67,0";"10,7";"10,9";"10,4";"1010,5";"1010,7";"1010,4";"3,1";"83,0";"5,6";"";"0,0"
"28/10/2025";"0500";"16,8";"17,2";"16,2";"67,0";"67,0";"67,0";"10,1";"10,5";"9,5";"1010,0";"1010,3";"1009,8";"3,2";"88,0";"5,7";"";"0,0"
"28/10/2025";"0600";"16,3";"16,5";"16,2";"67,0";"67,0";"67,0";"9,7";"9,8";"9,5";"1009,7";"1009,9";"1009,5";"2,3";"91,0";"4,0";"";"0,0"
"28/10/2025";"0700";"16,4";"16,5";"16,3";"67,0";"67,0";"67,0";"9,8";"9,8";"9,7";"1009,5";"1009,6";"1009,4";"1,9";"91,0";"4,0";"";"0,0"
"28/10/2025";"0800";"16,4";"16,6";"16,3";"67,0";"67,0";"67,0";"9,8";"9,9";"9,6";"1009,4";"1009,5";"1009,3";"2,0";"92,0";"3,9";"";"0,0"
"28/10/2025";"0900";"16,1";"16,3";"15,9";"67,0";"67,0";"67,0";"9,5";"9,6";"9,3";"1009,8";"1010,1";"1009,5";"2,1";"91,0";"3,6";"21,80";"0,0"
"28/10/2025";"1000";"16,6";"16,9";"16,2";"67,0";"67,0";"67,0";"10,0";"10,3";"9,5";"1010,6";"1011,0";"1010,1";"3,0";"103,0";"5,8";"163,70";"0,0"
"28/10/2025";"1100";"17,2";"17,5";"16,9";"67,0";"67,0";"67,0";"10,6";"10,8";"10,3";"1011,1";"1011,2";"1011,0";"3,1";"88,0";"6,3";"267,80";"0,0"
"28/10/2025";"1200";"17,8";"18,0";"17,5";"67,0";"67,0";"67,0";"11,1";"11,4";"10,8";"1011,0";"1011,2";"1010,8";"4,2";"81,0";"6,9";"415,50";"0,0"
"28/10/2025";"1300";"18,1";"18,2";"18,0";"67,0";"67,0";"67,0";"11,5";"11,6";"11,3";"1011,1";"1011,2";"1010,9";"2,6";"91,0";"5,8";"404,80";"0,0"
"28/10/2025";"1400";"18,2";"18,5";"18,0";"67,0";"67,0";"67,0";"11,6";"11,8";"11,4";"1011,1";"1011,3";"1010,9";"2,6";"89,0";"5,5";"412,10";"0,0"
"28/10/2025";"1500";"18,5";"18,5";"18,4";"67,0";"67,0";"67,0";"11,8";"11,9";"11,8";"1010,6";"1010,9";"1010,1";"4,8";"92,0";"8,2";"448,50";"0,0"
"28/10/2025";"1600";"18,3";"18,4";"18,3";"67,0";"67,0";"67,0";"11,7";"11,8";"11,7";"1009,8";"1010,2";"1009,5";"3,7";"87,0";"7,7";"347,10";"0,0"
"28/10/2025";"1700";"18,0";"18,3";"17,8";"67,0";"67,0";"67,0";"11,3";"11,7";"11,2";"1009,4";"1009,5";"1009,1";"4,1";"80,0";"8,3";"320,00";"0,0"
"28/10/2025";"1800";"17,1";"17,8";"16,5";"67,0";"67,0";"67,0";"10,5";"11,2";"10,0";"1008,8";"1009,2";"1008,5";"3,8";"73,0";"6,1";"273,20";"0,0"
"28/10/2025";"1900";"17,0";"17,2";"16,7";"67,0";"67,0";"67,0";"10,4";"10,6";"10,1";"1008,5";"1008,7";"1008,3";"3,9";"94,0";"8,3";"183,60";"0,0"
"28/10/2025";"2000";"16,3";"17,0";"15,3";"67,0";"67,0";"67,0";"9,7";"10,4";"8,7";"1009,0";"1009,8";"1008,4";"3,1";"115,0";"6,9";"79,40";"1,6"
"28/10/2025";"2100";"14,8";"15,4";"14,4";"67,0";"67,0";"67,0";"8,2";"8,8";"7,8";"1010,3";"1010,5";"1009,9";"2,4";"90,0";"4,7";"33,50";"2,8"
"28/10/2025";"2200";"13,8";"14,4";"13,4";"67,0";"67,0";"67,0";"7,2";"7,9";"6,8";"1011,0";"1011,3";"1010,5";"2,1";"100,0";"3,8";"8,30";"2,8"
"28/10/2025";"2300";"13,2";"13,4";"12,9";"67,0";"67,0";"67,0";"6,6";"6,8";"6,2";"1011,4";"1011,9";"1011,0";"2,1";"78,0";"3,4";"0,50";"3,4"
"29/10/2025";"0000";"12,7";"12,9";"12,6";"67,0";"67,0";"67,0";"6,0";"6,2";"6,0";"1012,2";"1012,5";"1011,7";"1,4";"140,0";"2,3";"";"3,6"
"29/10/2025";"0100";"12,9";"13,0";"12,8";"67,0";"67,0";"67,0";"6,3";"6,4";"6,2";"1012,4";"1012,6";"1012,2";"1,8";"82,0";"3,2";"0,10";"3,8"
"29/10/2025";"0200";"13,0";"13,2";"12,9";"67,0";"67,0";"67,0";"6,4";"6,6";"6,3";"1011,5";"1012,2";"1010,1";"5,8";"59,0";"8,4";"0,40";"0,6"
"29/10/2025";"0300";"13,8";"14,4";"13,2";"67,0";"67,0";"67,0";"7,2";"7,9";"6,6";"1007,8";"1010,0";"1006,1";"7,8";"50,0";"14,8";"0,40";"1,2"
"29/10/2025";"0400";"14,1";"14,7";"13,8";"67,0";"67,0";"67,0";"7,6";"8,1";"7,3";"1008,6";"1009,3";"1007,0";"3,8";"203,0";"6,0";"";"0,0"
"29/10/2025";"0500";"13,8";"13,9";"13,8";"67,0";"67,0";"67,0";"7,3";"7,3";"7,2";"1009,4";"1009,6";"1009,2";"2,6";"139,0";"4,6";"";"0,2"
"29/10/2025";"0600";"13,9";"13,9";"13,8";"67,0";"68,0";"67,0";"7,4";"7,4";"7,3";"1009,4";"1009,5";"1009,2";"1,0";"170,0";"2,3";"";"1,0"
"29/10/2025";"0700";"14,0";"14,1";"13,9";"68,0";"68,0";"68,0";"7,5";"7,6";"7,4";"1009,2";"1009,2";"1009,1";"0,7";"164,0";"1,6";"";"1,8"
"29/10/2025";"0800";"14,2";"14,3";"14,1";"68,0";"68,0";"68,0";"7,7";"7,9";"7,6";"1009,3";"1009,6";"1009,2";"3,4";"114,0";"6,3";"0,40";"1,4"
"29/10/2025";"0900";"14,2";"14,3";"14,2";"68,0";"68,0";"68,0";"7,7";"7,8";"7,7";"1010,0";"1010,5";"1009,6";"2,5";"114,0";"4,6";"2,60";"0,4"
"29/10/2025";"1000";"14,3";"14,4";"14,3";"68,0";"68,0";"68,0";"7,9";"7,9";"7,8";"1011,0";"1011,4";"1010,5";"3,5";"120,0";"6,1";"75,10";"2,2"
"29/10/2025";"1100";"14,4";"14,4";"14,4";"68,0";"68,0";"68,0";"7,9";"8,0";"7,9";"1011,7";"1012,0";"1011,3";"3,1";"110,0";"6,3";"216,60";"0,4"
"29/10/2025";"1200";"14,7";"14,9";"14,4";"68,0";"68,0";"68,0";"8,2";"8,4";"7,9";"1011,9";"1012,1";"1011,7";"4,4";"108,0";"7,5";"401,90";"0,4"
"29/10/2025";"1300";"14,9";"15,0";"14,8";"68,0";"68,0";"68,0";"8,4";"8,5";"8,4";"1012,2";"1012,4";"1012,0";"3,1";"112,0";"5,8";"408,40";"0,0"
"29/10/2025";"1400";"14,9";"15,2";"14,8";"68,0";"68,0";"68,0";"8,5";"8,7";"8,4";"1012,4";"1012,5";"1012,3";"5,4";"108,0";"9,2";"432,20";"0,0"
"29/10/2025";"1500";"15,4";"15,7";"15,2";"68,0";"68,0";"68,0";"9,0";"9,3";"8,7";"1012,4";"1012,5";"1012,3";"1,6";"96,0";"3,1";"594,70";"0,8"
"29/10/2025";"1600";"15,9";"16,2";"15,6";"68,0";"68,0";"68,0";"9,5";"9,8";"9,1";"1012,2";"1012,3";"1012,0";"2,6";"59,0";"4,2";"844,70";"0,0"
"29/10/2025";"1700";"15,4";"16,1";"15,0";"68,0";"68,0";"68,0";"9,0";"9,7";"8,6";"1012,0";"1012,0";"1011,8";"3,3";"109,0";"6,7";"456,40";"0,6"
"29/10/2025";"1800";"15,3";"15,5";"14,9";"68,0";"68,0";"68,0";"8,8";"9,1";"8,5";"1011,6";"1012,0";"1011,4";"2,8";"78,0";"5,4";"496,70";"0,0"
"29/10/2025";"1900";"16,1";"16,6";"15,5";"68,0";"68,0";"68,0";"9,7";"10,2";"9,1";"1011,3";"1011,4";"1011,0";"1,7";"88,0";"3,3";"544,40";"0,0"
"29/10/2025";"2000";"16,4";"16,6";"16,3";"68,0";"68,0";"68,0";"10,0";"10,2";"9,9";"1010,9";"1011,0";"1010,9";"1,8";"88,0";"3,4";"351,70";"0,0"
"29/10/2025";"2100";"15,9";"16,3";"15,8";"68,0";"68,0";"68,0";"9,6";"9,9";"9,4";"1011,1";"1011,2";"1011,0";"1,9";"139,0";"3,3";"156,10";"0,0"
"29/10/2025";"2200";"15,4";"15,8";"15,2";"68,0";"68,0";"68,0";"9,1";"9,4";"8,9";"1011,3";"1011,5";"1011,1";"1,3";"175,0";"2,4";"33,00";"0,0"
"29/10/2025";"2300";"15,1";"15,2";"15,1";"68,0";"69,0";"68,0";"8,8";"8,9";"8,8";"1011,6";"1011,7";"1011,5";"1,3";"151,0";"2,4";"";"0,0"
"30/10/2025";"0000";"15,0";"15,1";"15,0";"69,0";"69,0";"69,0";"8,8";"8,8";"8,7";"1011,8";"1011,9";"1011,7";"1,1";"178,0";"1,9";"";"0,0"
"30/10/2025";"0100";"14,9";"15,0";"14,8";"69,0";"69,0";"68,0";"8,6";"8,7";"8,5";"1012,1";"1012,2";"1011,9";"1,3";"101,0";"1,8";"";"0,0"
"30/10/2025";"0200";"14,8";"15,0";"14,4";"69,0";"69,0";"68,0";"8,5";"8,7";"8,1";"1012,2";"1012,3";"1012,2";"1,7";"101,0";"3,7";"";"0,2"
"30/10/2025";"0300";"14,3";"14,4";"14,3";"69,0";"69,0";"69,0";"8,1";"8,1";"8,0";"1011,9";"1012,2";"1011,7";"0,9";"108,0";"1,4";"";"0,0"
"30/10/2025";"0400";"14,4";"14,5";"14,3";"69,0";"69,0";"69,0";"8,2";"8,2";"8,1";"1011,4";"1011,7";"1011,0";"1,3";"128,0";"1,9";"";"0,0"
"30/10/2025";"0500";"14,4";"14,5";"14,4";"69,0";"69,0";"69,0";"8,2";"8,2";"8,1";"1010,7";"1011,0";"1010,4";"0,7";"278,0";"1,0";"";"0,0"
"30/10/2025";"0600";"14,3";"14,4";"14,2";"69,0";"69,0";"69,0";"8,1";"8,1";"8,0";"1010,2";"1010,4";"1010,1";"1,0";"218,0";"1,6";"";"0,0"
"30/10/2025";"0700";"14,2";"14,2";"14,2";"69,0";"69,0";"69,0";"8,0";"8,0";"7,9";"1010,1";"1010,2";"1010,0";"1,1";"186,0";"2,3";"";"0,0"
"30/10/2025";"0800";"14,3";"14,3";"14,2";"69,0";"69,0";"69,0";"8,1";"8,1";"8,0";"1010,4";"1010,6";"1010,2";"1,3";"173,0";"2,5";"";"0,2"
"30/10/2025";"0900";"14,4";"14,4";"14,3";"69,0";"69,0";"69,0";"8,2";"8,2";"8,1";"1010,8";"1011,1";"1010,6";"0,7";"204,0";"1,3";"8,60";"0,0"
"30/10/2025";"1000";"14,6";"14,8";"14,4";"69,0";"69,0";"69,0";"8,4";"8,6";"8,2";"1011,4";"1011,7";"1011,1";"0,8";"207,0";"1,2";"91,00";"0,0"
"30/10/2025";"1100";"15,1";"15,5";"14,8";"69,0";"69,0";"69,0";"8,9";"9,3";"8,6";"1011,9";"1012,0";"1011,7";"0,5";"100,0";"0,8";"304,10";"0,2"
"30/10/2025";"1200";"16,7";"17,4";"15,5";"69,0";"69,0";"69,0";"10,5";"11,2";"9,3";"1011,8";"1012,0";"1011,7";"2,1";"94,0";"3,9";"1161,80";"0,0"
"30/10/2025";"1300";"17,7";"17,8";"17,4";"69,0";"69,0";"69,0";"11,5";"11,6";"11,2";"1011,7";"1011,8";"1011,7";"2,0";"38,0";"3,7";"977,90";"0,0"
"30/10/2025";"1400";"18,0";"19,0";"17,4";"69,0";"69,0";"69,0";"11,8";"12,7";"11,3";"1011,7";"1011,8";"1011,6";"2,3";"78,0";"3,5";"1025,40";"0,0"
"30/10/2025";"1500";"18,8";"19,2";"18,5";"69,0";"69,0";"69,0";"12,6";"12,9";"12,3";"1011,2";"1011,6";"1010,7";"1,4";"173,0";"2,9";"1301,20";"0,0"
"30/10/2025";"1600";"19,9";"20,4";"19,1";"69,0";"69,0";"68,0";"13,7";"14,1";"12,9";"1010,2";"1010,6";"1009,8";"1,1";"172,0";"2,4";"2128,90";"0,0"
"30/10/2025";"1700";"20,2";"21,0";"19,5";"69,0";"69,0";"69,0";"14,0";"14,7";"13,4";"1009,4";"1009,9";"1008,9";"3,8";"105,0";"6,2";"1638,00";"0,0"
"30/10/2025";"1800";"21,2";"21,8";"20,5";"69,0";"69,0";"69,0";"15,0";"15,7";"14,4";"1008,4";"1008,9";"1007,9";"3,9";"102,0";"6,7";"2223,60";"0,0"
"30/10/2025";"1900";"21,4";"23,0";"20,1";"69,0";"70,0";"69,0";"15,2";"16,8";"14,0";"1007,6";"1007,9";"1007,2";"3,8";"83,0";"6,6";"1934,90";"0,0"
"30/10/2025";"2000";"21,1";"21,9";"20,3";"69,0";"69,0";"69,0";"14,9";"15,7";"14,2";"1007,3";"1007,5";"1007,2";"5,4";"109,0";"8,4";"1188,40";"0,0"
"30/10/2025";"2100";"20,0";"20,8";"19,0";"69,0";"69,0";"69,0";"13,9";"14,5";"12,8";"1007,5";"1007,6";"1007,3";"4,9";"101,0";"9,1";"834,50";"0,0"
"30/10/2025";"2200";"18,3";"19,1";"17,1";"69,0";"69,0";"69,0";"12,1";"12,9";"11,0";"1007,9";"1008,3";"1007,5";"3,2";"101,0";"5,7";"145,70";"0,0"
"30/10/2025";"2300";"16,8";"17,1";"16,5";"69,0";"70,0";"69,0";"10,7";"11,0";"10,4";"1008,5";"1008,7";"1008,2";"3,2";"86,0";"5,5";"";"0,0"
"31/10/2025";"0000";"16,2";"16,5";"16,0";"69,0";"70,0";"69,0";"10,0";"10,4";"9,8";"1008,9";"1009,1";"1008,7";"2,2";"80,0";"4,2";"";"0,0"
"31/10/2025";"0100";"16,2";"16,4";"16,2";"69,0";"69,0";"69,0";"10,1";"10,2";"10,0";"1009,1";"1009,2";"1009,0";"3,6";"66,0";"5,5";"";"0,0"
"31/10/2025";"0200";"16,0";"16,3";"15,8";"69,0";"69,0";"69,0";"9,9";"10,1";"9,7";"1009,0";"1009,1";"1008,9";"1,3";"129,0";"1,9";"";"0,0"
"31/10/2025";"0300";"15,6";"15,8";"15,2";"69,0";"70,0";"69,0";"9,5";"9,7";"9,1";"1008,9";"1009,2";"1008,3";"2,2";"136,0";"3,0";"";"0,0"
"31/10/2025";"0400";"15,1";"15,2";"15,0";"69,0";"69,0";"69,0";"8,9";"9,1";"8,8";"1008,2";"1008,5";"1007,8";"1,4";"148,0";"2,3";"";"0,0"
"31/10/2025";"0500";"14,9";"15,0";"14,8";"69,0";"69,0";"69,0";"8,8";"8,9";"8,7";"1007,4";"1007,8";"1007,1";"1,3";"89,0";"2,3";"";"0,0"
"31/10/2025";"0600";"14,5";"14,9";"14,1";"69,0";"70,0";"69,0";"8,4";"8,7";"8,1";"1006,9";"1007,1";"1006,8";"0,8";"212,0";"1,3";"";"0,0"
"31/10/2025";"0700";"14,1";"14,2";"14,1";"70,0";"70,0";"69,0";"8,0";"8,1";"8,0";"1006,6";"1006,8";"1006,5";"0,4";"155,0";"1,2";"";"0,0"
"31/10/2025";"0800";"14,1";"14,3";"13,8";"70,0";"70,0";"69,0";"8,1";"8,2";"7,8";"1006,7";"1006,8";"1006,6";"1,5";"294,0";"1,8";"";"0,0"
"31/10/2025";"0900";"13,6";"13,8";"13,5";"70,0";"70,0";"70,0";"7,6";"7,8";"7,4";"1007,0";"1007,2";"1006,8";"1,3";"247,0";"2,7";"13,00";"0,0"
"31/10/2025";"1000";"13,8";"14,3";"13,4";"70,0";"70,0";"69,0";"7,7";"8,2";"7,3";"1007,6";"1007,8";"1007,2";"1,6";"266,0";"2,3";"200,30";"0,0"
"31/10/2025";"1100";"14,7";"15,4";"14,3";"69,0";"70,0";"69,0";"8,6";"9,3";"8,2";"1008,0";"1008,0";"1007,8";"1,2";"232,0";"2,0";"465,30";"0,0"
"31/10/2025";"1200";"16,0";"17,2";"15,3";"69,0";"69,0";"69,0";"9,8";"11,0";"9,2";"1007,9";"1008,1";"1007,6";"0,7";"219,0";"2,0";"909,90";"0,0"
"31/10/2025";"1300";"18,3";"19,7";"17,2";"69,0";"69,0";"69,0";"12,1";"13,5";"11,0";"1007,5";"1007,7";"1007,1";"1,4";"165,0";"4,6";"2414,10";"0,0"
"31/10/2025";"1400";"20,2";"20,6";"19,8";"69,0";"70,0";"69,0";"14,0";"14,5";"13,6";"1006,7";"1007,1";"1006,4";"1,7";"229,0";"2,8";"2098,30";"0,0"
"31/10/2025";"1500";"20,7";"21,6";"20,1";"70,0";"70,0";"69,0";"14,6";"15,4";"14,1";"1006,1";"1006,4";"1005,7";"2,1";"161,0";"4,1";"1561,40";"0,0"
"31/10/2025";"1600";"21,5";"22,0";"21,1";"70,0";"70,0";"69,0";"15,4";"16,0";"15,1";"1005,3";"1005,8";"1004,9";"2,4";"136,0";"4,6";"1638,60";"0,0"
"31/10/2025";"1700";"21,7";"21,9";"21,5";"70,0";"70,0";"70,0";"15,7";"15,9";"15,5";"1004,4";"1004,9";"1004,0";"3,2";"121,0";"4,8";"1248,80";"0,0"
"31/10/2025";"1800";"21,6";"22,2";"21,0";"70,0";"70,0";"70,0";"15,6";"16,1";"15,0";"1003,8";"1004,0";"1003,6";"3,4";"98,0";"6,3";"1200,40";"0,0"
"31/10/2025";"1900";"21,9";"22,4";"21,6";"70,0";"70,0";"70,0";"15,9";"16,3";"15,6";"1003,2";"1003,6";"1002,9";"2,6";"72,0";"4,5";"1198,50";"0,0"
"31/10/2025";"2000";"21,7";"22,4";"20,9";"70,0";"70,0";"69,0";"15,6";"16,3";"14,9";"1002,9";"1003,0";"1002,8";"4,2";"96,0";"7,7";"1224,90";"0,0"
"31/10/2025";"2100";"21,5";"22,0";"20,4";"70,0";"70,0";"70,0";"15,5";"16,0";"14,4";"1003,0";"1003,2";"1002,8";"2,6";"87,0";"5,5";"764,80";"0,0"
"31/10/2025";"2200";"19,5";"20,4";"18,4";"70,0";"70,0";"70,0";"13,5";"14,4";"12,4";"1003,3";"1003,7";"1003,1";"2,3";"81,0";"4,1";"137,00";"0,0"
"31/10/2025";"2300";"17,4";"18,3";"16,6";"70,0";"70,0";"70,0";"11,5";"12,4";"10,7";"1004,0";"1004,3";"1003,7";"1,3";"84,0";"1,8";"";"0,0"
"01/11/2025";"0000";"16,4";"16,6";"16,1";"70,0";"71,0";"70,0";"10,5";"10,7";"10,2";"1004,4";"1004,6";"1004,3";"1,2";"92,0";"2,9";"";"0,0"
"01/11/2025";"0100";"15,9";"16,1";"15,6";"71,0";"71,0";"70,0";"10,0";"10,2";"9,7";"1004,8";"1004,9";"1004,7";"0,4";"228,0";"0,8";"";"0,0"
"01/11/2025";"0200";"15,3";"15,6";"15,0";"71,0";"71,0";"70,0";"9,4";"9,7";"9,1";"1004,9";"1005,1";"1004,7";"1,3";"267,0";"1,9";"";"0,0"
"01/11/2025";"0300";"15,1";"15,4";"14,9";"70,0";"71,0";"70,0";"9,2";"9,5";"9,0";"1004,8";"1005,0";"1004,6";"0,7";"318,0";"1,2";"";"0,0"
"01/11/2025";"0400";"15,6";"15,7";"15,4";"70,0";"71,0";"70,0";"9,7";"9,9";"9,5";"1004,3";"1004,5";"1004,1";"0,5";"224,0";"0,7";"";"0,0"
"01/11/2025";"0500";"15,7";"15,8";"15,7";"71,0";"71,0";"70,0";"9,8";"9,9";"9,8";"1003,8";"1004,0";"1003,6";"0,5";"258,0";"0,8";"";"0,0"
"01/11/2025";"0600";"15,8";"15,8";"15,7";"71,0";"71,0";"71,0";"9,9";"10,0";"9,8";"1003,5";"1003,6";"1003,3";"0,9";"231,0";"1,2";"";"0,0"
"01/11/2025";"0700";"15,9";"15,9";"15,8";"71,0";"71,0";"71,0";"10,0";"10,1";"9,9";"1003,5";"1003,6";"1003,4";"0,9";"291,0";"1,1";"";"0,0"
"01/11/2025";"0800";"16,0";"16,0";"15,9";"71,0";"71,0";"71,0";"10,1";"10,2";"10,1";"1003,9";"1004,3";"1003,6";"1,4";"277,0";"2,1";"";"0,0"
"01/11/2025";"0900";"16,0";"16,0";"16,0";"71,0";"71,0";"71,0";"10,1";"10,2";"10,1";"1004,6";"1004,9";"1004,3";"0,7";"264,0";"1,2";"18,00";"0,0"
"01/11/2025";"1000";"16,4";"16,7";"16,0";"71,0";"71,0";"71,0";"10,5";"10,9";"10,1";"1005,4";"1005,6";"1005,0";"1,6";"272,0";"2,4";"254,20";"0,0"
"01/11/2025";"1100";"17,1";"17,7";"16,8";"71,0";"71,0";"70,0";"11,2";"11,8";"10,9";"1005,7";"1005,8";"1005,6";"1,9";"236,0";"3,4";"658,80";"0,0"
"01/11/2025";"1200";"18,5";"20,0";"17,7";"71,0";"71,0";"70,0";"12,6";"14,0";"11,9";"1005,6";"1005,6";"1005,5";"2,3";"214,0";"4,4";"1357,30";"0,0"
"01/11/2025";"1300";"20,7";"21,7";"19,9";"71,0";"71,0";"70,0";"14,9";"15,8";"14,0";"1005,1";"1005,5";"1004,5";"1,0";"235,0";"2,7";"2939,20";"0,0"
"01/11/2025";"1400";"23,2";"24,6";"21,8";"71,0";"71,0";"70,0";"17,3";"18,7";"15,9";"1004,2";"1004,5";"1003,9";"2,1";"148,0";"4,4";"3442,60";"0,0"
"01/11/2025";"1500";"25,4";"26,1";"24,7";"71,0";"71,0";"71,0";"19,6";"20,3";"18,9";"1003,5";"1003,9";"1003,1";"1,7";"202,0";"4,5";"3739,20";"0,0"
"01/11/2025";"1600";"26,6";"27,3";"26,0";"71,0";"71,0";"71,0";"20,9";"21,5";"20,2";"1002,5";"1003,1";"1001,9";"2,6";"207,0";"4,1";"3808,70";"0,0"
"01/11/2025";"1700";"27,8";"28,5";"27,3";"71,0";"71,0";"71,0";"22,0";"22,7";"21,5";"1001,4";"1001,9";"1001,1";"1,7";"231,0";"3,0";"3588,60";"0,0"
"01/11/2025";"1800";"28,5";"29,2";"28,0";"71,0";"71,0";"71,0";"22,8";"23,4";"22,3";"1000,4";"1001,1";"999,8";"2,1";"160,0";"4,5";"3004,20";"0,0"
"01/11/2025";"1900";"28,3";"28,6";"27,9";"71,0";"71,0";"71,0";"22,5";"22,8";"22,2";"999,7";"999,9";"999,6";"1,9";"183,0";"4,2";"1971,30";"0,0"
"01/11/2025";"2000";"27,3";"28,1";"26,8";"71,0";"71,0";"71,0";"21,6";"22,3";"21,0";"999,9";"1000,0";"999,7";"1,1";"201,0";"2,1";"891,30";"0,0"
"01/11/2025";"2100";"26,0";"26,7";"25,4";"71,0";"72,0";"71,0";"20,3";"21,0";"19,7";"1000,2";"1000,4";"999,9";"1,0";"93,0";"2,1";"272,70";"0,0"
"01/11/2025";"2200";"24,4";"25,3";"23,9";"72,0";"72,0";"72,0";"18,8";"19,6";"18,2";"1000,6";"1000,8";"1000,3";"1,4";"111,0";"2,0";"31,60";"0,0"
"01/11/2025";"2300";"22,7";"23,9";"22,1";"72,0";"72,0";"71,0";"17,0";"18,2";"16,3";"1000,6";"1000,8";"1000,4";"0,9";"67,0";"1,5";"";"0,0"
"02/11/2025";"0000";"21,6";"22,0";"21,0";"71,0";"71,0";"71,0";"15,9";"16,3";"15,3";"1001,1";"1001,4";"1000,8";"2,0";"72,0";"3,1";"";"0,0"
"02/11/2025";"0100";"20,8";"21,0";"20,7";"71,0";"71,0";"71,0";"15,1";"15,3";"14,9";"1001,2";"1002,0";"1000,8";"1,4";"164,0";"1,9";"";"0,0"
"02/11/2025";"0200";"21,1";"21,5";"20,7";"71,0";"72,0";"71,0";"15,4";"15,8";"15,0";"1002,6";"1002,9";"1002,0";"0,9";"106,0";"1,4";"";"0,0"
"02/11/2025";"0300";"20,5";"20,9";"20,1";"72,0";"72,0";"71,0";"14,8";"15,2";"14,4";"1002,4";"1002,8";"1002,1";"1,3";"93,0";"2,0";"";"0,0"
"02/11/2025";"0400";"19,7";"20,1";"19,4";"71,0";"72,0";"71,0";"14,0";"14,4";"13,7";"1002,1";"1002,3";"1001,8";"1,4";"160,0";"2,2";"";"0,0"
"02/11/2025";"0500";"19,4";"19,6";"19,3";"71,0";"71,0";"71,0";"13,7";"13,9";"13,5";"1002,2";"1002,3";"1001,9";"1,5";"292,0";"2,1";"";"0,0"
"02/11/2025";"0600";"19,0";"19,4";"18,8";"71,0";"71,0";"71,0";"13,3";"13,6";"13,1";"1001,7";"1002,1";"1001,5";"1,8";"266,0";"2,8";"";"0,0"
"02/11/2025";"0700";"19,1";"19,2";"18,9";"71,0";"72,0";"71,0";"13,4";"13,5";"13,2";"1001,9";"1002,2";"1001,7";"0,9";"147,0";"1,8";"";"0,0"
"02/11/2025";"0800";"19,1";"19,3";"18,7";"72,0";"72,0";"71,0";"13,4";"13,6";"13,0";"1001,6";"1002,0";"1001,2";"1,1";"136,0";"1,7";"";"0,0"
"02/11/2025";"0900";"18,7";"18,8";"18,7";"72,0";"72,0";"72,0";"13,0";"13,1";"13,0";"1001,6";"1002,2";"1001,3";"1,1";"292,0";"1,8";"8,40";"0,0"
"02/11/2025";"1000";"19,1";"19,4";"18,8";"72,0";"72,0";"72,0";"13,4";"13,7";"13,2";"1002,8";"1003,4";"1002,0";"1,4";"276,0";"2,0";"134,00";"0,0"
"02/11/2025";"1100";"19,9";"20,3";"19,5";"72,0";"72,0";"71,0";"14,2";"14,6";"13,8";"1003,3";"1003,4";"1003,1";"1,8";"103,0";"2,6";"524,30";"0,0"
"02/11/2025";"1200";"22,3";"23,9";"20,3";"71,0";"72,0";"71,0";"16,5";"18,1";"14,6";"1003,0";"1003,2";"1002,8";"3,4";"62,0";"5,5";"2115,70";"0,0"
"02/11/2025";"1300";"23,8";"24,3";"23,4";"71,0";"71,0";"71,0";"18,0";"18,5";"17,6";"1002,6";"1002,8";"1002,4";"3,1";"88,0";"5,4";"2191,90";"0,0"
"02/11/2025";"1400";"25,0";"25,9";"23,6";"71,0";"72,0";"71,0";"19,2";"20,2";"17,8";"1002,0";"1002,4";"1001,6";"2,6";"95,0";"5,5";"3275,00";"0,0"
"02/11/2025";"1500";"26,3";"26,8";"25,7";"71,0";"72,0";"71,0";"20,6";"21,1";"19,9";"1001,3";"1001,6";"1001,1";"3,8";"111,0";"6,0";"3647,20";"0,0"
"02/11/2025";"1600";"27,0";"27,8";"26,5";"71,0";"72,0";"71,0";"21,3";"22,0";"20,8";"1000,7";"1001,0";"1000,3";"4,0";"100,0";"7,0";"3732,90";"0,0"
"02/11/2025";"1700";"27,2";"27,6";"26,9";"71,0";"72,0";"71,0";"21,5";"21,9";"21,2";"1000,0";"1000,4";"999,7";"2,7";"92,0";"5,9";"3012,10";"0,0"
"02/11/2025";"1800";"26,9";"27,8";"26,3";"71,0";"72,0";"71,0";"21,2";"22,0";"20,6";"999,3";"999,7";"998,9";"5,3";"107,0";"7,7";"2311,20";"0,0"
"02/11/2025";"1900";"26,5";"27,7";"25,7";"72,0";"72,0";"71,0";"20,9";"22,0";"20,0";"998,7";"998,9";"998,6";"4,7";"107,0";"7,0";"1719,50";"0,0"
"02/11/2025";"2000";"25,3";"25,6";"25,0";"72,0";"72,0";"72,0";"19,7";"20,0";"19,3";"998,6";"998,7";"998,5";"5,1";"110,0";"7,8";"831,90";"0,0"
"02/11/2025";"2100";"24,2";"25,0";"23,6";"72,0";"72,0";"72,0";"18,5";"19,3";"17,9";"998,9";"999,2";"998,6";"3,9";"107,0";"6,4";"417,80";"0,0"
"02/11/2025";"2200";"23,0";"23,6";"22,2";"72,0";"72,0";"71,0";"17,3";"17,9";"16,5";"999,4";"999,9";"999,1";"4,3";"119,0";"6,4";"126,80";"0,0"
"02/11/2025";"2300";"21,7";"22,2";"21,3";"72,0";"72,0";"72,0";"16,0";"16,5";"15,6";"1000,6";"1001,1";"999,9";"4,4";"104,0";"7,2";"";"0,0"
"03/11/2025";"0000";"20,8";"21,3";"20,4";"71,0";"72,0";"71,0";"15,1";"15,6";"14,7";"1001,6";"1002,1";"1001,1";"3,9";"102,0";"6,7";"";"0,0"
"03/11/2025";"0100";"20,0";"20,4";"19,5";"71,0";"71,0";"71,0";"14,3";"14,6";"13,8";"1001,9";"1002,1";"1001,7";"2,0";"75,0";"5,5";"";"0,0"
"03/11/2025";"0200";"19,1";"19,6";"18,5";"71,0";"71,0";"71,0";"13,4";"13,9";"12,8";"1002,1";"1002,3";"1001,9";"1,2";"80,0";"2,4";"";"0,0"
"03/11/2025";"0300";"18,3";"18,6";"17,9";"71,0";"71,0";"71,0";"12,6";"12,9";"12,2";"1001,6";"1002,0";"1001,0";"1,2";"61,0";"2,0";"";"0,0"
"03/11/2025";"0400";"17,5";"17,9";"17,3";"71,0";"71,0";"71,0";"11,8";"12,2";"11,6";"1001,3";"1001,5";"1000,9";"1,2";"139,0";"1,7";"";"0,0"
"03/11/2025";"0500";"17,2";"17,5";"17,1";"71,0";"71,0";"71,0";"11,5";"11,8";"11,3";"1001,0";"1001,4";"1000,8";"0,8";"44,0";"2,0";"";"0,0"
"03/11/2025";"0600";"17,7";"18,0";"17,4";"71,0";"72,0";"71,0";"12,0";"12,3";"11,7";"1000,4";"1000,8";"1000,2";"1,8";"97,0";"2,9";"";"0,0"
"03/11/2025";"0700";"18,2";"18,3";"18,0";"72,0";"72,0";"71,0";"12,5";"12,6";"12,3";"1000,5";"1000,8";"1000,2";"1,6";"125,0";"2,5";"";"0,0"
"03/11/2025";"0800";"18,0";"18,3";"17,9";"72,0";"72,0";"72,0";"12,3";"12,6";"12,2";"1000,8";"1001,2";"1000,6";"1,6";"67,0";"3,2";"0,30";"0,6"
"03/11/2025";"0900";"17,8";"17,9";"17,8";"72,0";"72,0";"72,0";"12,1";"12,2";"12,1";"1001,4";"1001,7";"1000,8";"3,0";"52,0";"5,7";"1,30";"0,6"
"03/11/2025";"1000";"17,8";"17,9";"17,7";"72,0";"72,0";"72,0";"12,1";"12,2";"12,1";"1001,8";"1002,2";"1001,2";"2,6";"78,0";"4,8";"11,20";"10,6"
"03/11/2025";"1100";"17,7";"17,9";"17,7";"72,0";"72,0";"72,0";"12,1";"12,3";"12,1";"1002,4";"1003,1";"1001,9";"1,1";"261,0";"1,5";"65,80";"1,0"
"03/11/2025";"1200";"18,0";"18,2";"17,9";"72,0";"72,0";"72,0";"12,4";"12,6";"12,3";"1003,3";"1003,5";"1003,1";"0,6";"286,0";"1,0";"144,70";"0,8"
"03/11/2025";"1300";"18,7";"19,5";"18,2";"72,0";"72,0";"72,0";"13,0";"13,9";"12,6";"1003,1";"1003,4";"1003,0";"1,4";"198,0";"2,2";"709,30";"0,2"
"03/11/2025";"1400";"20,3";"21,8";"19,5";"72,0";"72,0";"71,0";"14,7";"16,1";"13,8";"1003,0";"1003,3";"1002,7";"1,4";"242,0";"2,9";"2233,20";"0,0"
"03/11/2025";"1500";"21,4";"22,0";"20,9";"72,0";"72,0";"71,0";"15,7";"16,4";"15,3";"1002,5";"1002,7";"1002,3";"1,1";"229,0";"2,1";"1464,00";"0,0"
"03/11/2025";"1600";"22,8";"23,6";"22,0";"72,0";"72,0";"71,0";"17,1";"17,9";"16,4";"1002,0";"1002,3";"1001,6";"1,8";"184,0";"3,0";"2269,00";"0,0"
"03/11/2025";"1700";"23,6";"24,5";"22,9";"72,0";"72,0";"71,0";"17,9";"18,8";"17,3";"1001,4";"1001,6";"1001,0";"2,1";"169,0";"4,6";"1886,60";"0,0"
"03/11/2025";"1800";"24,3";"24,9";"23,7";"72,0";"72,0";"72,0";"18,7";"19,3";"18,2";"1000,7";"1001,0";"1000,5";"3,5";"110,0";"5,8";"1733,00";"0,0"
"03/11/2025";"1900";"24,9";"25,4";"24,2";"72,0";"72,0";"72,0";"19,3";"19,8";"18,6";"1000,3";"1000,6";"999,8";"2,8";"92,0";"5,5";"2241,00";"0,0"
"03/11/2025";"2000";"24,3";"25,4";"23,4";"72,0";"73,0";"72,0";"18,7";"19,7";"17,9";"1000,0";"1000,2";"999,8";"4,1";"110,0";"6,3";"1077,40";"0,0"
"03/11/2025";"2100";"23,7";"24,2";"23,3";"72,0";"72,0";"72,0";"18,1";"18,5";"17,7";"1000,3";"1000,4";"1000,2";"3,6";"108,0";"6,0";"810,50";"0,0"
"03/11/2025";"2200";"22,2";"23,3";"21,0";"72,0";"73,0";"72,0";"16,6";"17,7";"15,5";"1000,9";"1001,1";"1000,5";"1,9";"81,0";"4,3";"144,70";"0,0"
"03/11/2025";"2300";"20,3";"20,9";"20,0";"73,0";"73,0";"73,0";"14,8";"15,4";"14,5";"1001,4";"1001,8";"1001,0";"2,2";"98,0";"3,4";"";"0,0"
"04/11/2025";"0000";"20,2";"20,4";"20,0";"73,0";"73,0";"73,0";"14,7";"15,0";"14,5";"1002,1";"1002,4";"1001,8";"2,2";"94,0";"3,7";"";"0,0"
"04/11/2025";"0100";"20,7";"20,9";"20,4";"73,0";"73,0";"73,0";"15,2";"15,4";"15,0";"1002,5";"1002,7";"1002,4";"3,1";"97,0";"5,5";"";"0,0"
"04/11/2025";"0200";"20,2";"20,4";"19,9";"73,0";"73,0";"73,0";"14,7";"15,0";"14,4";"1002,7";"1002,9";"1002,6";"2,6";"83,0";"4,6";"";"0,0"
"04/11/2025";"0300";"19,6";"20,0";"19,2";"73,0";"73,0";"72,0";"14,1";"14,5";"13,7";"1002,8";"1003,1";"1002,6";"2,7";"65,0";"3,8";"";"0,0"
"04/11/2025";"0400";"19,0";"19,1";"18,8";"72,0";"73,0";"72,0";"13,5";"13,6";"13,3";"1002,2";"1002,7";"1001,7";"1,9";"78,0";"4,4";"";"0,0"
"04/11/2025";"0500";"18,3";"18,8";"17,9";"73,0";"73,0";"72,0";"12,8";"13,3";"12,4";"1001,8";"1001,9";"1001,7";"1,2";"85,0";"2,7";"";"0,0"
"04/11/2025";"0600";"17,2";"17,9";"16,7";"73,0";"73,0";"72,0";"11,8";"12,4";"11,2";"1001,4";"1001,8";"1000,9";"1,0";"67,0";"2,0";"";"0,0"
"04/11/2025";"0700";"16,5";"16,7";"16,2";"73,0";"73,0";"72,0";"11,0";"11,2";"10,7";"1000,7";"1000,9";"1000,5";"1,2";"275,0";"1,5";"";"0,0"
"04/11/2025";"0800";"16,2";"16,3";"16,2";"73,0";"73,0";"73,0";"10,7";"10,8";"10,7";"1001,1";"1001,3";"1000,8";"0,7";"280,0";"1,2";"";"0,0"
"04/11/2025";"0900";"15,8";"16,2";"15,6";"73,0";"73,0";"72,0";"10,3";"10,7";"10,1";"1001,4";"1001,7";"1001,2";"0,4";"37,0";"0,7";"32,40";"0,0"
"04/11/2025";"1000";"16,6";"17,7";"15,9";"72,0";"73,0";"72,0";"11,0";"12,1";"10,4";"1002,0";"1002,2";"1001,6";"0,7";"188,0";"1,1";"554,30";"0,0"
"04/11/2025";"1100";"17,9";"18,1";"17,7";"72,0";"73,0";"72,0";"12,4";"12,6";"12,2";"1002,5";"1002,8";"1002,2";"2,3";"225,0";"3,1";"609,80";"0,0"
"04/11/2025";"1200";"18,8";"19,8";"18,1";"72,0";"73,0";"72,0";"13,3";"14,2";"12,6";"1002,7";"1003,1";"1002,2";"1,0";"240,0";"1,9";"1103,00";"0,0"
"04/11/2025";"1300";"21,3";"22,6";"19,5";"72,0";"72,0";"72,0";"15,8";"17,1";"14,0";"1001,8";"1002,2";"1001,3";"1,6";"193,0";"2,8";"2790,70";"0,0"
"04/11/2025";"1400";"24,2";"25,3";"22,7";"72,0";"73,0";"72,0";"18,6";"19,8";"17,2";"1000,9";"1001,3";"1000,6";"1,6";"166,0";"3,4";"3432,80";"0,0"
"04/11/2025";"1500";"26,4";"27,5";"25,2";"73,0";"73,0";"72,0";"21,0";"22,1";"19,7";"999,9";"1000,5";"999,4";"2,1";"212,0";"3,2";"3733,20";"0,0"
"04/11/2025";"1600";"28,6";"29,4";"27,5";"73,0";"73,0";"73,0";"23,2";"24,1";"22,1";"999,0";"999,4";"998,5";"2,0";"195,0";"3,0";"3758,00";"0,0"
"04/11/2025";"1700";"30,3";"30,8";"29,4";"73,0";"74,0";"73,0";"24,9";"25,5";"24,1";"997,9";"998,5";"997,2";"2,5";"188,0";"4,9";"3541,50";"0,0"
"04/11/2025";"1800";"31,2";"31,8";"30,7";"73,0";"74,0";"73,0";"25,8";"26,4";"25,4";"996,6";"997,2";"996,1";"1,3";"126,0";"3,1";"3074,90";"0,0"
"04/11/2025";"1900";"31,4";"31,8";"31,2";"73,0";"74,0";"73,0";"26,1";"26,4";"25,8";"995,6";"996,1";"995,4";"2,7";"153,0";"4,9";"2398,90";"0,0"
"04/11/2025";"2000";"31,0";"31,4";"30,5";"73,0";"73,0";"73,0";"25,6";"26,0";"25,1";"995,3";"995,4";"995,2";"2,9";"95,0";"5,0";"1598,60";"0,0"
"04/11/2025";"2100";"29,7";"30,6";"28,9";"73,0";"73,0";"73,0";"24,3";"25,1";"23,5";"995,6";"996,1";"995,4";"3,2";"104,0";"5,3";"775,40";"0,0"
"04/11/2025";"2200";"27,7";"28,9";"26,7";"73,0";"73,0";"73,0";"22,4";"23,5";"21,3";"996,7";"997,2";"996,1";"2,8";"106,0";"4,4";"97,30";"0,0"
"04/11/2025";"2300";"25,7";"26,7";"24,9";"73,0";"74,0";"73,0";"20,4";"21,4";"19,6";"997,7";"998,2";"997,2";"1,7";"89,0";"2,6";"";"0,0"
"05/11/2025";"0000";"24,5";"25,1";"23,7";"73,0";"73,0";"73,0";"19,2";"19,7";"18,3";"998,7";"999,3";"998,2";"1,2";"26,0";"2,2";"";"0,0"
"05/11/2025";"0100";"23,3";"23,7";"22,5";"73,0";"73,0";"73,0";"18,0";"18,3";"17,2";"999,4";"999,5";"999,2";"1,5";"75,0";"2,1";"";"0,0"
"05/11/2025";"0200";"22,3";"22,4";"21,9";"73,0";"73,0";"73,0";"17,0";"17,1";"16,5";"999,1";"999,4";"998,8";"0,9";"176,0";"1,8";"";"0,0"
"05/11/2025";"0300";"21,6";"22,1";"21,3";"73,0";"73,0";"73,0";"16,3";"16,7";"16,0";"998,8";"999,0";"998,6";"0,6";"225,0";"0,9";"";"0,0"
"05/11/2025";"0400";"21,0";"21,5";"20,6";"73,0";"73,0";"73,0";"15,6";"16,2";"15,2";"998,7";"999,1";"998,2";"1,3";"46,0";"1,6";"";"0,0"
"05/11/2025";"0500";"20,5";"20,6";"20,4";"73,0";"73,0";"73,0";"15,2";"15,3";"15,1";"998,0";"998,2";"997,8";"0,6";"179,0";"1,0";"";"0,0"
"05/11/2025";"0600";"20,2";"20,4";"19,9";"73,0";"73,0";"73,0";"14,9";"15,1";"14,6";"998,0";"998,3";"997,7";"0,7";"183,0";"1,0";"";"0,0"
"05/11/2025";"0700";"19,8";"20,1";"19,5";"73,0";"73,0";"73,0";"14,4";"14,8";"14,1";"998,6";"998,8";"998,2";"1,1";"88,0";"1,9";"";"0,0"
"05/11/2025";"0800";"19,8";"20,4";"19,4";"73,0";"73,0";"73,0";"14,4";"15,1";"14,0";"999,2";"999,6";"998,8";"1,2";"298,0";"1,9";"";"0,0"
"05/11/2025";"0900";"20,7";"21,4";"20,2";"73,0";"74,0";"73,0";"15,4";"16,1";"14,8";"999,3";"999,8";"999,1";"1,2";"217,0";"1,9";"30,50";"0,0"
"05/11/2025";"1000";"21,9";"23,0";"20,9";"73,0";"74,0";"73,0";"16,6";"17,7";"15,6";"1000,2";"1000,6";"999,8";"2,6";"264,0";"5,0";"467,50";"0,0"
"05/11/2025";"1100";"23,5";"24,2";"23,0";"73,0";"73,0";"73,0";"18,1";"18,8";"17,7";"1000,6";"1000,9";"1000,3";"3,0";"275,0";"4,7";"1055,90";"0,0"
"05/11/2025";"1200";"25,1";"25,5";"24,3";"73,0";"73,0";"73,0";"19,7";"20,1";"18,9";"1000,6";"1001,0";"1000,4";"4,9";"225,0";"7,6";"2146,70";"0,0"
"05/11/2025";"1300";"25,7";"26,0";"25,5";"73,0";"73,0";"73,0";"20,3";"20,6";"20,1";"1001,5";"1002,3";"1001,0";"6,0";"204,0";"9,1";"2963,40";"0,0"
"05/11/2025";"1400";"25,7";"26,1";"25,0";"73,0";"73,0";"72,0";"20,3";"20,7";"19,6";"1002,7";"1003,1";"1002,2";"6,7";"211,0";"9,8";"3150,00";"0,0"
"05/11/2025";"1500";"25,9";"26,2";"25,7";"73,0";"73,0";"73,0";"20,4";"20,7";"20,2";"1003,2";"1003,6";"1002,9";"7,9";"199,0";"11,6";"3970,80";"0,0"
"05/11/2025";"1600";"25,4";"25,8";"24,7";"73,0";"73,0";"72,0";"19,9";"20,4";"19,3";"1003,9";"1004,1";"1003,4";"6,4";"196,0";"10,5";"3214,10";"0,0"
"05/11/2025";"1700";"25,7";"26,0";"25,5";"72,0";"73,0";"72,0";"20,2";"20,4";"20,0";"1004,1";"1004,2";"1003,9";"5,9";"189,0";"10,2";"3697,40";"0,0"
"05/11/2025";"1800";"26,0";"26,5";"25,6";"72,0";"73,0";"72,0";"20,4";"20,9";"20,1";"1003,8";"1004,1";"1003,6";"4,1";"220,0";"7,5";"3193,60";"0,0"
"05/11/2025";"1900";"24,8";"26,4";"22,8";"73,0";"73,0";"72,0";"19,3";"20,8";"17,4";"1003,8";"1004,5";"1003,4";"5,4";"120,0";"9,1";"1176,60";"0,0"
"05/11/2025";"2000";"22,7";"23,0";"22,1";"72,0";"73,0";"72,0";"17,1";"17,5";"16,6";"1004,9";"1005,3";"1004,4";"3,7";"102,0";"7,7";"545,30";"0,0"
"05/11/2025";"2100";"21,9";"22,1";"21,3";"72,0";"72,0";"72,0";"16,4";"16,6";"15,8";"1005,7";"1006,1";"1005,3";"4,6";"101,0";"8,5";"337,30";"0,0"
"05/11/2025";"2200";"20,8";"21,3";"20,2";"72,0";"72,0";"72,0";"15,2";"15,8";"14,7";"1006,5";"1006,8";"1006,0";"2,4";"88,0";"3,5";"46,30";"0,0"
"05/11/2025";"2300";"19,9";"20,2";"19,5";"72,0";"72,0";"72,0";"14,3";"14,7";"13,9";"1007,1";"1007,5";"1006,7";"2,0";"96,0";"4,2";"";"0,0"
"06/11/2025";"0000";"19,3";"19,5";"18,8";"72,0";"72,0";"72,0";"13,8";"13,9";"13,2";"1008,1";"1008,6";"1007,5";"3,8";"85,0";"6,5";"";"0,0"
"06/11/2025";"0100";"18,3";"18,8";"17,9";"72,0";"72,0";"72,0";"12,6";"13,1";"12,3";"1009,0";"1009,4";"1008,7";"2,7";"91,0";"5,6";"";"0,0"
"06/11/2025";"0200";"17,0";"17,9";"16,0";"72,0";"72,0";"72,0";"11,3";"12,3";"10,3";"1009,6";"1009,9";"1009,4";"1,8";"87,0";"3,7";"";"0,0"
"06/11/2025";"0300";"15,6";"16,1";"15,2";"72,0";"72,0";"72,0";"9,9";"10,5";"9,5";"1009,9";"1010,0";"1009,8";"2,2";"91,0";"4,4";"";"0,0"
"06/11/2025";"0400";"14,4";"15,2";"13,9";"72,0";"72,0";"72,0";"8,8";"9,5";"8,3";"1009,9";"1010,0";"1009,7";"0,6";"90,0";"1,6";"";"0,0"
"06/11/2025";"0500";"13,9";"14,0";"13,7";"72,0";"72,0";"72,0";"8,2";"8,4";"8,1";"1009,6";"1009,8";"1009,6";"1,0";"335,0";"1,4";"";"0,0"
"06/11/2025";"0600";"13,4";"13,8";"12,9";"72,0";"72,0";"72,0";"7,8";"8,2";"7,2";"1009,6";"1009,7";"1009,5";"0,8";"300,0";"1,4";"";"0,0"
"06/11/2025";"0700";"12,4";"12,9";"12,1";"72,0";"72,0";"72,0";"6,8";"7,2";"6,4";"1009,6";"1009,8";"1009,5";"0,4";"284,0";"0,7";"";"0,0"
"06/11/2025";"0800";"11,6";"12,1";"11,2";"72,0";"72,0";"71,0";"5,9";"6,4";"5,5";"1009,9";"1010,0";"1009,7";"1,2";"60,0";"1,7";"";"0,0"
"06/11/2025";"0900";"10,9";"11,2";"10,7";"71,0";"72,0";"71,0";"5,2";"5,5";"5,0";"1009,9";"1010,0";"1009,8";"1,7";"69,0";"2,6";"40,40";"0,0"
"06/11/2025";"1000";"12,7";"14,4";"11,2";"71,0";"71,0";"71,0";"6,9";"8,6";"5,4";"1010,2";"1010,4";"1010,0";"0,4";"93,0";"1,0";"592,10";"0,0"
"06/11/2025";"1100";"15,6";"16,8";"14,5";"71,0";"71,0";"71,0";"9,9";"11,0";"8,7";"1010,4";"1010,5";"1010,3";"2,5";"92,0";"3,9";"1390,80";"0,0"
"06/11/2025";"1200";"17,6";"18,6";"16,8";"71,0";"71,0";"71,0";"11,8";"12,8";"11,0";"1010,2";"1010,4";"1010,1";"2,2";"58,0";"4,3";"2030,60";"0,0"
"06/11/2025";"1300";"18,4";"18,9";"17,7";"71,0";"71,0";"71,0";"12,6";"13,1";"12,0";"1010,0";"1010,2";"1009,7";"0,8";"174,0";"3,0";"1803,60";"0,0"
"06/11/2025";"1400";"20,4";"21,5";"18,5";"71,0";"71,0";"71,0";"14,6";"15,8";"12,7";"1009,4";"1009,8";"1008,8";"3,9";"101,0";"7,0";"3258,20";"0,0"
"06/11/2025";"1500";"21,9";"22,3";"21,4";"71,0";"71,0";"71,0";"16,1";"16,5";"15,7";"1008,2";"1008,8";"1007,7";"4,2";"69,0";"6,9";"3813,70";"0,0"
"06/11/2025";"1600";"22,5";"23,1";"22,1";"71,0";"72,0";"71,0";"16,8";"17,3";"16,4";"1007,2";"1007,7";"1006,7";"5,0";"76,0";"7,6";"3934,10";"0,0"
"06/11/2025";"1700";"23,2";"23,8";"22,8";"71,0";"71,0";"71,0";"17,5";"18,0";"17,1";"1006,2";"1006,7";"1005,8";"4,4";"113,0";"7,2";"3735,90";"0,0"
"06/11/2025";"1800";"23,9";"24,4";"23,3";"71,0";"71,0";"71,0";"18,1";"18,5";"17,5";"1005,2";"1005,8";"1004,5";"3,4";"91,0";"6,8";"3240,80";"0,0"
"06/11/2025";"1900";"24,0";"24,3";"23,6";"71,0";"71,0";"71,0";"18,2";"18,4";"17,8";"1003,9";"1004,5";"1003,6";"3,2";"83,0";"6,8";"2569,50";"0,0"
"06/11/2025";"2000";"23,7";"24,2";"23,0";"71,0";"71,0";"70,0";"17,8";"18,4";"17,2";"1003,1";"1003,5";"1002,7";"5,2";"103,0";"8,1";"1763,90";"0,0"
"06/11/2025";"2100";"22,5";"23,2";"21,7";"71,0";"71,0";"70,0";"16,6";"17,3";"15,9";"1002,7";"1002,8";"1002,6";"4,2";"95,0";"8,3";"896,20";"0,0"
"06/11/2025";"2200";"20,2";"21,7";"18,4";"71,0";"71,0";"70,0";"14,4";"15,8";"12,6";"1003,0";"1003,6";"1002,7";"2,0";"93,0";"4,6";"164,80";"0,0"
"06/11/2025";"2300";"17,8";"18,4";"17,3";"71,0";"71,0";"71,0";"12,0";"12,6";"11,5";"1004,0";"1004,2";"1003,6";"3,0";"94,0";"5,2";"";"0,0"
"07/11/2025";"0000";"16,9";"17,4";"16,6";"71,0";"71,0";"71,0";"11,1";"11,6";"10,8";"1004,8";"1005,3";"1004,2";"2,5";"94,0";"4,0";"";"0,0"
"07/11/2025";"0100";"16,4";"16,6";"16,1";"71,0";"71,0";"71,0";"10,6";"10,8";"10,3";"1005,1";"1005,4";"1004,8";"3,2";"80,0";"5,4";"";"0,0"
"07/11/2025";"0200";"15,2";"16,1";"14,7";"71,0";"71,0";"71,0";"9,5";"10,3";"8,9";"1004,8";"1004,9";"1004,5";"2,5";"70,0";"3,7";"";"0,0"
"07/11/2025";"0300";"15,0";"15,2";"14,7";"71,0";"71,0";"71,0";"9,2";"9,4";"8,9";"1004,1";"1004,5";"1003,9";"1,9";"74,0";"3,7";"";"0,0"
"07/11/2025";"0400";"15,1";"15,2";"14,9";"71,0";"71,0";"71,0";"9,3";"9,4";"9,1";"1003,5";"1004,1";"1003,2";"1,8";"146,0";"2,8";"";"0,0"
"07/11/2025";"0500";"14,7";"15,0";"14,5";"71,0";"71,0";"71,0";"8,9";"9,2";"8,7";"1003,1";"1003,4";"1002,7";"1,1";"85,0";"2,0";"";"0,0"
"07/11/2025";"0600";"14,5";"14,5";"14,3";"71,0";"71,0";"71,0";"8,7";"8,7";"8,5";"1002,6";"1002,8";"1002,4";"1,2";"66,0";"2,9";"";"0,0"
"07/11/2025";"0700";"14,5";"14,8";"14,3";"71,0";"71,0";"71,0";"8,7";"9,0";"8,5";"1002,5";"1002,8";"1002,2";"2,8";"76,0";"4,6";"";"0,0"
"07/11/2025";"0800";"14,6";"14,6";"14,4";"71,0";"71,0";"71,0";"8,8";"8,8";"8,6";"1002,7";"1003,6";"1002,2";"1,3";"260,0";"2,7";"";"0,0"
"07/11/2025";"0900";"14,3";"14,4";"14,0";"71,0";"71,0";"71,0";"8,5";"8,6";"8,2";"1003,4";"1004,0";"1003,1";"1,2";"159,0";"1,6";"5,50";"0,0"
"07/11/2025";"1000";"14,2";"14,4";"14,0";"71,0";"71,0";"71,0";"8,4";"8,6";"8,2";"1003,0";"1003,4";"1002,0";"1,2";"85,0";"3,8";"54,40";"0,0"
"07/11/2025";"1100";"14,5";"14,6";"14,2";"71,0";"71,0";"71,0";"8,7";"8,8";"8,4";"1002,5";"1002,8";"1002,1";"0,8";"159,0";"2,1";"143,20";"0,0"
"07/11/2025";"1200";"14,9";"15,2";"14,6";"71,0";"71,0";"71,0";"9,1";"9,4";"8,9";"1002,1";"1002,7";"1001,6";"3,9";"50,0";"5,7";"287,70";"0,2"
"07/11/2025";"1300";"15,2";"15,4";"15,0";"71,0";"71,0";"71,0";"9,5";"9,7";"9,3";"1000,6";"1001,7";"999,6";"1,6";"105,0";"3,4";"317,70";"1,0"
"07/11/2025";"1400";"14,5";"15,0";"14,2";"71,0";"72,0";"71,0";"8,8";"9,3";"8,5";"999,9";"1000,6";"998,6";"2,4";"100,0";"5,3";"118,60";"5,0"
"07/11/2025";"1500";"14,2";"14,3";"14,1";"71,0";"72,0";"71,0";"8,5";"8,6";"8,4";"998,2";"999,4";"997,2";"3,2";"105,0";"5,3";"104,90";"5,0"
"07/11/2025";"1600";"14,2";"14,2";"14,1";"71,0";"72,0";"71,0";"8,4";"8,5";"8,4";"997,6";"998,4";"996,6";"3,3";"113,0";"5,5";"66,60";"4,8"
"07/11/2025";"1700";"14,3";"14,6";"14,1";"72,0";"72,0";"72,0";"8,6";"8,9";"8,4";"996,9";"997,6";"996,2";"2,8";"114,0";"5,1";"95,70";"10,2"
"07/11/2025";"1800";"14,7";"14,9";"14,6";"72,0";"72,0";"72,0";"9,0";"9,2";"8,9";"994,5";"996,1";"993,0";"3,6";"52,0";"5,6";"177,50";"5,6"
"07/11/2025";"1900";"14,9";"15,0";"14,8";"72,0";"72,0";"72,0";"9,3";"9,4";"9,1";"993,6";"995,1";"992,3";"1,2";"89,0";"2,4";"143,00";"7,8"
"07/11/2025";"2000";"15,2";"15,2";"15,0";"72,0";"72,0";"72,0";"9,6";"9,6";"9,4";"992,4";"993,1";"991,0";"0,9";"127,0";"1,7";"184,00";"2,2"
"07/11/2025";"2100";"15,3";"15,4";"15,1";"72,0";"72,0";"72,0";"9,7";"9,8";"9,6";"991,2";"991,9";"989,6";"1,6";"295,0";"3,4";"95,70";"0,4"
"07/11/2025";"2200";"15,4";"15,5";"15,2";"72,0";"72,0";"72,0";"9,8";"9,9";"9,7";"991,0";"991,7";"990,4";"1,9";"189,0";"3,2";"67,50";"0,2"
"07/11/2025";"2300";"15,4";"15,4";"15,3";"72,0";"72,0";"72,0";"9,8";"9,9";"9,7";"991,4";"991,7";"990,6";"0,5";"223,0";"1,2";"0,30";"0,0"
"08/11/2025";"0000";"15,4";"15,5";"15,3";"72,0";"72,0";"72,0";"9,9";"10,0";"9,8";"991,8";"992,1";"991,6";"0,4";"168,0";"1,3";"";"0,0"
"08/11/2025";"0100";"15,5";"15,5";"15,5";"72,0";"72,0";"72,0";"10,0";"10,0";"10,0";"992,1";"992,2";"992,0";"0,2";"104,0";"0,3";"";"0,4"
"08/11/2025";"0200";"15,5";"15,6";"15,5";"73,0";"73,0";"72,0";"10,0";"10,1";"10,0";"991,9";"992,2";"991,5";"0,8";"287,0";"1,2";"0,10";"0,6"
"08/11/2025";"0300";"15,5";"15,5";"15,4";"73,0";"73,0";"73,0";"10,0";"10,1";"10,0";"991,4";"991,6";"991,2";"2,1";"249,0";"3,1";"0,10";"0,0"
"08/11/2025";"0400";"15,6";"15,7";"15,5";"73,0";"73,0";"73,0";"10,2";"10,2";"10,1";"991,3";"991,4";"991,1";"3,1";"253,0";"4,9";"0,60";"0,2"
"08/11/2025";"0500";"15,7";"15,7";"15,6";"73,0";"73,0";"73,0";"10,2";"10,3";"10,2";"991,4";"991,6";"991,2";"3,8";"253,0";"6,2";"0,80";"0,4"
"08/11/2025";"0600";"15,7";"15,8";"15,6";"73,0";"73,0";"73,0";"10,3";"10,4";"10,2";"991,8";"992,3";"991,6";"5,3";"241,0";"8,7";"0,80";"0,2"
"08/11/2025";"0700";"15,5";"15,6";"15,4";"73,0";"73,0";"73,0";"10,0";"10,2";"9,9";"992,5";"992,9";"992,2";"5,8";"261,0";"9,4";"0,90";"0,4"
"08/11/2025";"0800";"15,2";"15,4";"14,7";"73,0";"73,0";"73,0";"9,8";"9,9";"9,3";"994,0";"995,3";"992,9";"4,8";"173,0";"8,3";"1,50";"0,6"
"08/11/2025";"0900";"14,2";"14,7";"13,8";"73,0";"73,0";"73,0";"8,8";"9,3";"8,3";"996,1";"996,8";"995,2";"4,0";"180,0";"6,6";"10,50";"1,6"
"08/11/2025";"1000";"13,8";"14,1";"13,6";"73,0";"73,0";"73,0";"8,4";"8,7";"8,2";"997,6";"998,3";"996,8";"3,8";"152,0";"6,4";"64,20";"1,0"
"08/11/2025";"1100";"14,4";"14,8";"14,1";"73,0";"73,0";"73,0";"8,9";"9,3";"8,7";"999,1";"999,9";"998,3";"4,7";"127,0";"8,0";"221,40";"0,6"
"08/11/2025";"1200";"15,0";"15,5";"14,8";"73,0";"73,0";"73,0";"9,6";"10,1";"9,3";"1000,6";"1001,2";"999,9";"4,8";"108,0";"8,7";"359,20";"0,4"
"08/11/2025";"1300";"15,7";"15,8";"15,6";"73,0";"73,0";"73,0";"10,3";"10,4";"10,1";"1002,1";"1002,7";"1001,3";"2,6";"185,0";"4,3";"463,60";"0,0"
"08/11/2025";"1400";"16,6";"17,5";"15,8";"73,0";"73,0";"73,0";"11,1";"12,0";"10,4";"1002,8";"1003,0";"1002,7";"2,7";"171,0";"5,9";"950,80";"0,2"
"08/11/2025";"1500";"17,2";"18,2";"16,1";"73,0";"73,0";"72,0";"11,7";"12,6";"10,7";"1003,1";"1003,4";"1002,8";"1,4";"66,0";"2,7";"1145,90";"0,4"
"08/11/2025";"1600";"17,7";"18,4";"16,7";"73,0";"73,0";"72,0";"12,3";"12,9";"11,4";"1003,4";"1003,6";"1003,1";"4,0";"142,0";"7,3";"1240,00";"1,0"
"08/11/2025";"1700";"17,8";"18,5";"16,9";"73,0";"73,0";"73,0";"12,4";"13,1";"11,6";"1003,8";"1004,0";"1003,6";"2,1";"172,0";"3,6";"1308,60";"0,0"
"08/11/2025";"1800";"17,6";"19,3";"15,9";"73,0";"74,0";"72,0";"12,2";"13,8";"10,5";"1004,1";"1004,3";"1003,8";"1,4";"49,0";"2,7";"1294,60";"0,0"
"08/11/2025";"1900";"18,0";"19,0";"16,6";"73,0";"73,0";"72,0";"12,5";"13,5";"11,1";"1004,1";"1004,3";"1004,0";"2,6";"105,0";"4,7";"1409,00";"0,0"
"08/11/2025";"2000";"18,4";"19,8";"17,5";"73,0";"73,0";"72,0";"13,0";"14,2";"12,1";"1004,1";"1004,2";"1003,9";"3,1";"123,0";"6,0";"1239,30";"0,0"
"08/11/2025";"2100";"18,7";"19,9";"17,7";"73,0";"73,0";"72,0";"13,2";"14,4";"12,3";"1004,4";"1005,2";"1004,0";"2,2";"56,0";"3,2";"540,70";"0,0"
"08/11/2025";"2200";"16,9";"17,9";"15,6";"73,0";"73,0";"73,0";"11,5";"12,4";"10,3";"1005,3";"1005,7";"1005,1";"1,2";"80,0";"2,0";"138,20";"0,0"
"08/11/2025";"2300";"15,4";"15,6";"14,9";"73,0";"73,0";"73,0";"10,1";"10,2";"9,6";"1006,2";"1006,8";"1005,7";"1,4";"82,0";"1,7";"";"0,0"
"09/11/2025";"0000";"14,6";"14,9";"14,4";"73,0";"73,0";"73,0";"9,3";"9,6";"9,1";"1007,2";"1007,6";"1006,8";"0,5";"281,0";"0,9";"";"0,0"
"09/11/2025";"0100";"14,3";"14,7";"14,0";"73,0";"73,0";"73,0";"9,0";"9,4";"8,7";"1008,0";"1008,3";"1007,7";"0,4";"269,0";"0,6";"";"0,0"
"09/11/2025";"0200";"13,7";"14,0";"13,4";"73,0";"74,0";"73,0";"8,4";"8,7";"8,1";"1008,7";"1008,9";"1008,3";"0,7";"228,0";"1,2";"";"0,0"
"09/11/2025";"0300";"13,2";"13,4";"12,8";"73,0";"73,0";"73,0";"7,8";"8,1";"7,4";"1008,6";"1008,8";"1008,5";"0,7";"84,0";"1,1";"";"0,0"
"09/11/2025";"0400";"12,6";"12,8";"12,1";"73,0";"74,0";"73,0";"7,2";"7,5";"6,8";"1008,6";"1008,8";"1008,5";"1,1";"92,0";"1,7";"";"0,0"
"09/11/2025";"0500";"12,0";"12,1";"11,6";"73,0";"73,0";"73,0";"6,6";"6,8";"6,2";"1008,7";"1008,8";"1008,6";"1,5";"63,0";"1,8";"";"0,0"
"09/11/2025";"0600";"11,8";"12,2";"11,5";"73,0";"73,0";"73,0";"6,4";"6,8";"6,2";"1008,8";"1008,9";"1008,6";"0,7";"27,0";"1,1";"";"0,0"
"09/11/2025";"0700";"12,2";"12,3";"12,1";"73,0";"73,0";"73,0";"6,8";"6,9";"6,8";"1009,0";"1009,1";"1008,8";"0,8";"34,0";"1,2";"";"0,2"
"09/11/2025";"0800";"12,5";"12,6";"12,3";"73,0";"73,0";"73,0";"7,2";"7,3";"6,9";"1009,5";"1009,8";"1009,1";"0,3";"84,0";"0,9";"";"0,0"
"09/11/2025";"0900";"12,9";"13,1";"12,6";"73,0";"74,0";"73,0";"7,6";"7,8";"7,3";"1010,2";"1010,6";"1009,8";"0,8";"64,0";"1,4";"22,00";"0,0"
"09/11/2025";"1000";"13,3";"13,5";"13,1";"74,0";"74,0";"73,0";"8,0";"8,2";"7,8";"1010,9";"1011,2";"1010,5";"0,8";"45,0";"1,2";"213,90";"0,0"
"09/11/2025";"1100";"13,7";"14,0";"13,5";"74,0";"74,0";"73,0";"8,4";"8,7";"8,2";"1011,4";"1011,6";"1011,2";"0,9";"103,0";"1,7";"501,50";"0,0"
"09/11/2025";"1200";"14,9";"16,6";"14,1";"73,0";"73,0";"71,0";"9,5";"10,9";"8,8";"1011,6";"1011,8";"1011,5";"1,1";"232,0";"2,5";"1633,10";"0,0"
"09/11/2025";"1300";"18,6";"19,7";"16,7";"72,0";"73,0";"71,0";"13,1";"14,2";"10,9";"1011,3";"1011,5";"1011,0";"1,6";"139,0";"3,1";"2809,90";"0,0"
"09/11/2025";"1400";"20,1";"21,2";"19,1";"73,0";"73,0";"73,0";"14,7";"15,8";"13,7";"1010,8";"1011,1";"1010,6";"1,7";"114,0";"4,1";"3002,40";"0,0"
"09/11/2025";"1500";"21,6";"22,5";"21,1";"73,0";"74,0";"73,0";"16,2";"17,1";"15,8";"1010,4";"1010,6";"1010,2";"2,7";"101,0";"5,3";"2917,60";"0,0"
"09/11/2025";"1600";"22,4";"23,1";"21,4";"73,0";"74,0";"73,0";"17,1";"17,8";"16,1";"1009,9";"1010,3";"1009,5";"2,7";"145,0";"6,1";"3437,00";"0,0"
"09/11/2025";"1700";"23,7";"24,2";"23,2";"73,0";"74,0";"73,0";"18,4";"18,9";"17,9";"1009,0";"1009,5";"1008,7";"3,4";"111,0";"7,0";"3780,10";"0,0"
"09/11/2025";"1800";"24,0";"24,8";"22,8";"73,0";"74,0";"73,0";"18,7";"19,5";"17,6";"1008,4";"1008,7";"1008,3";"3,4";"108,0";"5,6";"3000,10";"0,0"
"09/11/2025";"1900";"24,3";"24,7";"22,6";"73,0";"74,0";"73,0";"18,9";"19,3";"17,3";"1008,3";"1008,4";"1008,1";"2,4";"88,0";"5,3";"2550,30";"0,0"
"09/11/2025";"2000";"24,1";"24,6";"23,6";"73,0";"73,0";"73,0";"18,7";"19,2";"18,2";"1008,1";"1008,2";"1008,0";"3,3";"108,0";"6,1";"1767,70";"0,0"
"09/11/2025";"2100";"23,1";"23,6";"22,2";"73,0";"73,0";"73,0";"17,6";"18,2";"16,8";"1008,3";"1008,5";"1007,9";"3,5";"104,0";"6,1";"924,00";"0,0"
"09/11/2025";"2200";"20,8";"22,2";"19,0";"73,0";"73,0";"73,0";"15,4";"16,7";"13,6";"1008,9";"1009,3";"1008,4";"2,0";"85,0";"3,9";"193,30";"0,0"
"09/11/2025";"2300";"17,5";"18,9";"16,4";"73,0";"73,0";"73,0";"12,1";"13,5";"11,1";"1009,8";"1010,2";"1009,4";"1,8";"78,0";"2,1";"";"0,0"
"10/11/2025";"0000";"15,6";"16,3";"15,1";"73,0";"73,0";"73,0";"10,3";"11,0";"9,8";"1010,6";"1011,1";"1010,2";"1,8";"75,0";"2,8";"";"0,0"
"10/11/2025";"0100";"15,0";"15,5";"14,6";"73,0";"73,0";"73,0";"9,6";"10,1";"9,3";"1011,3";"1011,5";"1011,2";"2,7";"58,0";"3,7";"";"0,0"
"10/11/2025";"0200";"14,8";"15,2";"14,4";"73,0";"73,0";"73,0";"9,4";"9,9";"9,0";"1011,5";"1011,6";"1011,5";"2,1";"62,0";"3,3";"";"0,0"
"10/11/2025";"0300";"14,8";"15,2";"14,3";"73,0";"74,0";"73,0";"9,5";"9,8";"9,0";"1011,4";"1011,5";"1011,3";"0,7";"280,0";"1,2";"";"0,0"
"10/11/2025";"0400";"13,8";"14,3";"13,5";"73,0";"74,0";"73,0";"8,5";"8,9";"8,2";"1011,2";"1011,4";"1011,1";"1,2";"296,0";"1,8";"";"0,0"
"10/11/2025";"0500";"12,9";"13,5";"12,1";"73,0";"73,0";"73,0";"7,5";"8,2";"6,8";"1011,0";"1011,2";"1010,9";"0,6";"47,0";"1,0";"";"0,0"
"10/11/2025";"0600";"11,7";"12,1";"11,4";"73,0";"73,0";"73,0";"6,4";"6,8";"6,1";"1010,9";"1011,0";"1010,9";"0,4";"105,0";"0,7";"";"0,0"
"10/11/2025";"0700";"11,3";"12,0";"10,9";"73,0";"73,0";"73,0";"6,0";"6,6";"5,6";"1011,1";"1011,3";"1011,0";"0,7";"50,0";"0,9";"";"0,0"
"10/11/2025";"0800";"10,7";"11,1";"10,3";"73,0";"73,0";"73,0";"5,3";"5,7";"5,0";"1011,6";"1011,9";"1011,3";"0,4";"332,0";"0,7";"";"0,0"
"10/11/2025";"0900";"10,1";"10,5";"9,6";"73,0";"73,0";"73,0";"4,7";"5,1";"4,2";"1012,2";"1012,7";"1011,9";"1,4";"341,0";"1,7";"41,60";"0,0"
"10/11/2025";"1000";"11,2";"12,2";"10,1";"73,0";"73,0";"73,0";"5,7";"6,7";"4,7";"1012,9";"1013,1";"1012,7";"0,6";"86,0";"1,2";"451,10";"0,0"
"10/11/2025";"1100";"13,3";"14,9";"12,1";"72,0";"73,0";"72,0";"7,8";"9,2";"6,7";"1013,1";"1013,2";"1013,0";"0,5";"182,0";"1,2";"1390,50";"0,0"
"10/11/2025";"1200";"16,9";"18,5";"14,9";"73,0";"73,0";"72,0";"11,4";"13,1";"9,3";"1012,7";"1013,0";"1012,5";"1,1";"235,0";"2,1";"2367,50";"0,0"
"10/11/2025";"1300";"20,4";"21,8";"18,6";"73,0";"73,0";"73,0";"15,0";"16,5";"13,2";"1012,2";"1012,5";"1011,9";"1,0";"187,0";"2,2";"3031,00";"0,0"
"10/11/2025";"1400";"23,0";"24,4";"21,9";"73,0";"73,0";"73,0";"17,6";"19,1";"16,6";"1011,6";"1011,9";"1011,3";"2,2";"72,0";"4,0";"3598,00";"0,0"
"10/11/2025";"1500";"24,7";"25,3";"24,1";"73,0";"73,0";"73,0";"19,3";"20,0";"18,7";"1011,0";"1011,4";"1010,6";"2,2";"125,0";"4,8";"3899,90";"0,0"
"10/11/2025";"1600";"25,8";"26,3";"25,3";"73,0";"74,0";"73,0";"20,4";"20,9";"19,9";"1010,3";"1010,6";"1010,0";"3,0";"101,0";"6,7";"3980,80";"0,0"
"10/11/2025";"1700";"26,3";"26,8";"26,0";"73,0";"73,0";"73,0";"21,0";"21,4";"20,7";"1009,6";"1010,0";"1009,2";"2,7";"134,0";"5,6";"3758,60";"0,0"
"10/11/2025";"1800";"26,5";"26,9";"26,1";"73,0";"73,0";"73,0";"21,1";"21,4";"20,8";"1008,8";"1009,2";"1008,3";"3,4";"86,0";"7,4";"3268,00";"0,0"
"10/11/2025";"1900";"26,8";"27,1";"26,6";"73,0";"73,0";"73,0";"21,4";"21,6";"21,2";"1008,0";"1008,3";"1007,8";"4,3";"70,0";"8,2";"2595,40";"0,0"
"10/11/2025";"2000";"26,5";"26,8";"26,0";"73,0";"73,0";"72,0";"21,0";"21,4";"20,5";"1007,8";"1008,0";"1007,6";"3,9";"86,0";"6,8";"1763,20";"0,0"
"10/11/2025";"2100";"25,4";"26,0";"24,7";"72,0";"72,0";"72,0";"19,9";"20,4";"19,1";"1007,7";"1008,0";"1007,6";"2,9";"98,0";"4,5";"939,70";"0,0"
"10/11/2025";"2200";"23,2";"24,7";"21,0";"72,0";"73,0";"72,0";"17,7";"19,1";"15,5";"1008,1";"1008,3";"1007,9";"1,7";"81,0";"2,6";"191,30";"0,0"
"10/11/2025";"2300";"19,8";"20,9";"18,9";"73,0";"73,0";"73,0";"14,4";"15,4";"13,4";"1008,8";"1009,2";"1008,3";"1,6";"72,0";"2,4";"";"0,0"
"11/11/2025";"0000";"17,6";"18,8";"16,8";"73,0";"73,0";"72,0";"12,1";"13,3";"11,3";"1009,4";"1009,7";"1009,2";"1,7";"78,0";"2,7";"";"0,0"
"11/11/2025";"0100";"16,8";"17,0";"16,4";"72,0";"73,0";"72,0";"11,2";"11,5";"10,9";"1009,8";"1009,9";"1009,8";"3,5";"58,0";"4,4";"";"0,0"
"11/11/2025";"0200";"16,8";"17,8";"15,9";"72,0";"72,0";"72,0";"11,2";"12,2";"10,4";"1009,7";"1009,8";"1009,4";"2,6";"75,0";"4,5";"";"0,0"
"11/11/2025";"0300";"15,5";"15,9";"15,1";"72,0";"72,0";"72,0";"9,9";"10,4";"9,6";"1009,3";"1009,5";"1009,1";"1,1";"94,0";"2,6";"";"0,0"
"11/11/2025";"0400";"14,5";"15,3";"14,1";"72,0";"72,0";"72,0";"9,0";"9,7";"8,5";"1009,0";"1009,1";"1009,0";"1,3";"227,0";"1,9";"";"0,0"
"11/11/2025";"0500";"13,6";"14,3";"12,9";"72,0";"72,0";"72,0";"8,0";"8,7";"7,3";"1008,7";"1009,0";"1008,5";"0,7";"161,0";"1,3";"";"0,0"
"11/11/2025";"0600";"12,3";"12,9";"11,3";"72,0";"72,0";"72,0";"6,8";"7,3";"5,7";"1008,5";"1008,7";"1008,5";"1,7";"71,0";"2,6";"";"0,0"
"11/11/2025";"0700";"11,4";"11,9";"11,1";"72,0";"72,0";"72,0";"5,8";"6,3";"5,5";"1008,5";"1008,7";"1008,4";"1,2";"61,0";"1,9";"";"0,0"
"11/11/2025";"0800";"10,9";"11,6";"10,1";"72,0";"72,0";"72,0";"5,3";"6,0";"4,5";"1008,6";"1008,8";"1008,5";"1,7";"86,0";"2,5";"";"0,0"
"11/11/2025";"0900";"10,6";"11,0";"10,2";"72,0";"72,0";"72,0";"5,0";"5,4";"4,6";"1009,1";"1009,7";"1008,7";"0,5";"235,0";"1,0";"39,40";"0,0"
"11/11/2025";"1000";"12,5";"14,2";"11,0";"72,0";"72,0";"72,0";"6,9";"8,6";"5,4";"1009,8";"1009,9";"1009,6";"0,7";"113,0";"1,7";"631,40";"0,0"
"11/11/2025";"1100";"15,6";"17,1";"14,2";"72,0";"72,0";"71,0";"10,0";"11,4";"8,6";"1009,9";"1010,0";"1009,8";"1,3";"182,0";"2,2";"1449,60";"0,0"
"11/11/2025";"1200";"18,7";"20,0";"17,2";"72,0";"72,0";"72,0";"13,0";"14,3";"11,5";"1009,5";"1009,8";"1009,3";"1,4";"168,0";"2,6";"2303,40";"0,0"
"11/11/2025";"1300";"21,3";"22,7";"20,0";"72,0";"72,0";"72,0";"15,7";"17,1";"14,3";"1008,8";"1009,3";"1008,3";"1,6";"250,0";"3,2";"3045,10";"0,0"
"11/11/2025";"1400";"24,3";"25,2";"22,7";"72,0";"73,0";"72,0";"18,8";"19,7";"17,2";"1007,8";"1008,3";"1007,3";"2,1";"173,0";"4,4";"3601,10";"0,0"
"11/11/2025";"1500";"26,8";"";"25,4";"60,0";"100,0";"36,0";"17,7";"20,6";"15,3";"1007,4";"1007,8";"1006,9";"2,5";"208,0";"4,4";"3893,00";"0,0"
"11/11/2025";"1600";"27,3";"28,9";"26,3";"45,0";"54,0";"36,0";"16,3";"17,5";"15,2";"1006,2";"1006,9";"1005,5";"1,9";"153,0";"4,2";"3945,20";"0,0"
"11/11/2025";"1700";"28,3";"28,8";"28,0";"47,0";"52,0";"36,0";"17,7";"18,7";"15,6";"1004,9";"1005,5";"1004,4";"2,3";"151,0";"5,0";"3677,40";"0,0"
"11/11/2025";"1800";"28,9";"29,3";"28,6";"45,0";"50,0";"39,0";"17,9";"18,8";"16,9";"1003,8";"1004,4";"1003,2";"3,1";"105,0";"6,4";"3132,00";"0,0"
"11/11/2025";"1900";"29,1";"29,4";"28,8";"45,0";"50,0";"42,0";"18,1";"18,9";"17,5";"1002,7";"1003,3";"1002,2";"3,4";"90,0";"6,5";"2419,00";"0,0"
"11/11/2025";"2000";"28,7";"29,3";"28,2";"46,0";"47,0";"43,0";"17,8";"18,4";"17,1";"1002,1";"1002,3";"1001,9";"3,9";"103,0";"7,1";"1699,10";"0,0"
"11/11/2025";"2100";"27,4";"28,3";"26,6";"48,0";"52,0";"44,0";"17,0";"18,0";"16,4";"1002,0";"1002,2";"1001,9";"2,8";"101,0";"7,0";"809,10";"0,0"
"11/11/2025";"2200";"25,4";"26,5";"23,9";"54,0";"59,0";"50,0";"16,2";"16,9";"15,6";"1002,4";"1002,5";"1002,1";"2,2";"103,0";"3,9";"200,70";"0,0"
"11/11/2025";"2300";"22,7";"23,8";"21,8";"65,0";"70,0";"59,0";"15,6";"15,8";"15,3";"1002,7";"1002,8";"1002,5";"1,5";"72,0";"3,5";"";"0,0"
"12/11/2025";"0000";"21,3";"21,8";"20,9";"72,0";"74,0";"70,0";"15,7";"16,1";"15,5";"1002,8";"1003,1";"1002,6";"2,2";"81,0";"4,8";"";"0,0"
"12/11/2025";"0100";"20,6";"20,9";"20,0";"75,0";"79,0";"73,0";"15,6";"16,0";"15,5";"1003,3";"1003,5";"1003,0";"1,6";"26,0";"2,2";"";"0,0"
"12/11/2025";"0200";"19,6";"20,2";"19,2";"81,0";"84,0";"78,0";"15,8";"16,0";"15,6";"1003,2";"1003,4";"1003,0";"1,0";"179,0";"1,4";"";"0,0"
"12/11/2025";"0300";"18,5";"20,2";"17,8";"87,0";"91,0";"77,0";"15,9";"16,2";"15,5";"1002,9";"1003,1";"1002,7";"0,8";"127,0";"2,2";"";"0,0"
"12/11/2025";"0400";"17,8";"17,9";"17,6";"92,0";"94,0";"90,0";"16,1";"16,4";"15,9";"1002,5";"1002,7";"1002,4";"0,6";"222,0";"1,0";"";"0,0"
"12/11/2025";"0500";"17,5";"17,7";"17,4";"94,0";"95,0";"92,0";"16,2";"16,5";"16,1";"1002,5";"1002,7";"1002,2";"1,1";"138,0";"1,6";"";"0,0"
"12/11/2025";"0600";"17,4";"17,6";"17,3";"94,0";"96,0";"93,0";"16,3";"16,6";"16,1";"1002,0";"1002,2";"1001,8";"1,5";"193,0";"2,6";"";"0,0"
"12/11/2025";"0700";"17,5";"17,7";"17,2";"95,0";"97,0";"94,0";"16,5";"16,7";"16,4";"1002,7";"1003,7";"1002,1";"1,0";"242,0";"1,5";"";"0,0"
"12/11/2025";"0800";"18,2";"18,6";"17,7";"92,0";"94,0";"87,0";"16,5";"16,7";"16,0";"1003,6";"1004,0";"1003,3";"2,7";"68,0";"6,0";"";"0,0"
"12/11/2025";"0900";"18,4";"18,9";"18,1";"91,0";"94,0";"87,0";"16,6";"17,0";"16,1";"1003,7";"1003,9";"1003,5";"2,1";"175,0";"3,3";"19,70";"0,0"
"12/11/2025";"1000";"18,6";"19,2";"18,2";"91,0";"94,0";"88,0";"16,9";"17,2";"16,4";"1004,2";"1004,5";"1003,9";"0,6";"199,0";"1,5";"171,40";"0,0"
"12/11/2025";"1100";"20,4";"22,3";"19,2";"83,0";"89,0";"70,0";"17,0";"17,9";"15,7";"1004,3";"1004,6";"1004,0";"1,7";"169,0";"3,0";"714,80";"0,0"
"12/11/2025";"1200";"23,9";"25,7";"22,2";"60,0";"77,0";"49,0";"15,9";"17,6";"14,0";"1003,7";"1004,2";"1003,4";"2,4";"225,0";"5,7";"1520,10";"0,0"
"12/11/2025";"1300";"26,8";"27,8";"25,8";"47,0";"52,0";"43,0";"16,3";"17,2";"15,6";"1003,3";"1003,7";"1003,1";"4,2";"309,0";"6,6";"2924,50";"0,0"
"12/11/2025";"1400";"28,0";"28,9";"27,1";"46,0";"52,0";"42,0";"17,1";"18,9";"16,2";"1002,8";"1003,2";"1002,5";"2,5";"286,0";"5,9";"3461,10";"0,0"
"12/11/2025";"1500";"29,3";"30,3";"28,6";"44,0";"50,0";"39,0";"18,1";"19,0";"17,1";"1002,4";"1002,6";"1002,2";"4,5";"287,0";"6,9";"3675,90";"0,0"
"12/11/2025";"1600";"30,0";"30,7";"29,4";"43,0";"46,0";"40,0";"18,7";"19,4";"17,9";"1002,1";"1002,3";"1001,9";"4,8";"305,0";"7,2";"3095,40";"0,0"
"12/11/2025";"1700";"29,9";"30,4";"29,4";"44,0";"48,0";"42,0";"18,8";"19,4";"18,0";"1001,8";"1002,1";"1001,5";"3,4";"312,0";"5,4";"1934,00";"0,0"
"12/11/2025";"1800";"30,1";"30,4";"29,8";"46,0";"50,0";"41,0";"19,2";"20,2";"18,7";"1001,5";"1001,7";"1001,4";"1,4";"257,0";"4,1";"1511,30";"0,0"
"12/11/2025";"1900";"29,8";"30,3";"29,5";"48,0";"50,0";"45,0";"19,4";"20,1";"19,1";"1001,6";"1001,7";"1001,6";"1,8";"296,0";"3,6";"989,90";"0,0"
"12/11/2025";"2000";"29,7";"30,1";"29,4";"49,0";"50,0";"47,0";"19,4";"20,0";"19,0";"1001,4";"1001,6";"1001,3";"3,0";"327,0";"4,6";"702,60";"0,0"
"12/11/2025";"2100";"29,2";"29,6";"28,9";"49,0";"53,0";"46,0";"19,1";"19,8";"18,7";"1001,9";"1002,1";"1001,5";"1,2";"289,0";"2,4";"393,60";"0,0"
"12/11/2025";"2200";"27,9";"29,0";"26,8";"54,0";"58,0";"50,0";"18,6";"19,4";"18,1";"1002,3";"1002,7";"1002,1";"1,8";"277,0";"4,9";"114,60";"0,0"
"12/11/2025";"2300";"26,4";"27,7";"25,6";"60,0";"64,0";"53,0";"18,4";"18,8";"17,9";"1003,1";"1003,5";"1002,5";"1,4";"257,0";"3,2";"";"0,0"
"13/11/2025";"0000";"25,2";"26,5";"24,0";"68,0";"74,0";"58,0";"18,7";"19,1";"17,7";"1004,6";"1005,2";"1003,6";"4,4";"97,0";"8,0";"";"0,0"
"13/11/2025";"0100";"23,4";"23,9";"23,0";"77,0";"79,0";"74,0";"18,7";"18,8";"18,6";"1005,4";"1005,5";"1005,2";"3,9";"55,0";"6,9";"";"0,0"
"13/11/2025";"0200";"22,9";"23,5";"22,6";"78,0";"79,0";"75,0";"18,5";"18,7";"17,8";"1005,3";"1005,5";"1005,2";"4,5";"68,0";"6,6";"";"0,0"
"13/11/2025";"0300";"22,5";"23,0";"22,3";"71,0";"76,0";"68,0";"16,8";"18,0";"16,4";"1005,3";"1005,5";"1005,0";"4,0";"69,0";"6,1";"";"0,0"
"13/11/2025";"0400";"21,8";"22,3";"21,3";"74,0";"77,0";"71,0";"16,6";"16,8";"16,4";"1004,8";"1005,1";"1004,6";"1,9";"86,0";"2,6";"";"0,0"
"13/11/2025";"0500";"21,4";"21,6";"21,2";"76,0";"77,0";"74,0";"16,5";"16,9";"16,0";"1005,0";"1005,2";"1004,8";"2,2";"140,0";"5,5";"";"0,0"
"13/11/2025";"0600";"20,7";"21,2";"20,4";"79,0";"83,0";"75,0";"16,4";"17,0";"16,1";"1005,2";"1005,3";"1005,1";"3,7";"112,0";"5,8";"";"0,0"
"13/11/2025";"0700";"20,3";"20,4";"20,1";"84,0";"85,0";"83,0";"17,0";"17,1";"16,9";"1005,5";"1005,6";"1005,4";"1,3";"76,0";"2,3";"";"0,0"
"13/11/2025";"0800";"19,6";"20,2";"19,1";"86,0";"89,0";"83,0";"16,8";"17,0";"16,6";"1005,8";"1006,2";"1005,5";"1,1";"42,0";"1,9";"";"0,0"
"13/11/2025";"0900";"18,9";"19,4";"18,2";"90,0";"95,0";"87,0";"16,9";"17,2";"16,6";"1006,8";"1007,5";"1006,0";"1,1";"198,0";"1,6";"34,50";"0,0"
"13/11/2025";"1000";"19,3";"20,1";"18,5";"90,0";"93,0";"86,0";"17,2";"17,5";"17,0";"1007,8";"1008,0";"1007,5";"1,4";"281,0";"2,1";"428,70";"0,0"
"13/11/2025";"1100";"21,1";"22,0";"20,1";"81,0";"86,0";"73,0";"17,2";"17,9";"16,6";"1007,9";"1008,0";"1007,8";"1,5";"175,0";"3,0";"1214,50";"0,0"
"13/11/2025";"1200";"23,4";"24,7";"22,1";"63,0";"74,0";"45,0";"16,0";"17,8";"13,6";"1008,1";"1008,1";"1007,9";"2,8";"72,0";"4,9";"1828,50";"0,0"
"13/11/2025";"1300";"25,2";"25,9";"24,6";"45,0";"55,0";"39,0";"14,3";"15,7";"13,1";"1008,0";"1008,1";"1007,8";"3,9";"65,0";"6,4";"2698,30";"0,0"
"13/11/2025";"1400";"26,4";"27,0";"25,6";"45,0";"52,0";"38,0";"15,3";"16,9";"13,5";"1007,7";"1007,8";"1007,7";"2,9";"78,0";"5,0";"3279,40";"0,0"
"13/11/2025";"1500";"26,6";"27,0";"26,3";"46,0";"50,0";"43,0";"15,7";"16,7";"15,1";"1007,4";"1007,6";"1007,1";"3,5";"106,0";"6,8";"3597,80";"0,0"
"13/11/2025";"1600";"27,4";"28,0";"26,8";"47,0";"51,0";"42,0";"16,8";"17,7";"15,8";"1007,0";"1007,2";"1006,8";"3,2";"112,0";"5,7";"3558,90";"0,0"
"13/11/2025";"1700";"28,1";"28,6";"27,3";"48,0";"52,0";"42,0";"17,6";"18,5";"16,8";"1006,5";"1006,8";"1006,4";"3,7";"91,0";"6,8";"3372,00";"0,0"
"13/11/2025";"1800";"28,2";"28,7";"27,5";"47,0";"50,0";"43,0";"17,5";"18,5";"16,7";"1006,2";"1006,5";"1005,8";"4,1";"79,0";"7,4";"2699,90";"0,0"
"13/11/2025";"1900";"27,8";"28,6";"27,2";"50,0";"53,0";"46,0";"17,8";"18,5";"17,1";"1005,6";"1005,8";"1005,5";"5,5";"104,0";"8,6";"2251,50";"0,0"
"13/11/2025";"2000";"26,5";"27,2";"25,7";"52,0";"56,0";"49,0";"16,9";"17,3";"16,4";"1005,7";"1005,9";"1005,5";"5,3";"109,0";"8,9";"1603,70";"0,0"
"13/11/2025";"2100";"25,4";"25,9";"24,5";"58,0";"62,0";"55,0";"17,1";"17,6";"16,8";"1006,1";"1006,3";"1005,9";"4,5";"114,0";"7,5";"872,50";"0,0"
"13/11/2025";"2200";"23,7";"24,5";"22,9";"66,0";"69,0";"62,0";"16,9";"17,1";"16,4";"1006,7";"1007,1";"1006,3";"3,9";"108,0";"6,4";"198,00";"0,0"
"13/11/2025";"2300";"22,1";"22,9";"21,3";"69,0";"71,0";"68,0";"15,9";"16,4";"15,0";"1007,6";"1008,0";"1007,1";"2,7";"93,0";"5,7";"0,20";"0,0"
"14/11/2025";"0000";"20,9";"21,6";"20,1";"69,0";"72,0";"67,0";"14,7";"15,2";"14,3";"1008,4";"1008,8";"1008,1";"1,7";"90,0";"4,1";"";"0,0"
"14/11/2025";"0100";"19,6";"20,0";"19,4";"72,0";"73,0";"67,0";"14,0";"14,4";"12,9";"1009,2";"1009,5";"1008,9";"1,6";"88,0";"2,7";"";"0,0"
"14/11/2025";"0200";"18,9";"19,5";"18,6";"69,0";"70,0";"68,0";"12,8";"13,2";"12,6";"1009,7";"1009,8";"1009,5";"1,3";"116,0";"2,6";"";"0,0"
"14/11/2025";"0300";"18,3";"18,7";"17,7";"74,0";"78,0";"70,0";"13,1";"13,4";"12,7";"1009,9";"1010,0";"1009,8";"1,2";"109,0";"2,2";"";"0,0"
"14/11/2025";"0400";"17,4";"17,8";"16,9";"81,0";"84,0";"77,0";"13,6";"13,9";"13,3";"1009,9";"1010,0";"1009,7";"0,7";"23,0";"1,0";"";"0,0"
"14/11/2025";"0500";"16,2";"16,9";"15,8";"88,0";"90,0";"84,0";"13,8";"13,9";"13,6";"1009,6";"1009,8";"1009,4";"1,2";"15,0";"1,6";"";"0,0"
"14/11/2025";"0600";"15,5";"15,7";"15,3";"92,0";"93,0";"90,0";"13,9";"14,1";"13,7";"1009,3";"1009,5";"1009,2";"0,9";"18,0";"1,3";"";"0,0"
"14/11/2025";"0700";"15,1";"15,3";"15,0";"94,0";"95,0";"93,0";"13,9";"14,2";"13,8";"1009,5";"1009,7";"1009,5";"0,3";"267,0";"0,6";"";"0,0"
"14/11/2025";"0800";"15,3";"15,5";"15,1";"96,0";"97,0";"94,0";"14,4";"14,6";"14,2";"1009,7";"1009,8";"1009,6";"0,7";"302,0";"1,0";"";"0,0"
"14/11/2025";"0900";"15,4";"15,6";"15,4";"96,0";"97,0";"95,0";"14,7";"14,8";"14,4";"1010,0";"1010,5";"1009,6";"0,7";"286,0";"0,9";"43,80";"0,0"
"14/11/2025";"1000";"16,5";"17,8";"15,6";"94,0";"97,0";"89,0";"15,2";"16,1";"14,8";"1010,7";"1010,8";"1010,5";"0,7";"249,0";"1,4";"477,10";"0,0"
"14/11/2025";"1100";"18,8";"19,9";"17,8";"83,0";"91,0";"75,0";"15,5";"16,3";"14,7";"1010,7";"1010,8";"1010,5";"1,3";"128,0";"2,8";"1376,90";"0,0"
"14/11/2025";"1200";"21,1";"22,1";"19,9";"69,0";"76,0";"62,0";"14,9";"15,4";"14,2";"1010,2";"1010,6";"1009,9";"1,5";"53,0";"3,2";"2206,00";"0,0"
"14/11/2025";"1300";"23,1";"23,9";"22,2";"61,0";"67,0";"56,0";"15,4";"16,3";"14,7";"1009,7";"1009,9";"1009,4";"1,4";"225,0";"3,8";"2905,80";"0,0"
"14/11/2025";"1400";"24,7";"25,5";"23,9";"59,0";"63,0";"54,0";"16,4";"17,5";"15,5";"1009,3";"1009,4";"1009,1";"2,4";"184,0";"4,4";"3439,80";"0,0"
"14/11/2025";"1500";"26,3";"26,9";"25,3";"57,0";"62,0";"51,0";"17,6";"18,5";"16,5";"1008,7";"1009,0";"1008,3";"2,4";"90,0";"5,6";"3453,80";"0,0"
"14/11/2025";"1600";"27,4";"28,2";"26,7";"56,0";"62,0";"53,0";"18,7";"19,9";"17,6";"1008,0";"1008,3";"1007,5";"3,3";"113,0";"6,5";"3306,10";"0,0"
"14/11/2025";"1700";"28,0";"28,6";"27,7";"57,0";"62,0";"54,0";"19,5";"20,5";"18,7";"1007,3";"1007,7";"1006,9";"3,5";"102,0";"6,3";"3323,70";"0,0"
"14/11/2025";"1800";"28,3";"28,6";"28,0";"57,0";"62,0";"54,0";"19,8";"20,6";"19,3";"1006,5";"1006,9";"1006,0";"3,7";"107,0";"6,2";"2672,50";"0,0"
"14/11/2025";"1900";"28,6";"28,9";"28,3";"56,0";"59,0";"53,0";"19,7";"20,5";"19,2";"1005,8";"1006,1";"1005,5";"3,1";"91,0";"5,3";"2196,60";"0,0"
"14/11/2025";"2000";"28,8";"29,3";"28,3";"54,0";"57,0";"51,0";"19,6";"20,2";"18,7";"1005,3";"1005,6";"1005,1";"4,6";"105,0";"7,0";"1668,40";"0,0"
"14/11/2025";"2100";"28,2";"28,7";"27,4";"51,0";"54,0";"49,0";"18,4";"19,1";"17,7";"1005,2";"1005,3";"1005,1";"3,0";"93,0";"5,3";"922,70";"0,0"
"14/11/2025";"2200";"26,0";"27,3";"24,7";"56,0";"61,0";"52,0";"17,2";"17,8";"16,9";"1005,5";"1005,8";"1005,2";"3,8";"99,0";"6,3";"206,00";"0,0"
"14/11/2025";"2300";"23,3";"24,7";"22,1";"68,0";"74,0";"61,0";"16,9";"17,0";"16,7";"1006,3";"1006,8";"1005,7";"2,5";"90,0";"4,4";"0,50";"0,0"
"15/11/2025";"0000";"21,5";"22,2";"20,8";"77,0";"81,0";"73,0";"16,9";"17,0";"16,8";"1007,3";"1007,5";"1006,7";"2,2";"79,0";"4,6";"";"0,0"
"15/11/2025";"0100";"20,1";"20,6";"19,7";"84,0";"86,0";"82,0";"17,0";"17,1";"17,0";"1007,9";"1008,2";"1007,6";"1,0";"76,0";"1,6";"";"0,0"
"15/11/2025";"0200";"19,3";"19,7";"18,8";"89,0";"92,0";"87,0";"17,1";"17,4";"16,8";"1008,4";"1008,6";"1008,2";"0,7";"277,0";"1,4";"";"0,0"
"15/11/2025";"0300";"18,4";"18,7";"18,0";"93,0";"95,0";"90,0";"17,0";"17,1";"16,8";"1008,3";"1008,4";"1008,0";"0,5";"149,0";"0,9";"";"0,0"
"15/11/2025";"0400";"17,7";"18,1";"17,5";"96,0";"98,0";"94,0";"16,9";"17,2";"16,6";"1007,8";"1008,0";"1007,5";"0,8";"246,0";"1,1";"";"0,0"
"15/11/2025";"0500";"17,5";"17,8";"17,2";"97,0";"98,0";"95,0";"16,9";"17,1";"16,6";"1007,3";"1007,5";"1007,0";"0,8";"251,0";"1,2";"";"0,0"
"15/11/2025";"0600";"17,0";"17,3";"16,7";"98,0";"99,0";"96,0";"16,7";"17,1";"16,0";"1006,7";"1006,9";"1006,6";"0,7";"112,0";"1,2";"";"0,0"
"15/11/2025";"0700";"17,0";"17,4";"16,6";"98,0";"99,0";"97,0";"16,6";"16,9";"16,1";"1006,6";"1006,8";"1006,4";"1,4";"45,0";"1,9";"";"0,0"
"15/11/2025";"0800";"17,6";"17,7";"17,4";"98,0";"98,0";"97,0";"17,1";"17,3";"16,9";"1006,5";"1006,6";"1006,4";"0,8";"103,0";"1,1";"";"0,0"
"15/11/2025";"0900";"17,8";"18,1";"17,6";"98,0";"98,0";"97,0";"17,3";"17,6";"17,2";"1006,9";"1007,2";"1006,5";"0,3";"186,0";"0,8";"39,10";"0,0"
"15/11/2025";"1000";"18,4";"18,5";"18,1";"96,0";"97,0";"94,0";"17,5";"17,8";"17,2";"1007,0";"1007,2";"1006,9";"0,7";"85,0";"2,2";"212,40";"0,0"
"15/11/2025";"1100";"18,8";"19,4";"18,5";"94,0";"96,0";"92,0";"17,6";"17,9";"17,2";"1007,1";"1007,2";"1007,0";"1,0";"138,0";"1,8";"436,40";"0,0"
"15/11/2025";"1200";"20,5";"21,8";"19,5";"87,0";"93,0";"80,0";"17,9";"18,8";"17,3";"1006,7";"1007,0";"1006,4";"1,1";"174,0";"2,5";"1654,90";"0,0"
"15/11/2025";"1300";"23,4";"25,5";"21,9";"77,0";"82,0";"68,0";"18,7";"19,9";"17,6";"1005,7";"1006,3";"1005,1";"1,2";"166,0";"2,7";"2892,20";"0,0"
"15/11/2025";"1400";"27,1";"28,5";"24,8";"66,0";"72,0";"61,0";"20,3";"22,1";"19,0";"1004,4";"1005,0";"1003,7";"1,5";"165,0";"2,8";"3413,70";"0,0"
"15/11/2025";"1500";"30,1";"32,5";"28,4";"57,0";"66,0";"47,0";"21,5";"22,7";"20,5";"1003,0";"1003,7";"1002,3";"3,9";"284,0";"5,7";"3715,30";"0,0"
"15/11/2025";"1600";"32,6";"33,7";"31,9";"47,0";"52,0";"44,0";"22,0";"22,7";"21,4";"1002,0";"1002,3";"1001,4";"2,9";"292,0";"5,0";"3773,10";"0,0"
"15/11/2025";"1700";"33,3";"34,0";"32,7";"48,0";"55,0";"43,0";"22,9";"24,2";"21,9";"1000,7";"1001,5";"1000,0";"1,9";"181,0";"3,6";"3569,20";"0,0"
"15/11/2025";"1800";"34,2";"35,2";"33,1";"44,0";"54,0";"38,0";"23,0";"24,1";"22,3";"999,4";"1000,0";"998,6";"2,0";"291,0";"4,1";"3181,80";"0,0"
"15/11/2025";"1900";"33,1";"35,6";"31,6";"46,0";"54,0";"38,0";"22,4";"23,2";"21,5";"998,4";"998,6";"998,1";"2,9";"98,0";"5,1";"1050,40";"0,0"
"15/11/2025";"2000";"30,7";"31,5";"29,6";"61,0";"74,0";"55,0";"23,0";"24,9";"22,4";"998,6";"998,9";"998,3";"1,7";"286,0";"2,6";"321,70";"0,0"
"15/11/2025";"2100";"28,4";"29,5";"27,1";"78,0";"85,0";"73,0";"24,0";"24,7";"23,4";"998,6";"998,8";"998,4";"1,2";"143,0";"1,9";"186,20";"0,0"
"15/11/2025";"2200";"26,8";"27,1";"26,4";"86,0";"89,0";"84,0";"24,0";"24,3";"23,8";"998,8";"999,1";"998,6";"0,8";"44,0";"1,3";"16,80";"0,0"
"15/11/2025";"2300";"25,4";"26,6";"24,8";"85,0";"95,0";"77,0";"22,4";"24,4";"20,4";"999,4";"999,8";"998,7";"2,3";"269,0";"3,1";"";"0,0"
"16/11/2025";"0000";"24,5";"24,8";"23,8";"83,0";"85,0";"79,0";"21,1";"21,7";"20,5";"999,7";"1000,1";"999,4";"1,7";"147,0";"3,0";"";"0,0"
"16/11/2025";"0100";"23,4";"23,7";"23,1";"87,0";"89,0";"85,0";"20,8";"21,0";"20,5";"999,6";"999,7";"999,5";"1,3";"281,0";"1,8";"";"0,0"
"16/11/2025";"0200";"22,8";"23,2";"22,6";"91,0";"92,0";"89,0";"20,9";"21,1";"20,8";"999,1";"999,6";"998,8";"1,0";"64,0";"1,8";"";"0,0"
"16/11/2025";"0300";"22,4";"22,7";"22,0";"93,0";"95,0";"90,0";"21,0";"21,1";"20,8";"998,6";"998,9";"998,1";"0,8";"55,0";"1,5";"";"0,0"
"16/11/2025";"0400";"21,6";"21,9";"21,1";"96,0";"97,0";"94,0";"20,8";"21,1";"20,4";"997,8";"998,1";"997,5";"0,8";"179,0";"1,7";"";"0,0"
"16/11/2025";"0500";"21,1";"21,2";"20,9";"98,0";"99,0";"96,0";"20,6";"20,9";"20,2";"997,2";"997,6";"996,8";"1,5";"165,0";"2,8";"";"0,0"
"16/11/2025";"0600";"21,9";"24,8";"21,0";"91,0";"98,0";"71,0";"20,2";"20,8";"18,8";"996,8";"996,9";"996,6";"1,8";"220,0";"5,4";"";"0,0"
"16/11/2025";"0700";"24,1";"25,6";"22,7";"74,0";"82,0";"65,0";"18,9";"19,3";"18,3";"996,5";"996,7";"996,3";"4,0";"312,0";"7,2";"";"0,0"
"16/11/2025";"0800";"25,8";"26,1";"25,6";"64,0";"65,0";"62,0";"18,5";"18,7";"18,4";"996,3";"996,4";"996,1";"3,0";"283,0";"9,2";"";"0,0"
"16/11/2025";"0900";"25,5";"25,8";"24,9";"65,0";"68,0";"63,0";"18,4";"18,7";"18,3";"996,5";"996,8";"996,2";"1,4";"129,0";"5,2";"34,90";"0,0"
"16/11/2025";"1000";"25,8";"26,3";"25,0";"64,0";"67,0";"63,0";"18,7";"18,9";"18,3";"997,1";"997,4";"996,8";"4,6";"317,0";"7,5";"542,40";"0,0"
"16/11/2025";"1100";"26,8";"27,8";"26,3";"62,0";"63,0";"59,0";"19,2";"19,7";"18,8";"997,5";"997,7";"997,2";"5,1";"311,0";"8,2";"1358,50";"0,0"
"16/11/2025";"1200";"28,0";"29,1";"27,4";"59,0";"61,0";"56,0";"19,8";"20,5";"19,4";"997,4";"997,8";"997,0";"5,9";"311,0";"10,3";"2227,30";"0,0"
"16/11/2025";"1300";"29,9";"30,8";"28,6";"54,0";"58,0";"51,0";"20,7";"21,2";"20,2";"996,5";"997,1";"996,1";"6,4";"305,0";"9,6";"2967,10";"0,0"
"16/11/2025";"1400";"31,3";"32,5";"30,7";"51,0";"53,0";"46,0";"21,5";"22,1";"21,1";"995,8";"996,1";"995,4";"5,6";"293,0";"9,4";"2993,50";"0,0"
"16/11/2025";"1500";"32,9";"33,9";"32,1";"45,0";"47,0";"42,0";"22,0";"22,5";"21,4";"994,5";"995,3";"993,7";"4,7";"280,0";"8,0";"3419,70";"0,0"
"16/11/2025";"1600";"33,2";"34,0";"32,6";"44,0";"46,0";"42,0";"22,1";"22,5";"21,5";"993,0";"993,7";"992,3";"4,2";"312,0";"8,2";"2555,50";"0,0"
"16/11/2025";"1700";"34,0";"34,8";"33,4";"42,0";"44,0";"39,0";"22,4";"22,9";"21,8";"991,7";"992,2";"991,0";"4,8";"319,0";"7,7";"2740,50";"0,0"
"16/11/2025";"1800";"33,6";"34,4";"33,2";"41,0";"43,0";"39,0";"21,9";"22,2";"21,6";"990,8";"991,0";"990,4";"3,5";"316,0";"5,5";"1146,00";"0,0"
"16/11/2025";"1900";"33,1";"34,1";"32,5";"46,0";"49,0";"42,0";"22,3";"23,1";"21,8";"990,1";"990,4";"989,7";"4,5";"287,0";"8,0";"1232,00";"0,0"
"16/11/2025";"2000";"30,4";"32,9";"23,6";"54,0";"73,0";"46,0";"21,2";"22,5";"18,2";"990,2";"991,9";"989,6";"10,3";"199,0";"17,2";"381,70";"0,0"
"16/11/2025";"2100";"21,0";"23,6";"19,2";"87,0";"97,0";"73,0";"18,4";"18,8";"17,8";"994,5";"996,4";"991,8";"5,0";"224,0";"12,6";"26,30";"7,4"
"16/11/2025";"2200";"19,2";"19,3";"19,1";"98,0";"98,0";"96,0";"18,7";"19,0";"18,4";"996,9";"997,6";"996,3";"2,7";"270,0";"5,2";"4,70";"4,8"
"16/11/2025";"2300";"19,1";"19,3";"19,0";"97,0";"98,0";"95,0";"18,5";"18,8";"18,0";"997,7";"998,1";"997,4";"2,3";"295,0";"3,7";"1,90";"2,0"
"17/11/2025";"0000";"18,9";"19,1";"18,8";"96,0";"98,0";"95,0";"18,1";"18,4";"17,8";"996,8";"997,4";"995,8";"2,2";"238,0";"4,1";"0,40";"0,6"
"17/11/2025";"0100";"18,8";"18,9";"18,7";"96,0";"98,0";"95,0";"18,1";"18,3";"17,8";"997,7";"999,0";"996,9";"5,8";"220,0";"8,8";"";"0,0"
"17/11/2025";"0200";"18,8";"18,9";"18,8";"98,0";"99,0";"96,0";"18,4";"18,6";"18,1";"999,3";"999,6";"998,7";"1,6";"262,0";"3,2";"";"0,2"
"17/11/2025";"0300";"18,8";"18,9";"18,7";"97,0";"99,0";"96,0";"18,2";"18,7";"17,9";"999,5";"1000,2";"998,7";"0,8";"270,0";"1,8";"0,20";"0,0"
"17/11/2025";"0400";"18,7";"18,8";"18,4";"97,0";"98,0";"96,0";"18,0";"18,3";"17,7";"999,6";"1000,4";"998,7";"3,3";"238,0";"7,1";"0,10";"0,2"
"17/11/2025";"0500";"18,3";"18,4";"18,3";"97,0";"98,0";"96,0";"17,7";"17,9";"17,5";"999,1";"999,7";"998,8";"1,3";"267,0";"1,9";"";"0,0"
"17/11/2025";"0600";"18,4";"18,5";"18,3";"96,0";"98,0";"94,0";"17,5";"17,9";"17,3";"998,7";"999,3";"998,2";"1,0";"266,0";"2,0";"";"0,0"
"17/11/2025";"0700";"18,2";"18,3";"18,2";"98,0";"99,0";"97,0";"17,8";"18,0";"17,6";"998,9";"999,3";"998,4";"1,3";"212,0";"1,8";"";"0,0"
"17/11/2025";"0800";"18,2";"18,3";"18,0";"97,0";"98,0";"96,0";"17,6";"17,9";"17,5";"999,6";"1000,1";"999,3";"3,7";"218,0";"6,1";"";"0,0"
"17/11/2025";"0900";"18,0";"18,0";"18,0";"97,0";"98,0";"96,0";"17,5";"17,6";"17,3";"1000,3";"1001,0";"999,9";"3,2";"211,0";"5,5";"5,00";"0,2"
"17/11/2025";"1000";"17,0";"18,0";"16,8";"96,0";"99,0";"92,0";"16,3";"17,6";"15,9";"1002,3";"1003,3";"1001,1";"1,8";"207,0";"3,0";"41,80";"0,4"
"17/11/2025";"1100";"16,5";"16,9";"16,1";"94,0";"97,0";"92,0";"15,3";"16,2";"14,5";"1003,6";"1003,9";"1003,2";"1,8";"29,0";"3,2";"144,50";"0,0"
"17/11/2025";"1200";"17,0";"17,8";"16,3";"89,0";"96,0";"82,0";"14,8";"15,6";"14,1";"1003,9";"1004,0";"1003,8";"0,8";"133,0";"2,1";"635,30";"0,0"
"17/11/2025";"1300";"17,7";"17,9";"17,5";"84,0";"87,0";"80,0";"14,6";"15,2";"13,8";"1004,2";"1004,4";"1003,8";"0,6";"168,0";"2,2";"562,10";"0,0"
"17/11/2025";"1400";"18,0";"18,2";"17,9";"83,0";"86,0";"80,0";"14,6";"15,4";"14,1";"1004,2";"1004,3";"1003,8";"1,4";"31,0";"2,4";"583,00";"0,0"
"17/11/2025";"1500";"18,8";"19,3";"18,2";"80,0";"86,0";"75,0";"14,8";"16,0";"14,2";"1003,8";"1003,9";"1003,5";"0,7";"140,0";"2,0";"910,50";"0,0"
"17/11/2025";"1600";"17,7";"18,5";"17,2";"90,0";"95,0";"83,0";"15,7";"16,4";"15,0";"1003,8";"1004,0";"1003,4";"1,7";"228,0";"2,5";"470,40";"0,4"
"17/11/2025";"1700";"19,0";"20,0";"18,1";"83,0";"91,0";"72,0";"15,7";"17,0";"14,2";"1003,6";"1004,1";"1003,1";"1,7";"264,0";"3,3";"1902,50";"0,0"
"17/11/2025";"1800";"20,8";"21,6";"19,7";"73,0";"83,0";"67,0";"15,5";"16,7";"14,5";"1002,4";"1003,1";"1001,7";"1,7";"222,0";"3,2";"2532,00";"0,0"
"17/11/2025";"1900";"21,5";"22,1";"20,1";"71,0";"80,0";"64,0";"15,6";"16,2";"14,7";"1001,4";"1001,7";"1001,2";"3,2";"70,0";"5,2";"1685,90";"0,0"
"17/11/2025";"2000";"19,6";"20,1";"19,3";"81,0";"84,0";"78,0";"15,8";"16,3";"15,4";"1001,6";"1001,8";"1001,3";"1,4";"56,0";"2,6";"431,40";"0,0"
"17/11/2025";"2100";"20,3";"21,0";"19,9";"76,0";"80,0";"72,0";"15,5";"16,7";"14,9";"1001,4";"1001,6";"1001,3";"1,7";"56,0";"2,7";"739,20";"0,0"
"17/11/2025";"2200";"19,8";"19,9";"19,2";"80,0";"84,0";"77,0";"15,8";"16,2";"15,2";"1001,7";"1002,0";"1001,5";"1,7";"68,0";"2,3";"184,90";"0,0"
"17/11/2025";"2300";"18,2";"19,1";"17,5";"88,0";"93,0";"84,0";"15,7";"16,1";"15,4";"1002,1";"1002,3";"1001,9";"1,1";"82,0";"2,1";"2,00";"0,0"
"18/11/2025";"0000";"17,0";"17,5";"16,3";"95,0";"97,0";"93,0";"15,9";"16,2";"15,5";"1002,4";"1002,5";"1002,2";"0,7";"66,0";"1,3";"";"0,0"
"18/11/2025";"0100";"16,1";"16,4";"15,9";"97,0";"97,0";"96,0";"15,6";"15,8";"15,3";"1002,6";"1002,8";"1002,3";"1,6";"73,0";"3,0";"";"0,0"
"18/11/2025";"0200";"15,8";"16,0";"15,6";"97,0";"98,0";"96,0";"15,3";"15,5";"15,0";"1002,9";"1003,1";"1002,7";"1,4";"28,0";"1,9";"";"0,0"
"18/11/2025";"0300";"15,5";"15,6";"15,3";"97,0";"98,0";"96,0";"14,9";"15,1";"14,7";"1002,7";"1002,9";"1002,4";"1,6";"195,0";"2,8";"";"0,0"
"18/11/2025";"0400";"15,1";"15,4";"14,8";"98,0";"99,0";"97,0";"14,8";"15,0";"14,6";"1001,9";"1002,4";"1001,6";"0,9";"117,0";"1,2";"";"0,0"
"18/11/2025";"0500";"14,5";"14,9";"14,2";"99,0";"100,0";"98,0";"14,4";"14,7";"13,9";"1001,2";"1001,7";"1000,9";"0,6";"240,0";"1,2";"";"0,0"
"18/11/2025";"0600";"14,8";"15,0";"14,2";"100,0";"100,0";"99,0";"14,8";"15,1";"14,0";"1001,0";"1001,1";"1000,8";"1,3";"177,0";"1,7";"";"0,0"
"18/11/2025";"0700";"14,9";"15,2";"14,7";"100,0";"100,0";"100,0";"15,0";"15,2";"14,7";"1000,8";"1001,1";"1000,7";"1,5";"35,0";"2,1";"";"0,0"
"18/11/2025";"0800";"15,0";"15,3";"14,6";"99,0";"100,0";"98,0";"14,8";"15,2";"14,4";"1000,4";"1000,7";"1000,1";"1,6";"199,0";"2,8";"";"0,0"
"18/11/2025";"0900";"15,0";"15,2";"14,6";"100,0";"100,0";"98,0";"14,9";"15,2";"14,6";"1000,9";"1001,1";"1000,6";"0,6";"183,0";"1,3";"42,10";"0,0"
"18/11/2025";"1000";"15,4";"15,7";"15,2";"97,0";"99,0";"94,0";"14,8";"15,1";"14,4";"1001,2";"1001,4";"1000,9";"1,4";"316,0";"2,2";"276,30";"0,0"
"18/11/2025";"1100";"16,0";"16,5";"15,7";"92,0";"95,0";"89,0";"14,4";"15,2";"14,1";"1001,1";"1001,4";"1000,9";"1,7";"303,0";"3,0";"679,10";"0,0"
"18/11/2025";"1200";"17,2";"18,0";"16,6";"89,0";"93,0";"85,0";"15,0";"15,7";"14,4";"1000,8";"1000,9";"1000,7";"1,3";"235,0";"3,6";"1071,40";"0,0"
"18/11/2025";"1300";"19,1";"20,4";"18,0";"80,0";"87,0";"72,0";"15,2";"16,3";"14,5";"1000,7";"1000,8";"1000,5";"1,0";"179,0";"2,6";"2651,10";"0,0"
"18/11/2025";"1400";"21,0";"22,1";"20,0";"73,0";"81,0";"65,0";"15,6";"17,0";"14,6";"1000,0";"1000,5";"999,6";"1,3";"164,0";"3,9";"3114,50";"0,0"
"18/11/2025";"1500";"22,7";"23,6";"22,0";"67,0";"73,0";"59,0";"16,0";"17,1";"14,8";"999,2";"999,6";"998,7";"2,6";"232,0";"5,3";"3353,20";"0,0"
"18/11/2025";"1600";"23,9";"25,0";"23,1";"60,0";"68,0";"52,0";"15,9";"17,1";"14,8";"998,0";"998,8";"997,3";"2,4";"275,0";"4,5";"3577,60";"0,0"
"18/11/2025";"1700";"25,3";"26,3";"24,5";"54,0";"59,0";"48,0";"16,1";"17,8";"15,0";"996,6";"997,3";"996,0";"1,5";"227,0";"3,8";"3769,50";"0,0"
"18/11/2025";"1800";"26,9";"27,8";"26,1";"49,0";"54,0";"44,0";"16,7";"17,9";"15,9";"995,5";"995,9";"995,1";"3,3";"268,0";"5,6";"3339,80";"0,0"
"18/11/2025";"1900";"27,1";"27,9";"26,0";"49,0";"54,0";"42,0";"16,9";"17,8";"15,9";"995,0";"995,1";"994,8";"2,8";"213,0";"5,4";"2187,10";"0,0"
"18/11/2025";"2000";"27,3";"27,7";"25,9";"47,0";"57,0";"41,0";"16,7";"18,3";"15,6";"994,8";"995,0";"994,6";"4,1";"195,0";"7,0";"1869,60";"0,0"
"18/11/2025";"2100";"26,8";"27,3";"25,8";"44,0";"48,0";"39,0";"15,6";"16,8";"14,9";"994,8";"995,1";"994,5";"3,7";"188,0";"5,8";"999,90";"0,0"
"18/11/2025";"2200";"24,9";"25,7";"24,1";"51,0";"57,0";"47,0";"15,1";"15,6";"14,6";"995,6";"995,9";"995,1";"0,6";"257,0";"1,7";"241,60";"0,0"
"18/11/2025";"2300";"21,4";"23,8";"20,0";"69,0";"76,0";"59,0";"15,1";"15,6";"14,7";"996,3";"996,6";"995,9";"1,6";"26,0";"2,4";"0,70";"0,0"
"19/11/2025";"0000";"18,9";"20,0";"18,2";"82,0";"86,0";"75,0";"15,3";"15,6";"14,8";"997,0";"997,4";"996,6";"2,5";"64,0";"3,2";"";"0,0"
"19/11/2025";"0100";"17,8";"18,1";"17,5";"88,0";"93,0";"86,0";"15,4";"16,0";"15,1";"997,8";"998,0";"997,4";"0,2";"83,0";"0,5";"";"0,0"
"19/11/2025";"0200";"17,1";"17,6";"16,5";"91,0";"94,0";"89,0";"15,3";"15,7";"15,1";"998,2";"998,4";"998,1";"1,1";"94,0";"2,0";"";"0,0"
"19/11/2025";"0300";"16,2";"16,6";"15,3";"94,0";"97,0";"90,0";"15,0";"15,3";"14,2";"998,5";"998,6";"998,4";"0,8";"163,0";"2,8";"";"0,0"
"19/11/2025";"0400";"15,9";"16,4";"15,5";"94,0";"96,0";"87,0";"14,7";"15,0";"13,3";"998,4";"998,5";"998,2";"0,6";"249,0";"1,7";"";"0,0"
"19/11/2025";"0500";"15,1";"15,8";"14,8";"96,0";"97,0";"93,0";"14,3";"14,6";"14,0";"998,1";"998,2";"997,9";"1,9";"98,0";"2,8";"";"0,0"
"19/11/2025";"0600";"14,7";"14,8";"14,5";"96,0";"97,0";"95,0";"13,8";"14,1";"13,6";"997,9";"998,0";"997,8";"2,4";"93,0";"3,9";"";"0,0"
"19/11/2025";"0700";"14,4";"14,6";"14,3";"95,0";"95,0";"94,0";"13,4";"13,6";"13,2";"998,2";"998,9";"997,9";"2,4";"96,0";"3,7";"";"0,0"
"19/11/2025";"0800";"15,1";"16,0";"14,6";"91,0";"94,0";"86,0";"13,4";"13,7";"13,1";"999,9";"1000,5";"998,9";"3,0";"190,0";"4,2";"";"0,0"
"19/11/2025";"0900";"15,4";"16,1";"14,8";"91,0";"95,0";"85,0";"13,6";"14,2";"13,1";"1001,1";"1001,7";"1000,3";"1,0";"259,0";"1,7";"34,30";"0,0"
"19/11/2025";"1000";"16,2";"17,0";"15,5";"90,0";"93,0";"85,0";"14,2";"15,1";"13,6";"1002,3";"1002,8";"1001,7";"0,3";"152,0";"0,8";"243,40";"0,0"
"19/11/2025";"1100";"17,6";"18,6";"17,0";"87,0";"91,0";"79,0";"14,9";"15,9";"13,7";"1003,2";"1003,7";"1002,8";"0,5";"171,0";"1,1";"499,00";"0,0"
"19/11/2025";"1200";"19,1";"19,4";"18,6";"65,0";"81,0";"58,0";"12,1";"14,8";"10,9";"1004,0";"1004,3";"1003,7";"2,7";"114,0";"4,5";"957,20";"0,0"
"19/11/2025";"1300";"20,1";"21,3";"19,4";"59,0";"64,0";"49,0";"11,9";"13,1";"10,6";"1004,4";"1004,5";"1004,3";"2,1";"69,0";"3,9";"1597,30";"0,0"
"19/11/2025";"1400";"22,0";"23,0";"20,8";"48,0";"56,0";"39,0";"11,5";"12,7";"10,5";"1004,3";"1004,4";"1004,2";"2,3";"148,0";"3,8";"3206,20";"0,0"
"19/11/2025";"1500";"23,4";"24,1";"22,7";"40,0";"46,0";"31,0";"11,3";"12,6";"10,0";"1003,8";"1004,2";"1003,5";"2,0";"76,0";"4,3";"3670,10";"0,0"
"19/11/2025";"1600";"24,6";"25,4";"23,9";"35,0";"42,0";"28,0";"11,5";"13,2";"10,2";"1003,2";"1003,5";"1002,9";"2,3";"97,0";"4,8";"3943,60";"0,0"
"19/11/2025";"1700";"25,5";"26,1";"25,0";"31,0";"38,0";"26,0";"11,7";"12,9";"10,5";"1002,5";"1002,9";"1002,2";"2,6";"79,0";"5,0";"3758,60";"0,0"
"19/11/2025";"1800";"26,2";"26,8";"25,8";"31,0";"37,0";"25,0";"12,3";"14,0";"11,0";"1001,8";"1002,2";"1001,6";"1,8";"141,0";"4,3";"3306,70";"0,0"
"19/11/2025";"1900";"26,5";"26,9";"26,0";"29,0";"36,0";"24,0";"12,3";"14,2";"11,1";"1001,4";"1001,7";"1001,2";"2,0";"90,0";"3,4";"2633,40";"0,0"
"19/11/2025";"2000";"26,5";"26,7";"26,1";"31,0";"37,0";"25,0";"12,6";"13,7";"11,6";"1001,1";"1001,2";"1001,0";"1,4";"111,0";"3,2";"1816,80";"0,0"
"19/11/2025";"2100";"25,4";"26,3";"24,6";"34,0";"37,0";"29,0";"12,2";"13,1";"11,5";"1001,4";"1001,7";"1001,1";"2,7";"99,0";"4,6";"958,90";"0,0"
"19/11/2025";"2200";"23,0";"24,6";"21,0";"42,0";"47,0";"37,0";"11,3";"12,6";"10,1";"1002,1";"1002,5";"1001,7";"1,9";"57,0";"2,5";"223,30";"0,0"
"19/11/2025";"2300";"19,8";"21,2";"18,2";"56,0";"66,0";"46,0";"11,0";"11,8";"10,3";"1002,9";"1003,4";"1002,5";"2,8";"50,0";"4,0";"0,30";"0,0"
"20/11/2025";"0000";"17,9";"19,2";"16,6";"63,0";"70,0";"57,0";"10,6";"11,1";"10,3";"1003,5";"1003,8";"1003,3";"2,5";"66,0";"3,7";"";"0,0"
"20/11/2025";"0100";"16,2";"16,5";"15,9";"70,0";"71,0";"68,0";"10,1";"10,5";"9,8";"1004,2";"1004,6";"1003,9";"2,0";"58,0";"3,5";"";"0,0"
"20/11/2025";"0200";"15,9";"16,2";"15,5";"71,0";"76,0";"69,0";"10,1";"10,8";"9,8";"1004,8";"1004,9";"1004,6";"1,0";"55,0";"1,3";"";"0,0"
"20/11/2025";"0300";"14,7";"15,7";"13,8";"77,0";"83,0";"71,0";"10,2";"10,6";"9,9";"1004,7";"1004,8";"1004,6";"1,1";"36,0";"1,7";"";"0,0"
"20/11/2025";"0400";"13,4";"13,8";"12,9";"85,0";"89,0";"82,0";"10,3";"10,9";"9,9";"1004,5";"1004,6";"1004,2";"0,3";"138,0";"1,1";"";"0,0"
"20/11/2025";"0500";"12,3";"13,0";"12,0";"90,0";"92,0";"87,0";"10,3";"10,7";"9,9";"1003,9";"1004,3";"1003,8";"0,5";"183,0";"1,4";"";"0,0"
"20/11/2025";"0600";"11,7";"12,5";"11,2";"93,0";"95,0";"87,0";"10,2";"10,4";"10,0";"1003,7";"1003,8";"1003,7";"1,2";"65,0";"2,1";"";"0,0"
"20/11/2025";"0700";"11,1";"11,2";"11,0";"97,0";"98,0";"95,0";"10,4";"10,6";"10,2";"1003,8";"1003,9";"1003,7";"0,4";"269,0";"0,9";"";"0,0"
"20/11/2025";"0800";"10,8";"11,0";"10,3";"98,0";"99,0";"97,0";"10,4";"10,7";"9,7";"1003,8";"1003,9";"1003,7";"1,0";"49,0";"1,4";"";"0,0"
"20/11/2025";"0900";"10,8";"11,0";"10,5";"97,0";"98,0";"96,0";"10,2";"10,3";"10,0";"1004,4";"1004,8";"1003,9";"1,0";"80,0";"1,6";"61,60";"0,0"
"20/11/2025";"1000";"12,3";"13,9";"10,8";"93,0";"97,0";"86,0";"10,8";"11,4";"10,2";"1004,9";"1005,0";"1004,8";"0,5";"99,0";"1,3";"591,00";"0,0"
"20/11/2025";"1100";"15,2";"16,7";"14,0";"82,0";"86,0";"76,0";"11,7";"12,5";"10,8";"1004,7";"1004,8";"1004,7";"0,7";"193,0";"1,8";"1529,90";"0,0"
"20/11/2025";"1200";"18,4";"20,2";"16,6";"71,0";"82,0";"64,0";"12,6";"14,2";"11,7";"1004,5";"1004,7";"1004,2";"1,4";"211,0";"2,4";"2291,80";"0,0"
"20/11/2025";"1300";"22,2";"23,9";"20,2";"62,0";"68,0";"57,0";"14,7";"16,4";"12,9";"1003,9";"1004,2";"1003,6";"1,2";"213,0";"3,2";"3012,80";"0,0"
"20/11/2025";"1400";"25,1";"26,5";"23,9";"57,0";"63,0";"53,0";"16,5";"18,0";"15,3";"1003,0";"1003,5";"1002,5";"1,3";"177,0";"3,0";"3526,20";"0,0"
"20/11/2025";"1500";"27,3";"28,3";"26,3";"52,0";"58,0";"46,0";"17,7";"18,8";"16,6";"1002,0";"1002,5";"1001,5";"1,2";"130,0";"2,9";"3860,10";"0,0"
"20/11/2025";"1600";"29,6";"30,8";"28,2";"37,0";"49,0";"31,0";"17,0";"18,3";"16,1";"1001,0";"1001,5";"1000,4";"1,5";"196,0";"3,5";"3924,60";"0,0"
"20/11/2025";"1700";"30,4";"31,3";"29,4";"32,0";"43,0";"26,0";"16,7";"18,1";"15,8";"999,9";"1000,5";"999,4";"2,4";"280,0";"5,2";"3764,50";"0,0"
"20/11/2025";"1800";"31,1";"31,6";"30,6";"28,0";"38,0";"24,0";"16,7";"18,4";"16,0";"998,8";"999,4";"998,1";"2,9";"88,0";"5,1";"3318,00";"0,0"
"20/11/2025";"1900";"31,6";"32,1";"30,8";"27,0";"35,0";"24,0";"17,0";"18,5";"16,2";"997,8";"998,1";"997,3";"2,0";"50,0";"3,9";"2650,20";"0,0"
"20/11/2025";"2000";"31,5";"32,2";"30,9";"30,0";"35,0";"25,0";"17,5";"18,5";"16,8";"996,9";"997,3";"996,5";"2,6";"74,0";"4,4";"1828,60";"0,0"
"20/11/2025";"2100";"30,6";"31,2";"29,9";"34,0";"39,0";"30,0";"17,4";"17,9";"16,7";"996,2";"996,5";"996,0";"2,7";"72,0";"4,8";"982,00";"0,0"
"20/11/2025";"2200";"27,9";"29,8";"26,0";"44,0";"51,0";"39,0";"16,8";"17,9";"16,0";"996,2";"996,4";"996,0";"3,0";"71,0";"5,2";"236,80";"0,0"
"20/11/2025";"2300";"24,8";"26,0";"23,9";"54,0";"58,0";"51,0";"15,7";"16,1";"15,3";"996,6";"996,8";"996,3";"2,8";"66,0";"3,9";"1,20";"0,0"
"21/11/2025";"0000";"23,2";"23,9";"22,2";"62,0";"69,0";"58,0";"15,6";"16,2";"15,4";"997,0";"997,4";"996,8";"1,0";"150,0";"2,7";"";"0,0"
"21/11/2025";"0100";"21,7";"22,3";"20,3";"69,0";"75,0";"63,0";"15,4";"15,7";"14,8";"997,7";"998,0";"997,4";"1,6";"108,0";"2,1";"";"0,0"
"21/11/2025";"0200";"19,8";"20,4";"19,3";"78,0";"81,0";"74,0";"15,4";"15,9";"15,1";"997,9";"998,1";"997,8";"0,8";"167,0";"1,6";"";"0,0"
"21/11/2025";"0300";"19,0";"19,4";"18,4";"83,0";"87,0";"79,0";"15,5";"16,0";"15,2";"998,2";"998,4";"997,8";"0,8";"150,0";"1,6";"";"0,0"
"21/11/2025";"0400";"18,2";"19,2";"18,0";"86,0";"87,0";"81,0";"15,4";"15,6";"15,2";"998,3";"998,5";"998,0";"1,4";"68,0";"2,7";"";"0,0"
"21/11/2025";"0500";"20,0";"24,0";"18,0";"76,0";"88,0";"55,0";"15,2";"15,7";"14,2";"997,8";"998,0";"997,5";"3,9";"231,0";"8,2";"";"0,0"
"21/11/2025";"0600";"24,2";"24,5";"22,5";"54,0";"62,0";"52,0";"14,9";"15,5";"14,5";"997,6";"997,8";"997,4";"5,8";"317,0";"11,8";"";"0,0"
"21/11/2025";"0700";"24,0";"24,3";"23,5";"55,0";"57,0";"53,0";"14,9";"15,0";"14,8";"997,9";"998,3";"997,6";"5,3";"309,0";"11,4";"";"0,0"
"21/11/2025";"0800";"23,5";"24,0";"22,7";"57,0";"60,0";"55,0";"14,9";"15,0";"14,7";"998,3";"998,9";"998,0";"2,1";"181,0";"6,7";"";"0,0"
"21/11/2025";"0900";"22,7";"23,4";"21,9";"61,0";"66,0";"58,0";"14,9";"15,2";"14,5";"999,7";"1000,5";"998,9";"1,7";"193,0";"3,6";"41,20";"0,0"
"21/11/2025";"1000";"22,8";"23,6";"21,8";"62,0";"67,0";"58,0";"15,2";"15,6";"14,9";"1000,9";"1001,2";"1000,6";"3,9";"296,0";"8,6";"489,00";"0,0"
"21/11/2025";"1100";"24,1";"24,6";"23,6";"58,0";"60,0";"56,0";"15,7";"16,1";"15,3";"1002,0";"1002,3";"1001,2";"3,4";"281,0";"6,2";"1088,50";"0,0"
"21/11/2025";"1200";"25,9";"27,3";"24,2";"53,0";"59,0";"49,0";"16,5";"17,3";"15,7";"1001,8";"1002,3";"1001,3";"5,8";"313,0";"10,0";"2034,50";"0,0"
"21/11/2025";"1300";"27,9";"28,9";"27,2";"49,0";"51,0";"46,0";"17,6";"18,2";"16,9";"1001,4";"1001,6";"1000,9";"6,1";"315,0";"9,8";"2860,20";"0,0"
"21/11/2025";"1400";"29,5";"30,9";"28,6";"46,0";"48,0";"43,0";"18,7";"19,7";"18,0";"1000,5";"1001,0";"1000,1";"5,0";"306,0";"10,4";"3494,70";"0,0"
"21/11/2025";"1500";"31,4";"31,9";"30,7";"43,0";"45,0";"41,0";"20,0";"20,7";"19,4";"1000,0";"1000,1";"999,8";"3,7";"294,0";"7,8";"3779,30";"0,0"
"21/11/2025";"1600";"32,4";"33,4";"31,8";"41,0";"45,0";"39,0";"20,6";"21,6";"20,1";"999,7";"999,9";"999,4";"3,2";"302,0";"6,4";"3173,90";"0,0"
"21/11/2025";"1700";"31,7";"32,9";"30,5";"46,0";"52,0";"41,0";"21,0";"22,4";"20,0";"999,6";"999,8";"999,4";"3,3";"193,0";"6,6";"2094,70";"0,0"
"21/11/2025";"1800";"30,1";"31,3";"27,5";"54,0";"69,0";"47,0";"21,0";"22,8";"19,9";"999,8";"1000,2";"999,5";"4,2";"182,0";"7,2";"1718,80";"0,4"
"21/11/2025";"1900";"30,4";"31,0";"30,1";"51,0";"55,0";"48,0";"20,7";"21,8";"20,0";"999,6";"999,8";"999,4";"2,9";"184,0";"5,0";"1463,50";"0,0"
"21/11/2025";"2000";"30,4";"30,8";"30,1";"53,0";"57,0";"47,0";"21,0";"21,7";"20,0";"998,9";"999,4";"998,4";"1,4";"180,0";"2,5";"1071,90";"0,0"
"21/11/2025";"2100";"30,2";"30,7";"29,5";"53,0";"58,0";"49,0";"20,7";"22,2";"19,8";"998,7";"999,1";"998,3";"3,7";"179,0";"6,0";"854,70";"0,0"
"21/11/2025";"2200";"28,7";"29,4";"27,4";"53,0";"55,0";"50,0";"19,3";"20,0";"18,4";"999,6";"1000,4";"999,1";"5,1";"189,0";"9,5";"200,10";"0,0"
"21/11/2025";"2300";"26,1";"27,3";"24,9";"57,0";"60,0";"55,0";"17,5";"18,4";"16,8";"1001,4";"1002,2";"1000,4";"4,1";"203,0";"6,3";"4,70";"0,0"
"22/11/2025";"0000";"24,3";"24,9";"23,8";"60,0";"62,0";"58,0";"16,3";"16,8";"15,9";"1002,7";"1003,0";"1002,2";"1,3";"125,0";"2,5";"";"0,0"
"22/11/2025";"0100";"23,7";"23,9";"23,5";"61,0";"64,0";"60,0";"15,9";"16,2";"15,6";"1003,4";"1003,8";"1003,1";"1,1";"178,0";"2,2";"";"0,0"
"22/11/2025";"0200";"22,6";"23,4";"22,3";"68,0";"70,0";"65,0";"16,1";"16,6";"15,8";"1004,0";"1004,2";"1003,8";"1,1";"156,0";"2,2";"";"0,0"
"22/11/2025";"0300";"21,9";"22,5";"21,1";"72,0";"75,0";"69,0";"16,4";"16,8";"16,0";"1004,5";"1005,1";"1004,2";"4,4";"87,0";"7,8";"";"0,0"
"22/11/2025";"0400";"20,5";"21,0";"20,1";"74,0";"76,0";"72,0";"15,3";"16,1";"15,0";"1005,2";"1005,4";"1005,1";"3,5";"104,0";"6,3";"";"0,0"
"22/11/2025";"0500";"19,9";"20,1";"19,6";"76,0";"77,0";"75,0";"15,0";"15,3";"14,8";"1005,4";"1005,5";"1005,2";"2,7";"84,0";"5,8";"";"0,0"
"22/11/2025";"0600";"19,3";"19,5";"19,1";"76,0";"78,0";"74,0";"14,5";"15,0";"14,2";"1005,3";"1005,4";"1005,2";"1,9";"97,0";"4,2";"";"0,0"
"22/11/2025";"0700";"19,0";"19,1";"18,8";"80,0";"82,0";"78,0";"15,0";"15,3";"14,6";"1005,6";"1005,7";"1005,4";"1,4";"89,0";"2,8";"";"0,0"
"22/11/2025";"0800";"18,6";"18,8";"18,3";"84,0";"87,0";"81,0";"15,4";"15,9";"15,0";"1005,6";"1005,7";"1005,4";"1,1";"72,0";"1,8";"";"0,0"
"22/11/2025";"0900";"18,0";"18,4";"17,8";"87,0";"88,0";"85,0";"15,4";"15,6";"15,2";"1005,8";"1006,0";"1005,6";"1,3";"94,0";"2,2";"55,50";"0,0"
"22/11/2025";"1000";"19,0";"19,3";"18,4";"82,0";"86,0";"79,0";"15,3";"15,7";"15,0";"1006,3";"1006,5";"1006,0";"2,5";"107,0";"4,2";"297,10";"0,0"
"22/11/2025";"1100";"19,6";"20,4";"19,3";"78,0";"80,0";"74,0";"15,3";"15,8";"14,9";"1006,6";"1006,7";"1006,5";"2,6";"93,0";"4,9";"572,10";"0,0"
"22/11/2025";"1200";"20,5";"20,7";"20,3";"75,0";"76,0";"73,0";"15,5";"15,8";"15,2";"1006,8";"1006,9";"1006,5";"3,2";"104,0";"5,8";"654,70";"0,0"
"22/11/2025";"1300";"21,1";"21,5";"20,5";"72,0";"75,0";"70,0";"15,5";"15,9";"15,2";"1006,7";"1006,9";"1006,6";"3,3";"95,0";"5,9";"968,20";"0,0"
"22/11/2025";"1400";"21,5";"21,8";"21,1";"71,0";"73,0";"68,0";"15,6";"16,0";"15,3";"1006,8";"1006,8";"1006,7";"2,0";"86,0";"3,4";"730,40";"0,0"
"22/11/2025";"1500";"22,3";"23,1";"21,7";"68,0";"70,0";"65,0";"15,9";"16,8";"15,4";"1006,8";"1006,9";"1006,6";"2,7";"86,0";"5,2";"1095,50";"0,0"
"22/11/2025";"1600";"23,7";"25,0";"22,7";"64,0";"68,0";"57,0";"16,5";"17,4";"15,8";"1006,2";"1006,6";"1005,9";"3,0";"86,0";"5,3";"2264,80";"0,0"
"22/11/2025";"1700";"24,9";"26,3";"24,0";"61,0";"66,0";"55,0";"17,2";"18,5";"16,4";"1005,5";"1005,9";"1005,2";"4,0";"112,0";"6,3";"2993,00";"0,0"
"22/11/2025";"1800";"25,1";"26,3";"24,3";"59,0";"63,0";"54,0";"16,8";"18,3";"16,1";"1004,8";"1005,1";"1004,7";"3,7";"88,0";"7,4";"1850,20";"0,0"
"22/11/2025";"1900";"24,3";"25,7";"23,8";"59,0";"61,0";"56,0";"16,1";"17,2";"15,7";"1004,8";"1004,8";"1004,7";"5,7";"106,0";"8,8";"921,70";"0,0"
"22/11/2025";"2000";"24,3";"24,8";"23,6";"58,0";"61,0";"55,0";"15,8";"16,4";"15,4";"1004,7";"1004,8";"1004,5";"5,6";"107,0";"9,4";"1655,80";"0,0"
"22/11/2025";"2100";"23,0";"24,3";"22,6";"66,0";"69,0";"58,0";"16,2";"16,6";"15,8";"1005,0";"1005,2";"1004,6";"5,2";"82,0";"9,8";"773,60";"0,0"
"22/11/2025";"2200";"21,3";"22,7";"20,3";"69,0";"73,0";"65,0";"15,2";"15,9";"14,9";"1005,6";"1006,2";"1005,1";"6,2";"75,0";"9,9";"242,90";"0,0"
"22/11/2025";"2300";"19,5";"20,3";"19,0";"76,0";"78,0";"73,0";"14,7";"15,1";"14,3";"1006,7";"1007,3";"1006,2";"5,7";"79,0";"9,7";"1,70";"0,0"
"23/11/2025";"0000";"18,5";"19,0";"18,1";"80,0";"82,0";"77,0";"14,5";"15,0";"14,1";"1007,9";"1008,5";"1007,3";"5,3";"78,0";"8,8";"";"0,0"
"23/11/2025";"0100";"18,1";"18,1";"17,9";"78,0";"80,0";"76,0";"13,7";"14,0";"13,3";"1008,9";"1009,5";"1008,6";"4,7";"72,0";"8,6";"";"0,0"
"23/11/2025";"0200";"17,7";"18,0";"17,4";"77,0";"79,0";"75,0";"13,2";"13,4";"13,0";"1009,5";"1009,5";"1009,4";"4,0";"70,0";"8,5";"";"0,0"
"23/11/2025";"0300";"17,5";"17,6";"17,3";"79,0";"81,0";"77,0";"13,3";"13,5";"13,0";"1009,2";"1009,5";"1008,9";"1,9";"88,0";"5,1";"";"0,0"
"23/11/2025";"0400";"17,5";"17,6";"17,3";"79,0";"81,0";"78,0";"13,4";"13,5";"13,2";"1008,6";"1008,9";"1008,1";"2,7";"90,0";"5,0";"";"0,0"
"23/11/2025";"0500";"17,5";"17,6";"17,3";"78,0";"80,0";"77,0";"13,1";"13,4";"13,0";"1007,8";"1008,2";"1007,6";"2,2";"84,0";"4,2";"";"0,0"
"23/11/2025";"0600";"17,4";"17,5";"17,3";"79,0";"80,0";"78,0";"13,2";"13,4";"13,0";"1007,5";"1007,7";"1007,4";"1,8";"96,0";"3,8";"";"0,0"
"23/11/2025";"0700";"17,3";"17,4";"17,3";"80,0";"81,0";"79,0";"13,3";"13,4";"13,1";"1007,9";"1008,2";"1007,7";"2,7";"98,0";"5,0";"";"0,0"
"23/11/2025";"0800";"17,2";"17,3";"17,1";"81,0";"82,0";"79,0";"13,3";"13,6";"13,1";"1008,5";"1008,7";"1008,2";"2,3";"89,0";"5,0";"";"0,0"
"23/11/2025";"0900";"16,9";"17,0";"16,9";"83,0";"84,0";"82,0";"13,6";"13,8";"13,5";"1008,9";"1009,2";"1008,7";"2,8";"93,0";"5,7";"25,50";"0,0"
"23/11/2025";"1000";"17,2";"17,5";"17,0";"82,0";"84,0";"80,0";"13,5";"13,8";"13,4";"1009,4";"1009,5";"1009,2";"3,6";"92,0";"6,0";"219,70";"0,0"
"23/11/2025";"1100";"17,7";"18,1";"17,5";"80,0";"81,0";"76,0";"13,6";"13,9";"13,3";"1009,7";"1009,9";"1009,5";"2,8";"84,0";"5,5";"337,10";"0,0"
"23/11/2025";"1200";"18,6";"19,3";"18,2";"76,0";"78,0";"74,0";"13,8";"14,3";"13,5";"1009,8";"1009,9";"1009,7";"3,3";"81,0";"5,5";"601,90";"0,0"
"23/11/2025";"1300";"19,8";"20,5";"19,4";"71,0";"74,0";"68,0";"14,1";"14,6";"13,7";"1009,5";"1009,8";"1009,2";"5,0";"72,0";"7,9";"1085,20";"0,0"
"23/11/2025";"1400";"20,2";"20,8";"19,7";"69,0";"71,0";"67,0";"14,0";"14,9";"13,6";"1009,1";"1009,3";"1008,9";"5,8";"82,0";"9,6";"903,40";"0,0"
"23/11/2025";"1500";"20,7";"21,3";"19,7";"67,0";"72,0";"63,0";"14,0";"14,9";"13,6";"1008,6";"1009,0";"1008,3";"4,9";"64,0";"8,4";"1346,40";"0,0"
"23/11/2025";"1600";"20,9";"21,3";"20,2";"66,0";"71,0";"64,0";"14,2";"14,6";"13,8";"1008,1";"1008,4";"1007,9";"4,9";"92,0";"8,3";"940,50";"0,0"
"23/11/2025";"1700";"20,6";"21,2";"20,2";"67,0";"71,0";"65,0";"14,0";"14,8";"13,5";"1007,8";"1007,9";"1007,7";"4,1";"86,0";"8,2";"780,30";"0,0"
"23/11/2025";"1800";"20,6";"21,0";"20,4";"65,0";"67,0";"63,0";"13,6";"14,0";"13,3";"1007,6";"1007,9";"1007,2";"4,8";"72,0";"8,6";"713,70";"0,0"
"23/11/2025";"1900";"20,7";"20,9";"20,5";"66,0";"67,0";"63,0";"13,9";"14,3";"13,4";"1007,0";"1007,2";"1006,7";"4,7";"86,0";"9,6";"651,70";"0,0"
"23/11/2025";"2000";"20,2";"20,5";"19,8";"66,0";"68,0";"65,0";"13,4";"13,8";"13,1";"1006,5";"1006,7";"1006,4";"5,1";"93,0";"9,8";"504,90";"0,0"
"23/11/2025";"2100";"19,5";"19,8";"19,1";"68,0";"70,0";"67,0";"13,1";"13,4";"12,8";"1006,3";"1006,4";"1006,1";"5,3";"83,0";"9,3";"322,30";"0,0"
"23/11/2025";"2200";"18,6";"19,1";"18,3";"70,0";"72,0";"69,0";"12,6";"12,9";"12,3";"1006,5";"1006,7";"1006,1";"3,8";"82,0";"8,9";"108,10";"0,0"
"23/11/2025";"2300";"17,5";"18,2";"16,7";"73,0";"75,0";"70,0";"12,1";"12,5";"11,8";"1006,8";"1007,0";"1006,6";"2,6";"82,0";"4,4";"2,50";"0,0"
"24/11/2025";"0000";"16,2";"16,7";"15,6";"78,0";"80,0";"75,0";"11,7";"11,8";"11,6";"1007,3";"1007,6";"1007,0";"1,6";"75,0";"2,9";"";"0,0"
"24/11/2025";"0100";"15,5";"15,7";"15,2";"81,0";"84,0";"80,0";"11,8";"12,0";"11,7";"1008,0";"1008,2";"1007,6";"2,4";"62,0";"4,0";"";"0,0"
"24/11/2025";"0200";"15,6";"15,7";"15,4";"83,0";"85,0";"81,0";"12,2";"12,6";"11,9";"1007,9";"1008,1";"1007,9";"1,1";"39,0";"1,7";"";"0,0"
"24/11/2025";"0300";"15,1";"15,8";"14,6";"86,0";"90,0";"81,0";"12,3";"12,7";"11,9";"1007,7";"1007,9";"1007,5";"1,0";"66,0";"1,6";"";"0,0"
"24/11/2025";"0400";"14,3";"14,7";"13,9";"89,0";"92,0";"87,0";"12,2";"12,3";"12,1";"1007,3";"1007,6";"1007,1";"0,9";"63,0";"1,6";"";"0,0"
"24/11/2025";"0500";"13,6";"13,9";"13,3";"93,0";"94,0";"92,0";"12,1";"12,3";"11,9";"1007,0";"1007,1";"1006,9";"0,6";"182,0";"1,5";"";"0,0"
"24/11/2025";"0600";"13,1";"13,3";"12,7";"95,0";"96,0";"94,0";"12,0";"12,1";"11,8";"1006,7";"1006,9";"1006,5";"1,7";"41,0";"2,9";"";"0,0"
"24/11/2025";"0700";"13,2";"13,5";"12,6";"93,0";"95,0";"92,0";"11,8";"12,1";"11,6";"1006,4";"1006,5";"1006,3";"1,5";"80,0";"1,9";"";"0,0"
"24/11/2025";"0800";"12,6";"12,9";"12,4";"95,0";"96,0";"93,0";"11,5";"11,7";"11,3";"1006,6";"1006,9";"1006,4";"1,4";"149,0";"2,0";"";"0,0"
"24/11/2025";"0900";"12,1";"12,5";"11,6";"96,0";"98,0";"94,0";"11,4";"11,5";"11,0";"1007,3";"1007,6";"1006,9";"1,6";"73,0";"3,0";"34,90";"0,0"
"24/11/2025";"1000";"14,1";"16,4";"11,9";"90,0";"98,0";"81,0";"12,1";"12,7";"11,5";"1007,5";"1007,7";"1007,2";"2,0";"59,0";"3,0";"629,80";"0,0"
"24/11/2025";"1100";"18,2";"19,5";"16,6";"74,0";"81,0";"66,0";"12,9";"13,5";"12,4";"1006,9";"1007,2";"1006,6";"3,3";"76,0";"5,6";"1457,50";"0,0"
"24/11/2025";"1200";"20,9";"22,0";"19,6";"64,0";"69,0";"60,0";"13,7";"14,8";"12,6";"1006,2";"1006,6";"1005,8";"2,8";"96,0";"5,2";"2310,30";"0,0"
"24/11/2025";"1300";"23,2";"24,1";"22,1";"59,0";"63,0";"53,0";"15,0";"16,0";"13,9";"1005,5";"1005,8";"1005,3";"1,6";"133,0";"4,1";"3004,90";"0,0"
"24/11/2025";"1400";"24,3";"25,0";"23,4";"59,0";"62,0";"55,0";"16,0";"17,0";"14,7";"1005,2";"1005,3";"1005,0";"3,3";"220,0";"5,6";"3540,60";"0,0"
"24/11/2025";"1500";"25,3";"26,1";"24,5";"57,0";"62,0";"52,0";"16,8";"17,9";"15,3";"1004,6";"1005,0";"1004,2";"2,7";"178,0";"4,9";"3757,10";"0,0"
"24/11/2025";"1600";"26,9";"28,0";"26,0";"53,0";"60,0";"47,0";"17,6";"18,7";"16,5";"1003,7";"1004,2";"1003,2";"2,5";"151,0";"5,4";"3709,40";"0,0"
"24/11/2025";"1700";"27,7";"28,6";"26,7";"54,0";"58,0";"49,0";"18,4";"19,5";"17,3";"1002,7";"1003,2";"1002,2";"3,5";"105,0";"6,4";"3312,00";"0,0"
"24/11/2025";"1800";"27,7";"28,9";"26,8";"53,0";"56,0";"47,0";"18,3";"19,4";"17,5";"1001,9";"1002,3";"1001,6";"4,9";"118,0";"7,0";"2635,60";"0,0"
"24/11/2025";"1900";"28,0";"28,8";"27,1";"53,0";"57,0";"48,0";"18,5";"19,6";"17,7";"1001,4";"1001,6";"1001,1";"4,3";"113,0";"7,5";"2410,00";"0,0"
"24/11/2025";"2000";"27,4";"28,2";"26,4";"53,0";"57,0";"50,0";"18,1";"18,9";"17,2";"1001,0";"1001,1";"1000,8";"3,4";"95,0";"7,3";"1450,70";"0,0"
"24/11/2025";"2100";"26,4";"27,5";"25,7";"55,0";"57,0";"53,0";"17,4";"18,3";"16,9";"1001,2";"1001,7";"1000,9";"5,2";"99,0";"8,2";"1012,40";"0,0"
"24/11/2025";"2200";"24,6";"25,7";"23,3";"59,0";"64,0";"56,0";"16,5";"17,0";"16,0";"1002,0";"1002,3";"1001,7";"2,7";"98,0";"5,0";"260,30";"0,0"
"24/11/2025";"2300";"22,3";"23,3";"21,7";"68,0";"71,0";"64,0";"15,9";"16,1";"15,9";"1002,6";"1002,9";"1002,3";"2,7";"107,0";"4,4";"2,70";"0,0"
"25/11/2025";"0000";"21,2";"21,8";"20,2";"73,0";"79,0";"71,0";"15,8";"16,0";"15,6";"1003,2";"1003,4";"1002,9";"1,9";"61,0";"2,6";"";"0,0"
"25/11/2025";"0100";"19,7";"20,0";"19,0";"81,0";"86,0";"79,0";"16,0";"16,4";"15,8";"1003,9";"1004,4";"1003,5";"0,7";"252,0";"1,2";"";"0,0"
"25/11/2025";"0200";"18,6";"19,1";"17,9";"87,0";"89,0";"84,0";"15,9";"16,2";"15,6";"1004,4";"1004,5";"1004,2";"1,4";"52,0";"1,9";"";"0,0"
"25/11/2025";"0300";"17,6";"18,1";"17,3";"91,0";"93,0";"89,0";"15,8";"16,0";"15,4";"1004,0";"1004,2";"1003,8";"0,7";"166,0";"1,6";"";"0,0"
"25/11/2025";"0400";"17,2";"17,6";"16,9";"94,0";"96,0";"90,0";"15,9";"16,2";"15,6";"1003,7";"1003,8";"1003,5";"0,8";"284,0";"1,6";"";"0,0"
"25/11/2025";"0500";"16,9";"17,3";"16,5";"93,0";"96,0";"91,0";"15,6";"16,0";"15,1";"1003,3";"1003,5";"1003,1";"0,8";"209,0";"1,9";"";"0,0"
"25/11/2025";"0600";"16,3";"16,6";"16,1";"95,0";"97,0";"94,0";"15,4";"15,6";"15,1";"1003,1";"1003,3";"1002,9";"0,9";"192,0";"1,8";"";"0,0"
"25/11/2025";"0700";"15,7";"16,2";"15,5";"97,0";"99,0";"95,0";"15,2";"15,4";"14,9";"1003,0";"1003,1";"1002,9";"0,5";"180,0";"1,5";"";"0,0"
"25/11/2025";"0800";"15,6";"15,8";"15,4";"98,0";"99,0";"97,0";"15,2";"15,5";"14,9";"1003,1";"1003,3";"1003,0";"1,0";"225,0";"1,5";"";"0,0"
"25/11/2025";"0900";"15,3";"15,8";"15,0";"98,0";"99,0";"95,0";"14,8";"15,1";"14,6";"1003,6";"1004,0";"1003,2";"2,0";"189,0";"3,6";"55,40";"0,0"
"25/11/2025";"1000";"17,0";"18,5";"15,8";"92,0";"96,0";"85,0";"15,3";"15,9";"14,9";"1004,2";"1004,3";"1004,0";"2,9";"165,0";"3,7";"654,60";"0,0"
"25/11/2025";"1100";"21,0";"23,3";"18,4";"75,0";"87,0";"62,0";"15,9";"16,8";"14,8";"1004,3";"1004,3";"1004,2";"1,3";"132,0";"2,4";"1410,20";"0,0"
"25/11/2025";"1200";"24,2";"25,2";"23,3";"59,0";"65,0";"53,0";"16,0";"16,9";"15,2";"1004,1";"1004,3";"1003,9";"1,3";"144,0";"3,8";"2269,00";"0,0"
"25/11/2025";"1300";"26,1";"27,3";"25,2";"52,0";"58,0";"48,0";"16,5";"17,3";"15,9";"1003,8";"1004,0";"1003,6";"2,0";"213,0";"4,9";"2978,80";"0,0"
"25/11/2025";"1400";"27,5";"28,0";"26,8";"49,0";"54,0";"46,0";"17,3";"18,4";"16,6";"1003,6";"1003,7";"1003,4";"2,3";"251,0";"3,7";"3481,50";"0,0"
"25/11/2025";"1500";"28,5";"29,0";"27,6";"50,0";"54,0";"45,0";"18,4";"19,3";"17,2";"1003,2";"1003,5";"1002,8";"2,1";"165,0";"4,4";"3858,40";"0,0"
"25/11/2025";"1600";"29,3";"29,9";"28,4";"48,0";"53,0";"44,0";"19,0";"20,3";"17,7";"1002,5";"1002,8";"1002,2";"2,9";"179,0";"6,0";"3773,00";"0,0"
"25/11/2025";"1700";"30,1";"30,5";"29,7";"48,0";"52,0";"44,0";"19,8";"20,5";"18,9";"1001,8";"1002,3";"1001,3";"3,2";"179,0";"6,1";"3683,70";"0,0"
"25/11/2025";"1800";"30,7";"31,3";"29,9";"47,0";"52,0";"40,0";"20,0";"21,0";"19,2";"1000,9";"1001,3";"1000,7";"2,3";"135,0";"4,4";"2677,10";"0,0"
"25/11/2025";"1900";"29,9";"30,8";"29,5";"50,0";"53,0";"47,0";"19,9";"20,7";"19,4";"1000,8";"1000,8";"1000,7";"2,5";"117,0";"5,4";"1863,40";"0,0"
"25/11/2025";"2000";"30,5";"31,3";"29,6";"48,0";"52,0";"43,0";"20,2";"20,8";"19,7";"1000,4";"1000,7";"1000,2";"3,0";"78,0";"5,3";"1899,30";"0,0"
"25/11/2025";"2100";"29,5";"30,2";"28,7";"51,0";"53,0";"47,0";"19,7";"20,2";"19,1";"1000,2";"1000,4";"1000,1";"4,6";"105,0";"6,8";"989,70";"0,0"
"25/11/2025";"2200";"27,5";"28,6";"26,1";"57,0";"62,0";"53,0";"18,8";"19,2";"18,6";"1000,8";"1001,6";"1000,4";"4,3";"107,0";"9,1";"270,00";"0,0"
"25/11/2025";"2300";"24,9";"26,1";"23,9";"68,0";"74,0";"62,0";"18,6";"18,8";"18,4";"1002,1";"1002,4";"1001,6";"2,0";"82,0";"3,8";"3,30";"0,0"
"26/11/2025";"0000";"23,2";"23,9";"22,6";"75,0";"77,0";"74,0";"18,3";"18,7";"17,9";"1002,8";"1003,3";"1002,4";"2,6";"70,0";"3,8";"";"0,0"
"26/11/2025";"0100";"22,4";"22,9";"21,4";"75,0";"79,0";"73,0";"17,4";"17,7";"17,1";"1003,6";"1003,9";"1003,3";"1,6";"88,0";"2,4";"";"0,0"
"26/11/2025";"0200";"21,1";"21,4";"20,9";"79,0";"80,0";"76,0";"16,8";"17,2";"16,2";"1004,2";"1004,2";"1004,0";"1,2";"93,0";"2,0";"";"0,0"
"26/11/2025";"0300";"20,6";"21,1";"19,9";"79,0";"84,0";"75,0";"16,4";"16,7";"16,0";"1004,2";"1004,3";"1004,1";"1,2";"246,0";"1,5";"";"0,0"
"26/11/2025";"0400";"19,2";"19,9";"18,7";"87,0";"90,0";"83,0";"16,6";"16,7";"16,4";"1004,1";"1004,2";"1004,0";"1,0";"264,0";"1,7";"";"0,0"
"26/11/2025";"0500";"18,7";"18,9";"18,4";"90,0";"92,0";"88,0";"16,6";"16,8";"16,4";"1003,9";"1004,0";"1003,7";"1,0";"286,0";"1,4";"";"0,0"
"26/11/2025";"0600";"18,1";"18,5";"17,7";"93,0";"96,0";"91,0";"16,8";"17,3";"16,4";"1003,6";"1003,7";"1003,5";"0,8";"267,0";"1,2";"";"0,0"
"26/11/2025";"0700";"17,6";"18,0";"17,3";"96,0";"98,0";"93,0";"16,8";"17,1";"16,4";"1003,8";"1004,1";"1003,6";"0,3";"295,0";"0,8";"";"0,0"
"26/11/2025";"0800";"17,5";"17,9";"17,1";"98,0";"99,0";"96,0";"17,0";"17,4";"16,3";"1004,4";"1004,8";"1004,1";"0,5";"298,0";"1,1";"";"0,0"
"26/11/2025";"0900";"18,1";"18,1";"17,9";"97,0";"98,0";"95,0";"17,4";"17,7";"17,1";"1005,2";"1005,7";"1004,8";"1,2";"160,0";"1,8";"13,00";"0,0"
"26/11/2025";"1000";"18,3";"18,8";"18,1";"95,0";"98,0";"94,0";"17,4";"17,8";"17,0";"1006,1";"1006,4";"1005,7";"0,7";"76,0";"1,2";"133,00";"0,0"
"26/11/2025";"1100";"19,1";"19,7";"18,8";"93,0";"94,0";"90,0";"17,6";"17,9";"17,3";"1006,5";"1006,7";"1006,4";"1,2";"92,0";"2,4";"377,10";"0,0"
"26/11/2025";"1200";"20,2";"20,6";"19,7";"87,0";"90,0";"84,0";"17,5";"17,8";"17,2";"1006,6";"1006,7";"1006,5";"1,6";"95,0";"2,9";"860,70";"0,0"
"26/11/2025";"1300";"22,0";"23,4";"20,6";"79,0";"85,0";"73,0";"17,8";"18,7";"17,0";"1006,2";"1006,5";"1005,9";"2,0";"234,0";"4,0";"2753,30";"0,0"
"26/11/2025";"1400";"24,9";"26,0";"23,3";"70,0";"77,0";"66,0";"19,0";"19,9";"18,0";"1005,4";"1005,9";"1004,8";"2,1";"220,0";"4,6";"3458,90";"0,0"
"26/11/2025";"1500";"26,9";"28,6";"25,9";"64,0";"69,0";"58,0";"19,7";"21,0";"18,8";"1004,5";"1004,9";"1004,0";"2,2";"136,0";"4,4";"2856,00";"0,0"
"26/11/2025";"1600";"28,5";"29,2";"27,9";"57,0";"64,0";"53,0";"20,0";"21,1";"19,2";"1003,7";"1004,0";"1003,4";"2,0";"118,0";"5,3";"3141,80";"0,0"
"26/11/2025";"1700";"29,6";"30,3";"28,3";"54,0";"59,0";"50,0";"20,4";"21,6";"19,2";"1002,9";"1003,4";"1002,6";"3,4";"113,0";"5,9";"3337,50";"0,0"
"26/11/2025";"1800";"29,7";"30,7";"28,4";"52,0";"57,0";"48,0";"20,1";"21,2";"19,0";"1002,3";"1002,7";"1002,0";"4,2";"98,0";"7,3";"2726,90";"0,0"
"26/11/2025";"1900";"29,3";"30,2";"27,9";"53,0";"57,0";"49,0";"19,9";"20,7";"19,0";"1001,8";"1002,0";"1001,6";"6,0";"109,0";"8,4";"2231,60";"0,0"
"26/11/2025";"2000";"28,5";"29,4";"27,8";"55,0";"57,0";"52,0";"19,5";"20,2";"18,8";"1001,5";"1001,6";"1001,4";"5,0";"92,0";"8,1";"1787,70";"0,0"
"26/11/2025";"2100";"26,7";"28,0";"25,6";"58,0";"60,0";"55,0";"18,3";"19,4";"17,5";"1001,8";"1002,1";"1001,6";"5,9";"99,0";"10,2";"1025,20";"0,0"
"26/11/2025";"2200";"24,5";"25,6";"23,3";"63,0";"66,0";"59,0";"17,0";"17,5";"16,5";"1002,4";"1002,8";"1002,0";"4,2";"85,0";"7,3";"289,70";"0,0"
"26/11/2025";"2300";"22,0";"23,2";"21,0";"72,0";"75,0";"67,0";"16,3";"16,6";"16,0";"1003,2";"1003,4";"1002,8";"2,5";"72,0";"4,0";"3,80";"0,0"
"27/11/2025";"0000";"20,2";"20,9";"19,6";"79,0";"82,0";"75,0";"16,0";"16,2";"15,8";"1003,6";"1003,7";"1003,4";"1,6";"84,0";"3,0";"";"0,0"
"27/11/2025";"0100";"19,4";"19,5";"19,0";"83,0";"84,0";"81,0";"15,9";"16,0";"15,8";"1004,0";"1004,1";"1003,8";"2,1";"113,0";"3,1";"";"0,0"
"27/11/2025";"0200";"18,7";"19,0";"18,4";"86,0";"88,0";"84,0";"15,9";"16,1";"15,7";"1004,0";"1004,1";"1003,9";"0,8";"273,0";"1,4";"";"0,0"
"27/11/2025";"0300";"17,9";"18,4";"17,7";"90,0";"91,0";"88,0";"15,9";"16,1";"15,5";"1003,8";"1004,0";"1003,7";"1,0";"306,0";"1,4";"";"0,0"
"27/11/2025";"0400";"17,4";"17,8";"17,1";"93,0";"94,0";"89,0";"15,9";"16,0";"15,6";"1003,7";"1003,8";"1003,6";"0,9";"256,0";"1,3";"";"0,0"
"27/11/2025";"0500";"16,9";"17,1";"16,7";"94,0";"96,0";"91,0";"15,7";"15,9";"15,4";"1003,5";"1003,6";"1003,3";"0,7";"186,0";"1,0";"";"0,0"
"27/11/2025";"0600";"16,5";"16,7";"16,2";"96,0";"98,0";"95,0";"15,8";"15,9";"15,4";"1003,2";"1003,4";"1003,1";"1,1";"27,0";"1,4";"";"0,0"
"27/11/2025";"0700";"16,0";"16,3";"15,7";"98,0";"99,0";"97,0";"15,5";"15,8";"15,3";"1003,1";"1003,2";"1003,0";"0,6";"232,0";"0,8";"";"0,0"
"27/11/2025";"0800";"15,9";"16,1";"15,8";"98,0";"99,0";"97,0";"15,5";"15,8";"15,1";"1003,3";"1003,5";"1003,0";"0,9";"269,0";"1,2";"";"0,0"
"27/11/2025";"0900";"15,9";"16,0";"15,7";"98,0";"99,0";"97,0";"15,4";"15,7";"15,2";"1003,9";"1004,1";"1003,6";"0,6";"282,0";"1,4";"43,30";"0,0"
"27/11/2025";"1000";"17,0";"18,3";"16,0";"96,0";"98,0";"92,0";"16,2";"17,0";"15,5";"1004,4";"1004,7";"1004,1";"1,8";"205,0";"2,5";"615,10";"0,0"
"27/11/2025";"1100";"19,3";"21,2";"18,3";"88,0";"93,0";"81,0";"16,9";"17,7";"16,2";"1004,6";"1004,7";"1004,5";"1,4";"188,0";"2,6";"1250,90";"0,0"
"27/11/2025";"1200";"23,5";"25,4";"21,2";"72,0";"81,0";"62,0";"17,9";"18,8";"16,8";"1004,4";"1004,6";"1004,2";"1,3";"116,0";"3,1";"2022,90";"0,0"
"27/11/2025";"1300";"27,4";"28,6";"25,5";"54,0";"63,0";"50,0";"18,2";"19,1";"17,4";"1003,9";"1004,2";"1003,5";"3,5";"287,0";"5,6";"2938,80";"0,0"
"27/11/2025";"1400";"28,7";"30,0";"27,6";"50,0";"54,0";"47,0";"18,8";"19,7";"18,1";"1003,3";"1003,6";"1003,0";"2,9";"289,0";"6,9";"2844,60";"0,0"
"27/11/2025";"1500";"30,3";"30,9";"29,6";"48,0";"53,0";"45,0";"19,8";"21,5";"19,2";"1002,6";"1003,1";"1002,1";"1,9";"220,0";"4,1";"3384,90";"0,0"
"27/11/2025";"1600";"31,8";"32,9";"30,8";"46,0";"53,0";"41,0";"21,0";"22,6";"20,1";"1001,7";"1002,1";"1001,1";"2,3";"222,0";"4,8";"3776,30";"0,0"
"27/11/2025";"1700";"33,0";"33,7";"32,5";"43,0";"50,0";"39,0";"21,6";"22,6";"21,0";"1000,6";"1001,1";"999,9";"1,0";"178,0";"3,4";"3650,70";"0,0"
"27/11/2025";"1800";"33,7";"34,5";"33,3";"42,0";"47,0";"37,0";"22,0";"23,0";"21,3";"999,3";"999,9";"998,8";"2,8";"55,0";"5,2";"3235,10";"0,0"
"27/11/2025";"1900";"33,4";"34,1";"32,5";"41,0";"46,0";"36,0";"21,7";"23,0";"20,7";"998,7";"998,9";"998,5";"1,2";"134,0";"2,6";"1988,50";"0,0"
"27/11/2025";"2000";"33,5";"34,9";"31,5";"40,0";"46,0";"34,0";"21,5";"22,4";"20,6";"998,3";"998,7";"997,9";"2,1";"116,0";"3,5";"1377,70";"0,0"
"27/11/2025";"2100";"30,7";"31,8";"29,2";"51,0";"58,0";"43,0";"20,8";"21,4";"20,5";"998,9";"999,3";"998,4";"1,0";"278,0";"1,9";"221,50";"0,0"
"27/11/2025";"2200";"28,3";"29,2";"27,8";"62,0";"66,0";"57,0";"20,8";"21,1";"20,4";"999,3";"999,8";"998,8";"1,1";"277,0";"2,8";"230,70";"0,0"
"27/11/2025";"2300";"27,2";"28,4";"26,5";"67,0";"70,0";"61,0";"20,6";"20,9";"20,4";"999,9";"1000,1";"999,7";"0,6";"211,0";"1,0";"11,90";"0,0"
"28/11/2025";"0000";"25,3";"26,7";"24,2";"76,0";"82,0";"69,0";"20,4";"20,7";"20,2";"1000,1";"1000,3";"1000,0";"0,6";"221,0";"1,0";"";"0,0"
"28/11/2025";"0100";"23,9";"24,3";"23,5";"83,0";"86,0";"80,0";"20,5";"20,8";"20,1";"1000,5";"1000,7";"1000,3";"1,1";"282,0";"2,2";"";"0,0"
"28/11/2025";"0200";"23,7";"23,9";"23,4";"85,0";"86,0";"83,0";"20,6";"20,8";"20,4";"1000,6";"1000,7";"1000,4";"0,6";"276,0";"1,7";"";"0,0"
"28/11/2025";"0300";"22,9";"23,3";"22,1";"89,0";"93,0";"86,0";"20,6";"20,9";"20,1";"1000,2";"1000,4";"1000,1";"1,4";"253,0";"2,5";"";"0,0"
"28/11/2025";"0400";"22,2";"22,6";"21,9";"93,0";"95,0";"91,0";"20,8";"21,0";"20,4";"1000,2";"1000,4";"1000,0";"0,8";"72,0";"1,3";"";"0,0"
"28/11/2025";"0500";"22,1";"22,4";"21,9";"94,0";"95,0";"92,0";"20,8";"20,9";"20,4";"999,9";"1000,0";"999,6";"1,1";"311,0";"1,9";"";"0,0"
"28/11/2025";"0600";"21,9";"22,4";"21,5";"95,0";"96,0";"91,0";"20,8";"21,0";"20,5";"999,7";"999,9";"999,4";"1,8";"138,0";"2,6";"";"0,0"
"28/11/2025";"0700";"21,6";"21,9";"21,2";"95,0";"97,0";"93,0";"20,6";"20,7";"20,4";"999,8";"1000,0";"999,5";"1,2";"157,0";"2,3";"";"0,0"
"28/11/2025";"0800";"21,2";"21,3";"21,0";"96,0";"97,0";"94,0";"20,3";"20,6";"19,9";"1000,1";"1000,2";"1000,0";"0,7";"242,0";"1,3";"";"0,0"
"28/11/2025";"0900";"20,7";"21,0";"20,3";"97,0";"98,0";"95,0";"20,0";"20,5";"19,6";"1000,5";"1000,9";"1000,2";"0,8";"191,0";"1,5";"38,00";"0,0"
"28/11/2025";"1000";"21,8";"23,4";"20,3";"92,0";"98,0";"82,0";"20,2";"20,7";"19,7";"1001,2";"1001,3";"1000,9";"1,0";"185,0";"1,9";"586,20";"0,0"
"28/11/2025";"1100";"24,8";"27,0";"23,5";"78,0";"86,0";"66,0";"20,5";"21,0";"19,7";"1001,3";"1001,4";"1001,2";"1,1";"127,0";"2,0";"1235,10";"0,0"
"28/11/2025";"1200";"28,7";"29,9";"27,1";"55,0";"68,0";"47,0";"19,6";"20,7";"19,3";"1001,0";"1001,2";"1000,8";"3,4";"298,0";"5,4";"2222,30";"0,0"
"28/11/2025";"1300";"30,6";"31,3";"29,5";"48,0";"52,0";"46,0";"20,3";"21,1";"19,3";"1000,5";"1000,9";"1000,2";"3,3";"284,0";"6,5";"2913,00";"0,0"
"28/11/2025";"1400";"32,3";"33,7";"31,3";"47,0";"51,0";"43,0";"21,6";"23,4";"20,8";"1000,2";"1000,4";"999,9";"2,7";"230,0";"6,2";"3374,30";"0,0"
"28/11/2025";"1500";"33,4";"34,3";"32,9";"46,0";"50,0";"42,0";"22,6";"23,4";"21,7";"999,4";"999,9";"998,9";"3,1";"199,0";"5,8";"3625,80";"0,0"
"28/11/2025";"1600";"34,4";"35,3";"33,5";"43,0";"47,0";"38,0";"23,1";"23,9";"21,9";"998,5";"998,9";"997,8";"4,3";"186,0";"7,3";"3809,10";"0,0"
"28/11/2025";"1700";"34,9";"35,5";"34,0";"39,0";"44,0";"35,0";"22,7";"23,6";"21,2";"997,6";"997,8";"997,3";"6,0";"200,0";"9,5";"3129,10";"0,0"
"28/11/2025";"1800";"34,8";"36,6";"32,4";"41,0";"58,0";"34,0";"23,1";"24,1";"22,0";"996,8";"997,4";"996,5";"4,4";"113,0";"8,0";"2951,50";"0,0"
"28/11/2025";"1900";"29,3";"32,6";"25,3";"65,0";"85,0";"55,0";"22,4";"24,4";"21,6";"997,9";"1000,1";"996,7";"6,3";"159,0";"11,0";"375,90";"0,2"
"28/11/2025";"2000";"24,4";"25,1";"24,0";"90,0";"95,0";"85,0";"22,5";"22,9";"21,9";"999,2";"1000,5";"998,6";"2,6";"60,0";"4,8";"218,80";"2,0"
"28/11/2025";"2100";"25,0";"25,7";"24,4";"90,0";"94,0";"86,0";"23,0";"23,6";"22,3";"998,4";"998,9";"998,0";"1,8";"178,0";"3,0";"441,10";"0,4"
"28/11/2025";"2200";"24,9";"25,4";"24,4";"91,0";"95,0";"86,0";"23,2";"23,5";"22,5";"999,1";"999,6";"998,7";"0,6";"149,0";"1,4";"203,90";"0,0"
"28/11/2025";"2300";"23,6";"24,4";"23,0";"95,0";"96,0";"93,0";"22,6";"23,4";"22,0";"999,4";"999,5";"999,2";"1,9";"77,0";"3,3";"2,80";"0,0"
"29/11/2025";"0000";"23,0";"23,2";"22,5";"96,0";"97,0";"95,0";"22,1";"22,4";"21,7";"999,5";"1000,0";"999,2";"1,1";"274,0";"1,5";"";"0,0"
"29/11/2025";"0100";"22,4";"22,6";"22,2";"97,0";"98,0";"95,0";"21,7";"22,0";"21,4";"1000,3";"1000,4";"1000,0";"0,8";"269,0";"1,3";"";"0,0"
"29/11/2025";"0200";"21,8";"22,1";"21,4";"97,0";"98,0";"96,0";"21,2";"21,5";"20,9";"1000,4";"1000,5";"1000,3";"0,6";"129,0";"1,1";"";"0,0"
"29/11/2025";"0300";"21,2";"21,4";"21,0";"99,0";"99,0";"98,0";"20,9";"21,2";"20,7";"1000,8";"1001,1";"1000,4";"1,4";"305,0";"2,3";"";"0,0"
"29/11/2025";"0400";"20,7";"21,1";"20,5";"98,0";"100,0";"94,0";"20,3";"21,1";"19,3";"1001,0";"1001,2";"1000,8";"0,8";"102,0";"2,0";"";"0,0"
"29/11/2025";"0500";"20,6";"21,2";"20,2";"87,0";"95,0";"79,0";"18,0";"19,2";"16,8";"1001,0";"1001,2";"1000,7";"1,0";"95,0";"1,8";"";"0,0"
"29/11/2025";"0600";"19,7";"20,4";"19,0";"85,0";"90,0";"82,0";"16,7";"17,6";"16,1";"1000,5";"1000,9";"1000,3";"1,5";"83,0";"2,8";"";"0,0"
"29/11/2025";"0700";"18,7";"19,0";"18,5";"92,0";"95,0";"88,0";"17,1";"17,6";"16,4";"1001,4";"1001,7";"1000,9";"0,8";"89,0";"1,9";"";"0,0"
"29/11/2025";"0800";"18,1";"18,5";"17,6";"94,0";"97,0";"91,0";"16,8";"17,0";"16,7";"1001,9";"1002,1";"1001,6";"1,0";"32,0";"1,5";"";"0,0"
"29/11/2025";"0900";"17,7";"18,0";"17,5";"96,0";"97,0";"94,0";"16,9";"17,2";"16,8";"1002,4";"1002,8";"1002,0";"1,0";"304,0";"1,4";"45,50";"0,0"
"29/11/2025";"1000";"19,1";"20,0";"17,8";"93,0";"97,0";"88,0";"17,6";"18,4";"17,2";"1002,8";"1003,1";"1002,6";"1,2";"153,0";"2,1";"514,10";"0,0"
"29/11/2025";"1100";"20,4";"21,0";"20,0";"88,0";"93,0";"83,0";"18,0";"18,8";"17,3";"1003,1";"1003,3";"1003,0";"0,5";"189,0";"1,8";"858,80";"0,0"
"29/11/2025";"1200";"21,4";"21,9";"21,0";"83,0";"86,0";"79,0";"17,9";"18,8";"17,4";"1003,1";"1003,2";"1002,8";"0,7";"171,0";"1,8";"957,90";"0,0"
"29/11/2025";"1300";"22,5";"23,2";"21,9";"79,0";"83,0";"76,0";"18,2";"18,8";"17,7";"1002,6";"1002,8";"1002,2";"0,9";"208,0";"2,1";"1447,20";"0,0"
"29/11/2025";"1400";"24,7";"26,3";"23,2";"72,0";"79,0";"66,0";"19,1";"20,3";"18,1";"1001,7";"1002,2";"1001,2";"1,7";"96,0";"3,7";"3249,40";"0,0"
"29/11/2025";"1500";"26,4";"27,2";"25,3";"68,0";"73,0";"63,0";"20,0";"20,9";"18,9";"1000,9";"1001,2";"1000,5";"1,6";"189,0";"4,1";"3532,30";"0,0"
"29/11/2025";"1600";"27,9";"28,9";"26,9";"64,0";"69,0";"56,0";"20,6";"21,8";"19,7";"999,9";"1000,5";"999,3";"1,3";"164,0";"3,7";"3855,40";"0,0"
"29/11/2025";"1700";"29,5";"30,2";"28,5";"58,0";"64,0";"50,0";"21,0";"22,0";"19,9";"999,0";"999,3";"998,7";"1,8";"152,0";"3,3";"3695,40";"0,0"
"29/11/2025";"1800";"30,7";"31,3";"29,8";"53,0";"58,0";"49,0";"21,2";"22,0";"20,2";"998,4";"998,7";"998,2";"2,9";"100,0";"6,2";"3262,90";"0,0"
"29/11/2025";"1900";"30,9";"31,3";"30,6";"51,0";"54,0";"47,0";"21,0";"21,7";"20,4";"997,9";"998,3";"997,8";"3,8";"107,0";"6,8";"2657,70";"0,0"
"29/11/2025";"2000";"30,5";"31,1";"29,9";"50,0";"53,0";"47,0";"20,5";"21,3";"20,1";"997,9";"998,0";"997,8";"4,4";"114,0";"6,7";"1879,20";"0,0"
"29/11/2025";"2100";"28,9";"29,9";"27,9";"56,0";"59,0";"52,0";"20,1";"20,8";"19,6";"998,2";"998,5";"997,9";"4,2";"106,0";"7,5";"1008,70";"0,0"
"29/11/2025";"2200";"26,4";"27,8";"24,5";"62,0";"69,0";"58,0";"18,9";"19,9";"18,2";"999,1";"999,6";"998,5";"4,0";"95,0";"6,6";"234,30";"0,0"
"29/11/2025";"2300";"23,0";"24,4";"21,9";"71,0";"73,0";"69,0";"17,2";"18,2";"16,5";"1000,4";"1001,2";"999,6";"4,3";"108,0";"7,2";"4,50";"0,0"
"30/11/2025";"0000";"21,2";"21,9";"20,6";"74,0";"76,0";"73,0";"16,0";"16,5";"15,7";"1001,7";"1002,1";"1001,2";"2,5";"98,0";"5,1";"";"0,0"
"30/11/2025";"0100";"20,2";"20,6";"20,0";"77,0";"79,0";"75,0";"15,6";"15,9";"15,1";"1002,4";"1002,8";"1002,2";"1,4";"87,0";"3,0";"";"0,0"
"30/11/2025";"0200";"19,8";"20,1";"19,5";"78,0";"80,0";"76,0";"15,3";"15,5";"15,0";"1002,9";"1003,1";"1002,8";"1,7";"91,0";"3,4";"";"0,0"
"30/11/2025";"0300";"19,3";"19,6";"19,0";"83,0";"84,0";"80,0";"15,8";"15,9";"15,6";"1002,9";"1003,1";"1002,7";"0,8";"86,0";"1,6";"";"0,0"
"30/11/2025";"0400";"18,3";"19,1";"17,5";"88,0";"91,0";"84,0";"15,9";"16,0";"15,7";"1002,4";"1002,7";"1001,8";"1,0";"56,0";"1,6";"";"0,0"
"30/11/2025";"0500";"17,5";"17,8";"17,0";"91,0";"93,0";"89,0";"15,7";"15,9";"15,5";"1001,5";"1001,9";"1000,7";"1,0";"285,0";"1,7";"";"0,0"
"30/11/2025";"0600";"16,7";"17,2";"16,1";"95,0";"98,0";"92,0";"15,6";"15,9";"15,3";"1000,5";"1000,7";"1000,3";"1,2";"110,0";"1,7";"";"0,0"
"30/11/2025";"0700";"16,0";"16,2";"15,6";"97,0";"98,0";"96,0";"15,3";"15,8";"14,9";"1000,4";"1000,7";"1000,2";"0,3";"122,0";"0,7";"";"0,0"
"30/11/2025";"0800";"15,4";"15,8";"15,1";"98,0";"99,0";"97,0";"14,9";"15,5";"14,6";"1000,8";"1001,1";"1000,4";"1,6";"97,0";"2,3";"";"0,0"
"30/11/2025";"0900";"15,0";"15,5";"14,8";"99,0";"99,0";"98,0";"14,7";"15,3";"14,5";"1001,5";"1002,1";"1000,9";"1,4";"71,0";"2,2";"74,30";"0,0"
"30/11/2025";"1000";"17,0";"18,4";"15,6";"93,0";"99,0";"86,0";"15,6";"16,2";"15,1";"1002,3";"1002,6";"1002,1";"1,8";"94,0";"3,4";"699,20";"0,0"
"30/11/2025";"1100";"19,1";"19,3";"18,5";"86,0";"89,0";"83,0";"16,2";"16,7";"15,8";"1003,0";"1003,4";"1002,5";"3,7";"56,0";"5,8";"860,80";"0,0"
"30/11/2025";"1200";"19,9";"20,4";"19,3";"81,0";"85,0";"77,0";"16,1";"16,5";"15,7";"1003,5";"1003,6";"1003,3";"2,6";"53,0";"4,2";"832,00";"0,0"
"30/11/2025";"1300";"21,1";"22,0";"20,3";"77,0";"81,0";"72,0";"16,4";"16,8";"16,1";"1003,3";"1003,6";"1002,7";"2,2";"97,0";"4,5";"1360,00";"0,0"
"30/11/2025";"1400";"23,4";"24,6";"22,1";"67,0";"75,0";"61,0";"16,9";"18,0";"16,3";"1002,0";"1002,7";"1001,4";"2,8";"75,0";"5,7";"3251,30";"0,0"
"30/11/2025";"1500";"25,3";"26,2";"24,5";"60,0";"65,0";"54,0";"17,3";"18,1";"16,4";"1001,2";"1001,4";"1001,0";"4,1";"121,0";"8,8";"3764,60";"0,0"
"30/11/2025";"1600";"26,5";"27,0";"26,0";"55,0";"59,0";"49,0";"17,4";"18,1";"16,5";"1000,6";"1001,1";"1000,2";"3,1";"95,0";"5,7";"3381,50";"0,0"
"30/11/2025";"1700";"27,6";"28,3";"26,8";"53,0";"58,0";"47,0";"18,2";"19,2";"17,4";"999,6";"1000,1";"999,0";"4,0";"68,0";"7,2";"3088,10";"0,0"
"30/11/2025";"1800";"28,5";"28,8";"28,2";"51,0";"54,0";"47,0";"18,7";"19,4";"18,0";"998,7";"999,1";"998,4";"3,7";"105,0";"7,4";"3025,90";"0,0"
"30/11/2025";"1900";"28,3";"29,0";"27,7";"51,0";"54,0";"48,0";"18,5";"19,4";"17,9";"998,0";"998,6";"997,6";"4,4";"83,0";"7,2";"1953,10";"0,0"
"30/11/2025";"2000";"27,9";"28,7";"26,6";"51,0";"53,0";"48,0";"18,1";"18,7";"17,2";"997,7";"998,1";"997,5";"4,5";"90,0";"8,1";"1543,70";"0,0"
"30/11/2025";"2100";"25,9";"26,5";"25,2";"56,0";"59,0";"54,0";"17,2";"17,6";"16,8";"998,3";"998,4";"998,0";"4,1";"88,0";"7,3";"498,60";"0,0"
"30/11/2025";"2200";"24,6";"25,2";"23,8";"61,0";"63,0";"58,0";"16,8";"17,3";"15,9";"998,2";"998,5";"998,0";"2,6";"89,0";"6,0";"232,00";"0,0"
"30/11/2025";"2300";"22,9";"23,8";"22,2";"66,0";"70,0";"61,0";"16,1";"16,2";"15,9";"999,0";"999,5";"998,4";"2,5";"89,0";"4,8";"5,20";"0,0"
"01/12/2025";"0000";"21,8";"22,2";"21,5";"71,0";"73,0";"69,0";"16,1";"16,2";"16,0";"999,8";"1000,6";"999,3";"2,8";"102,0";"6,2";"";"0,0"
"01/12/2025";"0100";"21,2";"21,5";"20,9";"75,0";"77,0";"73,0";"16,2";"16,3";"16,0";"1000,8";"1001,2";"1000,5";"2,6";"104,0";"4,4";"";"0,0"
"01/12/2025";"0200";"20,8";"21,0";"20,3";"78,0";"84,0";"76,0";"16,4";"17,0";"16,1";"1002,2";"1002,9";"1001,3";"1,7";"169,0";"4,8";"";"0,0"
"01/12/2025";"0300";"19,8";"20,2";"19,2";"88,0";"93,0";"83,0";"17,4";"17,9";"16,8";"1003,0";"1003,5";"1002,3";"1,8";"131,0";"3,2";"";"0,4"
"01/12/2025";"0400";"19,2";"19,3";"19,1";"93,0";"94,0";"91,0";"17,8";"18,0";"17,4";"1001,3";"1002,3";"1000,3";"4,5";"59,0";"6,4";"";"0,0"
"01/12/2025";"0500";"19,0";"19,2";"18,9";"93,0";"96,0";"91,0";"17,7";"18,1";"17,3";"1000,3";"1000,6";"1000,1";"1,6";"90,0";"3,2";"";"0,0"
"01/12/2025";"0600";"19,2";"19,4";"18,9";"93,0";"96,0";"90,0";"17,8";"18,1";"17,4";"1000,1";"1000,3";"999,6";"1,3";"77,0";"2,2";"";"0,0"
"01/12/2025";"0700";"19,1";"19,2";"19,1";"94,0";"95,0";"93,0";"17,9";"18,1";"17,7";"999,7";"1000,0";"999,1";"1,2";"71,0";"1,9";"";"0,0"
"01/12/2025";"0800";"19,1";"19,3";"18,9";"94,0";"96,0";"91,0";"17,9";"18,2";"17,4";"999,3";"999,7";"999,0";"2,0";"287,0";"3,1";"";"0,0"
"01/12/2025";"0900";"18,9";"19,0";"18,9";"96,0";"97,0";"95,0";"18,1";"18,3";"18,0";"999,9";"1000,1";"999,7";"0,7";"111,0";"2,0";"14,00";"0,0"
"01/12/2025";"1000";"19,2";"19,4";"19,0";"95,0";"96,0";"93,0";"18,1";"18,4";"17,8";"999,6";"999,8";"999,4";"1,1";"36,0";"2,0";"108,40";"0,0"
"01/12/2025";"1100";"19,7";"20,3";"19,3";"92,0";"94,0";"88,0";"18,2";"18,5";"17,8";"999,7";"1000,0";"999,5";"1,0";"204,0";"1,7";"312,70";"0,0"
"01/12/2025";"1200";"21,3";"22,9";"20,3";"83,0";"90,0";"76,0";"18,0";"18,7";"17,3";"999,7";"1000,0";"999,6";"1,0";"132,0";"1,9";"1482,60";"0,0"
"01/12/2025";"1300";"23,4";"24,2";"22,2";"74,0";"79,0";"70,0";"18,2";"19,0";"17,3";"999,4";"999,6";"999,1";"2,4";"212,0";"4,2";"2414,20";"0,0"
"01/12/2025";"1400";"25,3";"26,3";"24,1";"69,0";"74,0";"64,0";"19,1";"20,0";"18,4";"998,8";"999,2";"998,4";"1,5";"208,0";"4,1";"3376,60";"0,0"
"01/12/2025";"1500";"26,4";"27,1";"25,5";"67,0";"70,0";"63,0";"19,7";"20,5";"18,7";"998,4";"998,6";"998,1";"3,2";"201,0";"5,3";"3184,50";"0,0"
"01/12/2025";"1600";"28,0";"28,7";"27,3";"63,0";"69,0";"59,0";"20,6";"21,6";"19,9";"997,9";"998,1";"997,8";"3,5";"176,0";"6,5";"3709,60";"0,0"
"01/12/2025";"1700";"28,2";"28,9";"27,2";"63,0";"67,0";"59,0";"20,7";"21,7";"19,8";"997,7";"998,0";"997,2";"2,6";"162,0";"5,4";"3175,20";"0,0"
"01/12/2025";"1800";"28,7";"29,5";"27,9";"60,0";"64,0";"57,0";"20,7";"21,8";"19,8";"996,7";"997,2";"996,4";"3,4";"159,0";"6,8";"2331,50";"0,0"
"01/12/2025";"1900";"28,1";"29,1";"27,5";"62,0";"64,0";"59,0";"20,4";"21,4";"19,8";"996,6";"996,7";"996,4";"2,5";"104,0";"5,0";"1458,00";"0,0"
"01/12/2025";"2000";"27,6";"28,1";"27,1";"61,0";"63,0";"58,0";"19,7";"20,4";"19,2";"996,2";"996,5";"996,1";"4,4";"105,0";"7,2";"1132,10";"0,0"
"01/12/2025";"2100";"26,4";"27,0";"26,0";"63,0";"65,0";"61,0";"19,0";"19,5";"18,7";"996,6";"997,0";"996,2";"3,5";"96,0";"6,5";"681,30";"0,0"
"01/12/2025";"2200";"25,2";"25,9";"24,3";"66,0";"68,0";"64,0";"18,4";"19,0";"17,8";"997,2";"997,7";"996,7";"3,0";"96,0";"6,8";"241,40";"0,0"
"01/12/2025";"2300";"23,6";"24,3";"23,0";"72,0";"76,0";"68,0";"18,0";"18,2";"17,8";"997,9";"998,4";"997,6";"2,4";"107,0";"4,4";"3,90";"0,0"
"02/12/2025";"0000";"22,9";"23,0";"22,6";"77,0";"78,0";"76,0";"18,3";"18,5";"18,1";"998,1";"998,7";"997,6";"1,7";"38,0";"3,2";"";"0,0"
"02/12/2025";"0100";"21,9";"22,7";"21,4";"84,0";"87,0";"78,0";"18,6";"18,8";"18,3";"998,1";"998,5";"997,7";"1,4";"231,0";"2,0";"";"0,0"
"02/12/2025";"0200";"20,8";"21,3";"20,5";"90,0";"92,0";"87,0";"18,8";"18,9";"18,6";"998,7";"998,9";"998,5";"0,6";"183,0";"1,7";"";"0,0"
"02/12/2025";"0300";"20,4";"20,6";"20,0";"91,0";"93,0";"90,0";"18,5";"18,7";"18,4";"998,9";"999,1";"998,5";"0,6";"225,0";"2,0";"";"0,0"
"02/12/2025";"0400";"19,9";"20,2";"19,4";"92,0";"95,0";"90,0";"18,3";"18,5";"18,1";"999,0";"999,1";"998,8";"0,7";"279,0";"1,3";"";"0,0"
"02/12/2025";"0500";"19,1";"19,4";"18,9";"95,0";"97,0";"93,0";"18,2";"18,3";"18,1";"998,5";"998,8";"998,4";"1,1";"214,0";"1,5";"";"0,0"
"02/12/2025";"0600";"19,2";"19,5";"18,9";"95,0";"97,0";"94,0";"18,3";"18,4";"18,2";"998,4";"998,6";"998,2";"1,1";"289,0";"1,6";"";"0,0"
"02/12/2025";"0700";"19,4";"19,5";"19,2";"96,0";"97,0";"95,0";"18,6";"18,8";"18,4";"998,7";"999,0";"998,5";"1,6";"219,0";"2,0";"";"0,0"
"02/12/2025";"0800";"19,5";"19,7";"19,3";"96,0";"97,0";"94,0";"18,6";"18,8";"18,5";"999,3";"999,4";"998,9";"1,2";"279,0";"1,9";"";"0,0"
"02/12/2025";"0900";"";"";"";"";"";"";"";"";"";"";"";"";"";"";"";"";""
"02/12/2025";"1000";"20,4";"20,8";"20,2";"91,0";"93,0";"88,0";"18,5";"18,9";"18,0";"999,6";"999,7";"999,4";"0,9";"281,0";"1,6";"264,50";"0,0"
"02/12/2025";"1100";"21,6";"22,3";"20,9";"80,0";"88,0";"75,0";"17,5";"18,5";"16,9";"999,8";"1000,0";"999,5";"2,3";"251,0";"3,5";"1031,00";"0,0"
"02/12/2025";"1200";"23,0";"23,9";"21,8";"72,0";"77,0";"68,0";"17,5";"17,9";"17,2";"999,8";"1000,0";"999,6";"1,7";"267,0";"4,1";"2180,50";"0,0"
"02/12/2025";"1300";"24,9";"25,8";"23,6";"66,0";"71,0";"60,0";"18,0";"19,0";"17,3";"999,4";"999,6";"999,1";"2,1";"222,0";"4,8";"2973,00";"0,0"
"02/12/2025";"1400";"";"";"";"";"";"";"";"";"";"";"";"";"";"";"";"";""
"02/12/2025";"1500";"28,8";"29,6";"28,1";"53,0";"56,0";"49,0";"19,4";"20,1";"18,8";"998,6";"998,7";"998,3";"1,6";"184,0";"4,0";"3736,80";"0,0"
"02/12/2025";"1600";"30,3";"31,7";"29,1";"47,0";"53,0";"41,0";"19,8";"20,7";"19,0";"998,0";"998,3";"997,8";"4,7";"223,0";"7,1";"3644,80";"0,0"
"02/12/2025";"1700";"31,3";"32,6";"30,5";"43,0";"48,0";"37,0";"19,9";"20,6";"18,9";"997,5";"997,8";"997,1";"5,6";"207,0";"9,0";"3153,70";"0,0"
"02/12/2025";"1800";"32,3";"32,9";"31,8";"38,0";"41,0";"34,0";"19,8";"20,5";"19,0";"996,5";"997,1";"996,1";"4,3";"192,0";"8,6";"3393,80";"0,0"
"02/12/2025";"1900";"32,7";"33,1";"32,2";"35,0";"38,0";"32,0";"19,6";"20,3";"19,0";"995,8";"996,1";"995,5";"5,2";"202,0";"8,6";"2800,80";"0,0"
"02/12/2025";"2000";"32,0";"33,1";"31,0";"35,0";"38,0";"32,0";"19,0";"20,2";"18,1";"995,7";"995,9";"995,6";"4,6";"193,0";"7,0";"1618,20";"0,0"
"02/12/2025";"2100";"31,5";"32,1";"30,8";"36,0";"38,0";"34,0";"18,7";"19,5";"18,2";"995,7";"995,8";"995,7";"3,6";"189,0";"6,0";"1097,30";"0,0"
"02/12/2025";"2200";"29,8";"30,7";"27,6";"42,0";"53,0";"38,0";"18,2";"18,6";"17,4";"995,8";"996,5";"995,6";"3,5";"153,0";"8,3";"337,10";"0,0"
"02/12/2025";"2300";"24,8";"27,4";"23,7";"63,0";"66,0";"54,0";"17,4";"18,3";"16,5";"997,7";"998,6";"996,5";"3,8";"89,0";"6,4";"9,60";"0,0"
"03/12/2025";"0000";"23,0";"23,6";"22,4";"72,0";"79,0";"65,0";"17,5";"18,3";"16,6";"999,4";"999,9";"998,7";"2,8";"87,0";"6,6";"";"0,0"
"03/12/2025";"0100";"22,2";"22,7";"21,8";"79,0";"81,0";"76,0";"18,0";"18,4";"17,3";"1000,3";"1000,6";"999,8";"2,5";"84,0";"5,2";"";"0,0"
"03/12/2025";"0200";"21,6";"22,1";"21,1";"78,0";"79,0";"76,0";"17,1";"17,4";"16,8";"1001,0";"1001,1";"1000,6";"1,6";"102,0";"2,6";"";"0,0"
"03/12/2025";"0300";"20,9";"21,1";"20,8";"79,0";"79,0";"78,0";"16,7";"16,9";"16,6";"1001,3";"1001,4";"1001,1";"1,2";"78,0";"3,1";"";"0,0"
"03/12/2025";"0400";"20,6";"20,8";"20,1";"81,0";"85,0";"79,0";"16,7";"17,3";"16,4";"1001,2";"1001,4";"1001,0";"0,5";"161,0";"0,7";"";"0,0"
"03/12/2025";"0500";"19,2";"20,1";"18,5";"88,0";"91,0";"82,0";"16,9";"17,4";"16,5";"1001,0";"1001,1";"1001,0";"0,9";"281,0";"1,5";"";"0,0"
"03/12/2025";"0600";"18,1";"18,5";"17,5";"91,0";"94,0";"90,0";"16,4";"16,8";"16,1";"1001,3";"1001,3";"1001,1";"1,2";"329,0";"2,0";"";"0,0"
"03/12/2025";"0700";"16,9";"17,6";"16,5";"95,0";"97,0";"93,0";"16,0";"16,8";"15,4";"1001,3";"1001,7";"1001,1";"0,6";"180,0";"1,2";"";"0,0"
"03/12/2025";"0800";"16,3";"16,7";"16,0";"96,0";"97,0";"95,0";"15,6";"16,0";"15,3";"1002,0";"1002,2";"1001,6";"1,9";"41,0";"2,4";"";"0,0"
"03/12/2025";"0900";"16,1";"16,1";"16,1";"98,0";"98,0";"98,0";"15,6";"15,6";"15,6";"1002,9";"1002,9";"1002,9";"1,4";"83,0";"1,7";"165,60";"0,0"
"03/12/2025";"1000";"19,8";"19,8";"19,8";"78,0";"78,0";"78,0";"15,4";"15,4";"15,4";"1003,2";"1003,2";"1003,2";"0,4";"143,0";"0,9";"1119,40";"0,0"
"03/12/2025";"1100";"21,2";"21,2";"21,2";"77,0";"77,0";"77,0";"16,6";"16,6";"16,6";"1003,2";"1003,2";"1003,2";"0,5";"148,0";"0,8";"1225,50";"0,0"
"03/12/2025";"1200";"22,8";"22,8";"22,8";"72,0";"72,0";"72,0";"17,3";"17,3";"17,3";"1002,9";"1002,9";"1002,9";"1,2";"245,0";"1,9";"2184,40";"0,0"
"03/12/2025";"1300";"24,3";"24,3";"24,3";"62,0";"62,0";"62,0";"16,7";"16,7";"16,7";"1002,8";"1002,8";"1002,8";"1,2";"156,0";"2,3";"1604,00";"0,0"
"03/12/2025";"1400";"26,0";"26,0";"26,0";"53,0";"53,0";"53,0";"16,5";"16,5";"16,5";"1002,6";"1002,6";"1002,6";"1,4";"191,0";"3,3";"4159,70";"0,0"
"03/12/2025";"1500";"26,6";"26,6";"26,6";"47,0";"47,0";"47,0";"15,9";"15,9";"15,9";"1002,0";"1002,0";"1002,0";"2,0";"140,0";"5,0";"3032,70";"0,0"
"03/12/2025";"1600";"28,0";"28,0";"28,0";"42,0";"42,0";"42,0";"16,5";"16,5";"16,5";"1001,5";"1001,5";"1001,5";"3,0";"144,0";"4,6";"3779,30";"0,0"
"03/12/2025";"1700";"28,7";"28,7";"28,7";"40,0";"40,0";"40,0";"16,8";"16,8";"16,8";"1001,0";"1001,0";"1001,0";"2,6";"164,0";"4,2";"4096,00";"0,0"
"03/12/2025";"1800";"29,1";"29,1";"29,1";"37,0";"37,0";"37,0";"16,6";"16,6";"16,6";"1000,3";"1000,3";"1000,3";"1,4";"112,0";"2,7";"3190,40";"0,0"
"03/12/2025";"1900";"29,7";"29,7";"29,7";"34,0";"34,0";"34,0";"16,6";"16,6";"16,6";"999,9";"999,9";"999,9";"3,4";"165,0";"4,4";"2424,30";"0,0"
"03/12/2025";"2000";"29,0";"29,0";"29,0";"31,0";"31,0";"31,0";"15,3";"15,3";"15,3";"999,6";"999,6";"999,6";"2,0";"199,0";"3,3";"1565,20";"0,0"
"03/12/2025";"2100";"26,9";"26,9";"26,9";"49,0";"49,0";"49,0";"16,6";"16,6";"16,6";"1000,0";"1000,0";"1000,0";"4,2";"89,0";"5,7";"728,50";"0,0"
"03/12/2025";"2200";"24,0";"24,0";"24,0";"58,0";"58,0";"58,0";"15,7";"15,7";"15,7";"1000,8";"1000,8";"1000,8";"3,6";"90,0";"5,4";"50,90";"0,0"
"03/12/2025";"2300";"22,3";"22,3";"22,3";"63,0";"63,0";"63,0";"15,0";"15,0";"15,0";"1002,1";"1002,1";"1002,1";"2,3";"92,0";"3,1";"";"0,0"
"04/12/2025";"0000";"21,1";"21,1";"21,1";"70,0";"70,0";"70,0";"15,2";"15,2";"15,2";"1003,1";"1003,1";"1003,1";"3,0";"88,0";"3,9";"";"0,0"
"04/12/2025";"0100";"21,2";"21,4";"20,9";"71,0";"73,0";"70,0";"15,4";"15,6";"15,2";"1003,6";"1004,0";"1003,2";"4,2";"65,0";"6,7";"";"0,0"
"04/12/2025";"0200";"20,3";"21,0";"19,7";"77,0";"81,0";"73,0";"15,8";"15,9";"15,6";"1004,2";"1004,3";"1003,9";"2,0";"80,0";"3,4";"";"0,0"
"04/12/2025";"0300";"19,5";"19,8";"19,2";"81,0";"83,0";"80,0";"15,8";"15,9";"15,7";"1004,2";"1004,3";"1004,1";"1,9";"54,0";"2,7";"";"0,0"
"04/12/2025";"0400";"18,5";"19,3";"18,2";"86,0";"87,0";"82,0";"15,6";"15,7";"15,4";"1003,8";"1004,1";"1003,8";"0,5";"110,0";"0,9";"";"0,0"
"04/12/2025";"0500";"17,7";"18,6";"16,9";"89,0";"93,0";"85,0";"15,5";"15,7";"15,2";"1003,8";"1003,9";"1003,7";"0,8";"320,0";"1,5";"";"0,0"
"04/12/2025";"0600";"16,6";"17,2";"16,1";"94,0";"96,0";"92,0";"15,3";"15,7";"15,0";"1003,5";"1003,7";"1003,3";"0,6";"190,0";"0,9";"";"0,0"
"04/12/2025";"0700";"15,7";"16,1";"15,5";"96,0";"98,0";"95,0";"15,0";"15,4";"14,6";"1003,6";"1003,8";"1003,4";"0,4";"34,0";"1,0";"";"0,0"
"04/12/2025";"0800";"15,3";"15,8";"14,9";"97,0";"98,0";"95,0";"14,7";"15,2";"14,1";"1004,2";"1004,5";"1003,8";"0,6";"78,0";"1,0";"";"0,0"
"04/12/2025";"0900";"14,5";"14,9";"14,3";"98,0";"99,0";"98,0";"14,1";"14,6";"13,8";"1004,6";"1004,7";"1004,5";"1,3";"77,0";"2,1";"44,30";"0,0"
"04/12/2025";"1000";"16,1";"18,2";"14,6";"94,0";"99,0";"86,0";"14,8";"15,7";"14,2";"1004,9";"1005,2";"1004,7";"0,5";"139,0";"1,1";"763,20";"0,0"
"04/12/2025";"1100";"18,7";"19,8";"17,7";"86,0";"92,0";"79,0";"16,0";"16,5";"15,6";"1004,8";"1005,0";"1004,7";"1,9";"238,0";"3,6";"1651,40";"0,0"
"04/12/2025";"1200";"21,0";"22,3";"19,7";"76,0";"82,0";"71,0";"16,2";"16,9";"15,7";"1004,5";"1004,7";"1004,1";"1,8";"219,0";"3,5";"2308,80";"0,0"
"04/12/2025";"1300";"23,2";"24,4";"22,1";"65,0";"72,0";"59,0";"16,3";"16,9";"15,6";"1003,8";"1004,1";"1003,6";"1,5";"211,0";"3,7";"3079,40";"0,0"
"04/12/2025";"1400";"25,5";"26,7";"24,5";"56,0";"61,0";"51,0";"16,6";"17,3";"16,1";"1003,2";"1003,6";"1002,9";"2,2";"175,0";"4,5";"3598,30";"0,0"
"04/12/2025";"1500";"27,2";"28,0";"26,5";"50,0";"56,0";"45,0";"17,2";"18,2";"16,1";"1002,6";"1003,0";"1002,3";"1,6";"151,0";"3,9";"3880,50";"0,0"
"04/12/2025";"1600";"28,6";"29,6";"27,4";"45,0";"50,0";"38,0";"17,5";"18,4";"16,6";"1001,8";"1002,3";"1001,3";"2,0";"145,0";"4,8";"3946,80";"0,0"
"04/12/2025";"1700";"29,9";"30,5";"29,2";"38,0";"42,0";"35,0";"17,5";"18,2";"16,5";"1000,8";"1001,3";"1000,4";"3,1";"100,0";"6,7";"3819,90";"0,0"
"04/12/2025";"1800";"30,2";"30,7";"29,8";"39,0";"43,0";"35,0";"18,0";"18,9";"17,1";"1000,2";"1000,4";"999,9";"3,1";"118,0";"5,9";"3394,20";"0,0"
"04/12/2025";"1900";"30,1";"30,4";"29,6";"39,0";"43,0";"36,0";"17,9";"18,6";"17,2";"999,7";"999,9";"999,6";"3,3";"128,0";"6,2";"2764,40";"0,0"
"04/12/2025";"2000";"29,5";"30,1";"29,0";"41,0";"46,0";"38,0";"17,8";"18,3";"17,4";"999,6";"999,7";"999,4";"4,1";"115,0";"6,9";"1962,70";"0,0"
"04/12/2025";"2100";"28,3";"29,0";"27,6";"48,0";"51,0";"44,0";"18,0";"18,4";"17,6";"999,9";"1000,1";"999,6";"4,3";"100,0";"7,7";"1133,20";"0,0"
"04/12/2025";"2200";"26,3";"27,6";"25,2";"57,0";"62,0";"50,0";"17,7";"17,8";"17,5";"1000,5";"1001,0";"1000,1";"4,7";"106,0";"7,5";"361,90";"0,0"
"04/12/2025";"2300";"24,0";"25,1";"23,1";"66,0";"70,0";"63,0";"17,2";"17,6";"16,1";"1001,3";"1001,6";"1001,0";"3,2";"79,0";"6,7";"9,40";"0,0"
"05/12/2025";"0000";"22,3";"23,0";"21,2";"68,0";"73,0";"65,0";"15,9";"16,2";"15,7";"1001,8";"1002,1";"1001,6";"2,7";"67,0";"3,7";"";"0,0"
"05/12/2025";"0100";"21,2";"21,8";"20,7";"73,0";"76,0";"70,0";"15,7";"15,9";"15,6";"1002,4";"1002,6";"1002,2";"4,2";"67,0";"6,1";"";"0,0"
"05/12/2025";"0200";"19,6";"20,7";"19,0";"81,0";"85,0";"76,0";"15,8";"15,9";"15,4";"1002,5";"1002,6";"1002,3";"0,6";"274,0";"1,1";"";"0,0"
"05/12/2025";"0300";"19,0";"19,4";"18,6";"84,0";"87,0";"82,0";"15,8";"16,0";"15,5";"1002,3";"1002,4";"1002,1";"0,6";"233,0";"1,2";"";"0,0"
"05/12/2025";"0400";"17,9";"18,6";"17,2";"90,0";"94,0";"87,0";"15,8";"16,2";"15,4";"1001,7";"1002,1";"1001,5";"0,7";"224,0";"1,1";"";"0,0"
"05/12/2025";"0500";"16,9";"17,6";"16,7";"94,0";"95,0";"90,0";"15,7";"16,0";"15,2";"1001,4";"1001,5";"1001,3";"0,6";"41,0";"1,1";"";"0,0"
"05/12/2025";"0600";"16,5";"17,0";"16,1";"95,0";"97,0";"93,0";"15,5";"15,8";"15,3";"1001,6";"1001,7";"1001,5";"0,8";"18,0";"1,7";"";"0,0"
"05/12/2025";"0700";"16,0";"16,3";"15,5";"97,0";"98,0";"96,0";"15,4";"15,7";"14,8";"1001,8";"1002,1";"1001,6";"1,5";"57,0";"1,9";"";"0,0"
"05/12/2025";"0800";"15,3";"15,5";"15,1";"98,0";"99,0";"97,0";"14,9";"15,0";"14,8";"1001,9";"1002,2";"1001,7";"0,4";"110,0";"0,9";"";"0,0"
"05/12/2025";"0900";"15,3";"15,6";"15,2";"99,0";"99,0";"98,0";"15,1";"15,4";"14,9";"1002,4";"1002,6";"1002,3";"0,6";"191,0";"1,3";"46,50";"0,0"
"05/12/2025";"1000";"16,7";"18,4";"15,7";"96,0";"98,0";"90,0";"15,8";"16,7";"15,3";"1002,6";"1002,7";"1002,5";"1,3";"133,0";"1,9";"631,50";"0,0"
"05/12/2025";"1100";"19,7";"21,0";"18,5";"86,0";"89,0";"82,0";"16,9";"17,8";"16,2";"1002,7";"1002,8";"1002,6";"1,7";"200,0";"2,8";"1450,70";"0,0"
"05/12/2025";"1200";"22,7";"24,8";"21,0";"73,0";"81,0";"65,0";"17,4";"18,3";"16,9";"1002,4";"1002,7";"1002,1";"0,9";"194,0";"2,5";"2232,30";"0,0"
"05/12/2025";"1300";"26,5";"28,8";"24,7";"60,0";"67,0";"52,0";"18,5";"19,5";"17,6";"1001,5";"1002,0";"1001,2";"1,2";"107,0";"2,8";"2973,20";"0,0"
"05/12/2025";"1400";"29,9";"30,7";"28,6";"48,0";"56,0";"44,0";"19,4";"20,0";"18,9";"1001,1";"1001,3";"1000,8";"4,0";"276,0";"6,1";"3516,60";"0,0"
"05/12/2025";"1500";"31,4";"32,4";"30,3";"43,0";"47,0";"39,0";"20,0";"20,9";"19,1";"1000,5";"1000,8";"1000,1";"1,8";"149,0";"4,4";"3826,20";"0,0"
"05/12/2025";"1600";"32,7";"33,2";"32,2";"40,0";"45,0";"36,0";"20,6";"21,5";"19,6";"999,8";"1000,1";"999,5";"1,8";"124,0";"4,7";"3909,20";"0,0"
"05/12/2025";"1700";"34,1";"35,0";"32,8";"34,0";"40,0";"30,0";"20,9";"21,8";"20,0";"999,2";"999,5";"999,0";"3,0";"203,0";"6,3";"3770,50";"0,0"
"05/12/2025";"1800";"34,9";"35,5";"34,3";"31,0";"35,0";"27,0";"21,0";"21,9";"20,5";"998,4";"999,0";"997,8";"2,4";"149,0";"4,8";"3346,70";"0,0"
"05/12/2025";"1900";"34,4";"35,0";"33,9";"34,0";"37,0";"31,0";"21,3";"22,0";"20,6";"997,6";"997,9";"997,3";"3,3";"125,0";"5,6";"2615,90";"0,0"
"05/12/2025";"2000";"33,8";"34,4";"33,4";"35,0";"37,0";"34,0";"20,9";"21,6";"20,3";"997,2";"997,3";"997,1";"2,8";"127,0";"6,0";"1780,80";"0,0"
"05/12/2025";"2100";"32,9";"33,3";"32,1";"36,0";"39,0";"34,0";"20,1";"20,5";"19,7";"997,4";"997,5";"997,2";"2,9";"119,0";"4,9";"1071,00";"0,0"
"05/12/2025";"2200";"30,9";"32,1";"29,6";"42,0";"47,0";"38,0";"19,2";"19,8";"18,8";"997,9";"998,3";"997,5";"2,5";"90,0";"5,2";"319,30";"0,0"
"05/12/2025";"2300";"28,1";"29,6";"27,1";"52,0";"57,0";"46,0";"18,5";"18,9";"18,1";"998,8";"999,3";"998,3";"2,5";"84,0";"4,4";"15,40";"0,0"
"06/12/2025";"0000";"26,7";"27,2";"26,0";"62,0";"66,0";"57,0";"19,2";"19,4";"18,7";"999,7";"1000,0";"999,4";"3,6";"68,0";"5,9";"";"0,0"
"06/12/2025";"0100";"25,4";"26,1";"24,7";"69,0";"71,0";"66,0";"19,1";"19,3";"18,9";"1000,2";"1000,4";"1000,0";"2,2";"78,0";"4,1";"";"0,0"
"06/12/2025";"0200";"24,3";"24,7";"23,8";"72,0";"74,0";"71,0";"18,7";"19,0";"18,5";"1000,6";"1000,7";"1000,4";"1,7";"75,0";"3,0";"";"0,0"
"06/12/2025";"0300";"23,4";"23,8";"23,0";"76,0";"79,0";"74,0";"18,6";"18,9";"18,4";"1000,6";"1000,7";"1000,4";"1,2";"263,0";"2,0";"";"0,0"
"06/12/2025";"0400";"23,0";"23,7";"22,4";"78,0";"81,0";"74,0";"18,5";"18,6";"18,4";"1000,6";"1000,7";"1000,4";"1,4";"271,0";"2,0";"";"0,0"
"06/12/2025";"0500";"21,8";"22,5";"20,7";"84,0";"89,0";"80,0";"18,5";"18,6";"18,3";"1000,2";"1000,4";"1000,0";"1,2";"87,0";"2,0";"";"0,0"
"06/12/2025";"0600";"20,4";"20,7";"20,2";"90,0";"92,0";"88,0";"18,4";"18,6";"18,0";"999,9";"1000,0";"999,8";"0,4";"221,0";"0,9";"";"0,0"
"06/12/2025";"0700";"19,8";"20,2";"19,3";"93,0";"95,0";"92,0";"18,5";"18,7";"18,2";"1000,0";"1000,2";"999,8";"1,3";"161,0";"1,8";"";"0,0"
"06/12/2025";"0800";"19,4";"19,7";"18,9";"95,0";"96,0";"93,0";"18,3";"18,6";"17,8";"1000,5";"1000,8";"1000,2";"0,6";"221,0";"1,2";"";"0,0"
"06/12/2025";"0900";"19,2";"19,8";"18,8";"95,0";"98,0";"93,0";"18,3";"18,5";"18,0";"1001,0";"1001,2";"1000,8";"0,6";"141,0";"0,9";"70,30";"0,0"
"06/12/2025";"1000";"20,4";"22,1";"19,6";"91,0";"95,0";"84,0";"18,7";"19,1";"18,3";"1001,4";"1001,6";"1001,1";"1,2";"131,0";"2,2";"516,90";"0,0"
"06/12/2025";"1100";"23,1";"24,7";"21,9";"80,0";"87,0";"72,0";"19,2";"19,5";"18,6";"1001,6";"1001,8";"1001,6";"2,0";"190,0";"3,4";"1334,10";"0,0"
"06/12/2025";"1200";"26,6";"28,4";"24,7";"66,0";"74,0";"56,0";"19,7";"20,3";"19,3";"1001,5";"1001,7";"1001,4";"1,4";"205,0";"3,4";"2202,00";"0,0"
"06/12/2025";"1300";"30,4";"31,7";"28,4";"47,0";"58,0";"43,0";"19,8";"20,6";"19,4";"1001,2";"1001,4";"1001,0";"3,8";"300,0";"5,8";"2927,90";"0,0"
"06/12/2025";"1400";"32,4";"33,1";"31,8";"42,0";"43,0";"41,0";"20,8";"21,5";"20,1";"1000,7";"1001,0";"1000,4";"2,5";"299,0";"4,4";"3117,70";"0,0"
"06/12/2025";"1500";"34,3";"35,7";"33,3";"38,0";"43,0";"33,0";"22,0";"23,1";"21,3";"1000,1";"1000,4";"999,8";"2,7";"249,0";"5,5";"3730,00";"0,0"
"06/12/2025";"1600";"35,9";"37,2";"34,7";"35,0";"38,0";"32,0";"22,8";"23,8";"21,6";"999,6";"999,9";"999,3";"3,1";"193,0";"7,0";"3766,50";"0,0"
"06/12/2025";"1700";"36,7";"37,2";"36,0";"32,0";"35,0";"30,0";"23,1";"23,8";"22,3";"998,9";"999,4";"998,6";"3,5";"161,0";"6,9";"3553,70";"0,0"
"06/12/2025";"1800";"37,0";"37,5";"36,4";"31,0";"35,0";"28,0";"23,2";"23,9";"22,5";"998,3";"998,6";"997,9";"3,6";"194,0";"6,7";"3321,80";"0,0"
"06/12/2025";"1900";"37,0";"37,7";"36,5";"32,0";"34,0";"29,0";"23,3";"24,0";"22,7";"997,6";"998,0";"997,4";"2,8";"136,0";"5,1";"2638,60";"0,0"
"06/12/2025";"2000";"36,5";"37,2";"35,4";"33,0";"36,0";"31,0";"23,2";"24,0";"22,1";"997,1";"997,3";"997,0";"1,1";"149,0";"4,6";"1781,20";"0,0"
"06/12/2025";"2100";"34,8";"34,8";"34,8";"35,0";"35,0";"35,0";"21,8";"21,8";"21,8";"997,3";"997,3";"997,3";"2,9";"144,0";"4,1";"361,20";"0,0"
"06/12/2025";"2200";"32,8";"32,8";"32,8";"40,0";"40,0";"40,0";"20,7";"20,7";"20,7";"998,2";"998,2";"998,2";"1,0";"8,0";"1,2";"96,20";"0,0"
"06/12/2025";"2300";"28,8";"28,8";"28,8";"57,0";"57,0";"57,0";"20,2";"20,2";"20,2";"999,0";"999,0";"999,0";"3,2";"62,0";"3,9";"";"0,0"
"07/12/2025";"0000";"28,0";"28,0";"28,0";"64,0";"64,0";"64,0";"20,7";"20,7";"20,7";"999,7";"999,7";"999,7";"1,8";"72,0";"2,7";"";"0,0"
"07/12/2025";"0100";"27,5";"27,9";"27,0";"66,0";"68,0";"64,0";"20,6";"20,8";"20,4";"999,9";"1000,1";"999,7";"2,4";"51,0";"3,5";"";"0,0"
"07/12/2025";"0200";"26,7";"27,7";"25,6";"69,0";"74,0";"65,0";"20,5";"20,7";"20,2";"1000,4";"1000,6";"1000,0";"0,9";"194,0";"2,6";"";"0,0"
"07/12/2025";"0300";"25,7";"26,2";"25,2";"71,0";"74,0";"69,0";"19,8";"20,3";"19,4";"1000,6";"1000,7";"1000,5";"1,4";"224,0";"2,6";"";"0,0"
"07/12/2025";"0400";"24,5";"25,4";"23,4";"76,0";"82,0";"70,0";"19,6";"20,0";"19,4";"1000,7";"1000,8";"1000,6";"0,7";"86,0";"1,0";"";"0,0"
"07/12/2025";"0500";"23,4";"23,9";"23,0";"82,0";"84,0";"80,0";"19,8";"20,0";"19,7";"1000,8";"1000,9";"1000,7";"1,0";"169,0";"1,5";"";"0,0"
"07/12/2025";"0600";"22,0";"23,0";"21,7";"88,0";"90,0";"84,0";"19,7";"19,8";"19,6";"1000,7";"1000,8";"1000,6";"1,0";"42,0";"1,7";"";"0,0"
"07/12/2025";"0700";"21,5";"21,9";"21,3";"91,0";"92,0";"89,0";"19,7";"19,8";"19,5";"1000,8";"1000,8";"1000,7";"0,6";"177,0";"1,1";"";"0,0"
"07/12/2025";"0800";"20,9";"21,4";"20,3";"94,0";"97,0";"91,0";"19,6";"19,8";"19,3";"1000,8";"1001,3";"1000,6";"0,7";"165,0";"1,3";"";"0,0"
"07/12/2025";"0900";"20,6";"21,1";"20,3";"95,0";"97,0";"91,0";"19,5";"19,8";"19,2";"1001,5";"1001,8";"1001,2";"0,5";"263,0";"1,0";"42,10";"0,0"
"07/12/2025";"1000";"22,4";"23,4";"21,2";"88,0";"92,0";"84,0";"19,9";"20,6";"19,4";"1001,8";"1002,1";"1001,8";"1,0";"215,0";"1,5";"550,80";"0,0"
"07/12/2025";"1100";"24,8";"26,3";"23,3";"78,0";"86,0";"70,0";"20,5";"20,9";"20,0";"1002,0";"1002,1";"1001,9";"1,5";"190,0";"2,6";"1286,40";"0,0"
"07/12/2025";"1200";"28,1";"29,8";"26,4";"65,0";"71,0";"56,0";"21,0";"21,7";"20,4";"1001,8";"1002,0";"1001,6";"1,7";"200,0";"3,0";"2062,90";"0,0"
"07/12/2025";"1300";"31,1";"32,0";"29,7";"51,0";"58,0";"46,0";"21,3";"22,0";"20,6";"1001,5";"1001,7";"1001,3";"1,3";"171,0";"3,4";"2855,70";"0,0"
"07/12/2025";"1400";"33,2";"34,6";"31,8";"44,0";"50,0";"40,0";"22,1";"22,9";"21,2";"1001,0";"1001,4";"1000,7";"1,3";"123,0";"2,9";"3387,80";"0,0"
"07/12/2025";"1500";"35,1";"36,1";"34,1";"39,0";"46,0";"34,0";"23,0";"23,8";"22,3";"1000,4";"1000,7";"1000,1";"2,3";"177,0";"4,6";"3652,30";"0,0"
"07/12/2025";"1600";"36,3";"37,5";"35,3";"36,0";"39,0";"32,0";"23,5";"24,6";"22,2";"999,7";"1000,2";"999,3";"1,9";"218,0";"5,1";"3755,70";"0,0"
"07/12/2025";"1700";"37,6";"38,2";"37,1";"34,0";"37,0";"29,0";"24,3";"24,9";"23,7";"998,8";"999,3";"998,3";"2,8";"140,0";"5,3";"3656,10";"0,0"
"07/12/2025";"1800";"38,0";"38,3";"37,7";"31,0";"34,0";"27,0";"24,1";"24,8";"23,4";"997,8";"998,3";"997,2";"3,8";"74,0";"7,0";"3294,80";"0,0"
"07/12/2025";"1900";"38,5";"39,1";"38,0";"28,0";"34,0";"24,0";"24,0";"24,9";"23,3";"996,9";"997,3";"996,5";"3,4";"99,0";"6,7";"2826,20";"0,0"
"07/12/2025";"2000";"34,3";"34,3";"34,3";"47,0";"47,0";"47,0";"23,7";"23,7";"23,7";"996,8";"996,8";"996,8";"5,3";"88,0";"8,1";"1479,70";"0,0"
"07/12/2025";"2100";"32,1";"32,1";"32,1";"49,0";"49,0";"49,0";"21,8";"21,8";"21,8";"997,0";"997,0";"997,0";"3,3";"94,0";"6,2";"654,90";"0,0"
"07/12/2025";"2200";"30,2";"30,2";"30,2";"40,0";"40,0";"40,0";"18,3";"18,3";"18,3";"998,3";"998,3";"998,3";"4,4";"71,0";"5,8";"61,70";"0,0"
"07/12/2025";"2300";"27,7";"27,7";"27,7";"41,0";"41,0";"41,0";"15,9";"15,9";"15,9";"1000,0";"1000,0";"1000,0";"2,2";"71,0";"3,8";"";"0,0"
"08/12/2025";"0000";"26,9";"26,9";"26,9";"43,0";"43,0";"43,0";"15,5";"15,5";"15,5";"1000,9";"1000,9";"1000,9";"2,4";"70,0";"3,2";"";"0,0"
"08/12/2025";"0100";"26,4";"27,0";"25,6";"44,0";"50,0";"40,0";"15,1";"15,7";"14,7";"1001,5";"1001,8";"1001,0";"1,4";"163,0";"3,2";"";"0,0"
"08/12/2025";"0200";"24,3";"25,6";"23,2";"55,0";"63,0";"48,0";"15,3";"15,9";"14,7";"1002,0";"1002,2";"1001,8";"0,5";"245,0";"1,6";"";"0,0"
"08/12/2025";"0300";"23,5";"23,8";"23,1";"61,0";"65,0";"57,0";"15,6";"16,3";"14,9";"1002,2";"1002,3";"1002,1";"1,0";"58,0";"1,4";"";"0,0"
"08/12/2025";"0400";"22,3";"23,1";"21,9";"69,0";"70,0";"66,0";"16,0";"16,4";"15,5";"1002,2";"1002,4";"1002,1";"0,6";"276,0";"1,3";"";"0,0"
"08/12/2025";"0500";"21,7";"22,0";"21,3";"74,0";"80,0";"69,0";"16,5";"17,7";"15,7";"1001,9";"1002,2";"1001,5";"0,8";"47,0";"1,3";"";"0,0"
"08/12/2025";"0600";"20,5";"21,4";"19,9";"80,0";"82,0";"78,0";"16,5";"17,3";"16,0";"1001,2";"1001,5";"1000,9";"1,2";"51,0";"2,3";"";"0,0"
"08/12/2025";"0700";"20,1";"20,4";"19,8";"83,0";"87,0";"81,0";"16,7";"17,2";"16,4";"1001,0";"1001,3";"1000,8";"0,6";"257,0";"1,3";"";"0,0"
"08/12/2025";"0800";"19,8";"20,1";"19,6";"86,0";"88,0";"84,0";"17,0";"17,4";"16,8";"1001,5";"1001,6";"1001,3";"1,1";"139,0";"1,9";"";"0,0"
"08/12/2025";"0900";"19,8";"20,1";"19,4";"88,0";"89,0";"87,0";"17,3";"17,7";"17,0";"1001,1";"1001,4";"1000,9";"0,9";"80,0";"2,3";"53,80";"0,0"
"08/12/2025";"1000";"20,4";"21,6";"19,6";"88,0";"90,0";"82,0";"17,9";"18,4";"17,6";"1001,4";"1001,5";"1001,1";"0,4";"76,0";"1,2";"341,10";"0,0"
"08/12/2025";"1100";"22,3";"22,9";"21,6";"80,0";"82,0";"77,0";"18,3";"18,8";"17,8";"1001,6";"1001,7";"1001,5";"1,9";"325,0";"3,0";"661,10";"0,0"
"08/12/2025";"1200";"23,3";"23,7";"22,8";"78,0";"79,0";"76,0";"18,8";"19,4";"18,4";"1001,7";"1001,9";"1001,6";"1,4";"257,0";"2,7";"907,60";"0,0"
"08/12/2025";"1300";"24,3";"24,8";"23,8";"76,0";"78,0";"75,0";"19,5";"20,0";"19,0";"1001,5";"1001,7";"1001,2";"0,8";"94,0";"1,7";"1010,60";"0,0"
"08/12/2025";"1400";"25,6";"26,1";"24,9";"72,0";"76,0";"69,0";"20,0";"20,5";"19,7";"1000,8";"1001,1";"1000,4";"1,3";"108,0";"2,6";"1661,90";"0,0"
"08/12/2025";"1500";"27,4";"27,8";"26,3";"66,0";"71,0";"64,0";"20,6";"21,0";"20,2";"1000,0";"1000,4";"999,7";"0,9";"137,0";"2,8";"1885,70";"0,0"
"08/12/2025";"1600";"28,7";"29,2";"27,8";"61,0";"67,0";"58,0";"20,9";"21,5";"20,3";"999,4";"999,9";"998,9";"2,3";"106,0";"4,5";"2060,90";"0,0"
"08/12/2025";"1700";"29,1";"29,7";"28,6";"61,0";"66,0";"58,0";"21,3";"22,2";"20,7";"998,5";"999,0";"998,1";"2,3";"121,0";"5,1";"1496,60";"0,0"
"08/12/2025";"1800";"29,6";"30,2";"28,6";"62,0";"67,0";"56,0";"22,0";"22,7";"21,4";"997,5";"998,1";"996,8";"2,1";"103,0";"3,7";"1710,80";"0,0"
"08/12/2025";"1900";"30,0";"30,2";"29,6";"60,0";"62,0";"57,0";"21,9";"22,6";"21,5";"996,3";"996,8";"996,0";"1,7";"112,0";"3,0";"1106,40";"0,0"
"08/12/2025";"2000";"29,3";"29,9";"28,8";"64,0";"66,0";"61,0";"22,1";"22,4";"21,8";"995,9";"996,7";"995,6";"2,0";"73,0";"3,8";"256,00";"0,0"
"08/12/2025";"2100";"26,2";"28,8";"24,6";"83,0";"94,0";"66,0";"22,8";"23,4";"22,0";"997,0";"997,2";"996,7";"2,0";"252,0";"3,9";"23,10";"1,8"
"08/12/2025";"2200";"22,8";"24,6";"20,2";"93,0";"96,0";"80,0";"21,5";"23,3";"18,9";"998,3";"999,9";"997,1";"3,8";"52,0";"8,2";"23,50";"11,6"
"08/12/2025";"2300";"20,7";"21,3";"20,2";"92,0";"96,0";"87,0";"19,1";"19,6";"18,3";"999,4";"999,8";"999,2";"2,8";"65,0";"4,3";"1,50";"5,2"
"09/12/2025";"0000";"20,3";"20,6";"20,3";"97,0";"98,0";"96,0";"19,8";"19,9";"19,6";"999,5";"1000,0";"999,2";"3,8";"78,0";"5,9";"0,30";"2,0"
"09/12/2025";"0100";"20,4";"20,5";"20,3";"98,0";"98,0";"97,0";"19,9";"20,0";"19,8";"999,0";"999,3";"998,7";"3,7";"68,0";"4,7";"0,20";"0,8"
"09/12/2025";"0200";"20,7";"20,9";"20,5";"97,0";"98,0";"94,0";"20,1";"20,3";"19,7";"998,5";"998,8";"998,3";"0,3";"198,0";"0,7";"0,20";"0,4"
"09/12/2025";"0300";"20,6";"20,7";"20,4";"99,0";"99,0";"98,0";"20,3";"20,5";"20,2";"998,3";"998,5";"998,0";"0,9";"197,0";"2,3";"0,20";"1,0"
"09/12/2025";"0400";"20,5";"20,6";"20,4";"99,0";"100,0";"99,0";"20,4";"20,5";"20,2";"997,5";"998,0";"996,7";"2,0";"142,0";"3,7";"0,20";"4,8"
"09/12/2025";"0500";"20,3";"20,4";"20,3";"100,0";"100,0";"100,0";"20,3";"20,3";"20,3";"996,0";"997,1";"995,3";"2,2";"234,0";"3,1";"0,70";"5,0"
"09/12/2025";"0600";"20,3";"20,4";"20,2";"100,0";"100,0";"99,0";"20,2";"20,4";"20,1";"995,5";"996,1";"995,1";"1,7";"198,0";"2,1";"1,00";"5,6"
"09/12/2025";"0700";"20,3";"20,4";"20,2";"100,0";"100,0";"100,0";"20,2";"20,4";"20,2";"994,5";"995,3";"994,0";"1,0";"55,0";"2,1";"0,20";"0,2"
"09/12/2025";"0800";"20,3";"20,4";"20,3";"100,0";"100,0";"100,0";"20,3";"20,4";"20,3";"994,3";"994,5";"994,1";"0,2";"193,0";"0,6";"0,30";"0,8"
"09/12/2025";"0900";"20,3";"20,4";"20,2";"99,0";"100,0";"93,0";"20,1";"20,4";"18,9";"993,6";"994,5";"993,1";"3,2";"63,0";"8,0";"7,40";"5,8"
"09/12/2025";"1000";"20,2";"20,4";"20,1";"95,0";"97,0";"92,0";"19,1";"19,7";"18,5";"993,0";"993,2";"992,8";"1,6";"106,0";"2,9";"188,50";"0,2"
"09/12/2025";"1100";"20,5";"21,1";"20,3";"95,0";"97,0";"93,0";"19,6";"20,2";"19,1";"992,8";"993,1";"992,6";"2,2";"67,0";"3,7";"407,50";"0,6"
"09/12/2025";"1200";"22,0";"22,5";"21,2";"89,0";"95,0";"85,0";"19,8";"20,5";"19,1";"992,2";"992,5";"992,0";"1,1";"97,0";"2,0";"952,90";"0,0"
"09/12/2025";"1300";"21,9";"22,4";"21,6";"93,0";"97,0";"88,0";"20,6";"21,2";"19,7";"991,9";"992,1";"991,7";"1,2";"226,0";"1,9";"338,30";"1,0"
"09/12/2025";"1400";"21,8";"22,0";"21,7";"97,0";"98,0";"96,0";"21,3";"21,7";"21,0";"991,6";"992,0";"991,3";"0,6";"190,0";"1,3";"414,90";"2,6"
"09/12/2025";"1500";"22,0";"22,2";"21,9";"98,0";"99,0";"96,0";"21,5";"21,9";"21,0";"991,1";"991,3";"990,7";"0,9";"110,0";"1,6";"364,90";"2,4"
"09/12/2025";"1600";"22,2";"22,4";"22,0";"97,0";"98,0";"95,0";"21,5";"21,8";"21,2";"990,4";"990,7";"989,9";"1,0";"212,0";"1,8";"448,20";"1,8"
"09/12/2025";"1700";"23,0";"24,0";"22,4";"95,0";"98,0";"90,0";"22,0";"22,7";"21,5";"989,2";"989,8";"988,5";"0,5";"143,0";"1,9";"1041,30";"0,8"
"09/12/2025";"1800";"24,8";"25,5";"24,1";"85,0";"91,0";"79,0";"21,9";"22,8";"21,0";"987,5";"988,4";"986,6";"1,1";"90,0";"2,7";"1702,60";"0,0"
"09/12/2025";"1900";"26,1";"26,5";"25,5";"79,0";"84,0";"74,0";"21,9";"22,7";"21,1";"986,0";"986,5";"985,5";"2,0";"72,0";"4,1";"1685,80";"0,0"
"09/12/2025";"2000";"26,1";"26,7";"25,4";"79,0";"83,0";"75,0";"22,0";"22,5";"21,5";"985,4";"985,5";"985,2";"2,3";"99,0";"3,8";"704,80";"0,0"
"09/12/2025";"2100";"25,4";"25,8";"25,1";"81,0";"83,0";"78,0";"21,6";"22,1";"21,1";"985,2";"985,3";"984,9";"1,7";"118,0";"3,4";"810,50";"0,0"
"09/12/2025";"2200";"24,5";"25,8";"23,5";"85,0";"88,0";"77,0";"21,4";"22,0";"21,1";"984,9";"985,1";"984,6";"2,1";"124,0";"3,7";"318,20";"0,0"
"09/12/2025";"2300";"23,0";"23,5";"22,5";"91,0";"94,0";"89,0";"21,2";"21,4";"21,1";"985,3";"985,7";"985,1";"1,2";"164,0";"3,2";"6,00";"0,4"
"10/12/2025";"0000";"22,1";"22,5";"22,0";"97,0";"98,0";"94,0";"21,5";"21,8";"21,3";"985,8";"986,1";"985,6";"0,8";"281,0";"1,9";"0,50";"5,4"
"10/12/2025";"0100";"21,7";"22,2";"21,3";"94,0";"98,0";"91,0";"20,5";"21,8";"19,8";"986,4";"986,7";"986,1";"1,1";"304,0";"2,3";"2,20";"1,4"
"10/12/2025";"0200";"21,2";"21,3";"21,1";"95,0";"97,0";"94,0";"20,3";"20,6";"20,1";"986,4";"986,6";"986,2";"2,6";"290,0";"4,3";"0,30";"0,0"
"10/12/2025";"0300";"21,0";"21,4";"20,6";"96,0";"99,0";"94,0";"20,2";"20,4";"20,1";"985,9";"986,2";"985,6";"1,0";"71,0";"1,6";"";"0,0"
"10/12/2025";"0400";"20,4";"20,6";"20,1";"99,0";"99,0";"98,0";"20,1";"20,3";"19,9";"985,4";"985,6";"985,1";"0,5";"175,0";"2,0";"";"0,0"
"10/12/2025";"0500";"20,5";"21,2";"20,1";"96,0";"99,0";"91,0";"19,8";"20,0";"19,4";"984,8";"985,1";"984,4";"1,3";"283,0";"2,0";"";"0,2"
"10/12/2025";"0600";"21,5";"21,8";"21,2";"89,0";"92,0";"87,0";"19,4";"19,7";"19,0";"984,1";"984,4";"983,7";"1,5";"274,0";"4,7";"";"0,0"
"10/12/2025";"0700";"21,6";"21,8";"21,4";"89,0";"91,0";"86,0";"19,3";"19,5";"19,0";"983,6";"983,7";"983,5";"1,5";"259,0";"3,4";"";"0,0"
"10/12/2025";"0800";"21,2";"21,6";"20,9";"90,0";"91,0";"87,0";"19,2";"19,4";"18,9";"983,7";"983,9";"983,5";"1,9";"270,0";"4,4";"";"0,0"
"10/12/2025";"0900";"21,0";"21,3";"20,6";"92,0";"97,0";"88,0";"19,3";"19,9";"18,9";"984,0";"984,1";"983,8";"0,8";"86,0";"1,8";"38,80";"0,0"
"10/12/2025";"1000";"22,0";"22,6";"20,7";"89,0";"94,0";"84,0";"19,7";"20,4";"19,1";"983,9";"984,1";"983,7";"2,0";"238,0";"2,9";"359,30";"0,0"
"10/12/2025";"1100";"21,4";"22,4";"20,8";"93,0";"97,0";"86,0";"20,0";"20,2";"19,4";"984,4";"984,7";"984,1";"1,3";"263,0";"2,4";"57,20";"3,2"
"10/12/2025";"1200";"20,8";"20,9";"20,7";"98,0";"99,0";"96,0";"20,3";"20,5";"20,1";"984,6";"984,7";"984,5";"2,3";"250,0";"4,0";"118,30";"5,0"
"10/12/2025";"1300";"20,6";"21,1";"19,8";"98,0";"99,0";"93,0";"20,1";"20,8";"19,0";"985,2";"985,7";"984,7";"2,8";"177,0";"6,2";"446,20";"2,6"
"10/12/2025";"1400";"20,2";"20,6";"19,9";"96,0";"98,0";"93,0";"19,5";"20,0";"19,0";"986,0";"986,4";"985,7";"2,6";"136,0";"4,4";"773,60";"2,4"
"10/12/2025";"1500";"20,1";"20,4";"19,5";"96,0";"97,0";"93,0";"19,2";"19,9";"18,4";"987,1";"987,5";"986,4";"2,1";"188,0";"4,0";"852,00";"3,6"
"10/12/2025";"1600";"20,1";"20,4";"19,9";"97,0";"98,0";"95,0";"19,5";"19,8";"19,2";"987,8";"988,1";"987,5";"2,9";"194,0";"6,9";"698,90";"3,0"
"10/12/2025";"1700";"19,9";"20,0";"19,8";"97,0";"99,0";"95,0";"19,4";"19,7";"19,0";"988,4";"988,7";"988,1";"3,9";"215,0";"7,0";"473,60";"6,4"
"10/12/2025";"1800";"20,2";"20,5";"19,8";"96,0";"98,0";"94,0";"19,4";"19,9";"18,8";"989,0";"989,5";"988,4";"6,7";"217,0";"9,8";"426,60";"0,8"
"10/12/2025";"1900";"19,7";"19,8";"19,6";"96,0";"97,0";"94,0";"18,9";"19,1";"18,5";"990,0";"990,4";"989,5";"6,4";"223,0";"11,1";"399,80";"1,6"
"10/12/2025";"2000";"19,7";"19,8";"19,6";"95,0";"96,0";"94,0";"18,7";"19,0";"18,5";"990,7";"991,0";"990,4";"4,6";"239,0";"7,9";"359,90";"0,2"
"10/12/2025";"2100";"19,8";"19,9";"19,6";"94,0";"95,0";"92,0";"18,5";"18,8";"18,2";"991,1";"991,3";"991,0";"4,8";"235,0";"8,0";"307,10";"0,2"
"10/12/2025";"2200";"19,6";"19,9";"18,9";"93,0";"98,0";"90,0";"18,1";"18,5";"17,8";"991,6";"992,3";"991,2";"4,4";"223,0";"7,6";"53,20";"2,4"
"10/12/2025";"2300";"18,8";"19,0";"18,6";"97,0";"98,0";"96,0";"18,3";"18,6";"17,8";"992,7";"993,2";"992,3";"4,6";"259,0";"6,4";"5,80";"0,6"
"11/12/2025";"0000";"18,5";"18,6";"18,3";"96,0";"97,0";"94,0";"17,6";"17,9";"17,2";"993,5";"993,6";"993,2";"2,9";"270,0";"4,2";"0,10";"0,0"
"11/12/2025";"0100";"18,4";"18,5";"18,3";"94,0";"95,0";"92,0";"17,2";"17,4";"16,9";"993,8";"994,0";"993,6";"2,7";"269,0";"4,3";"";"0,0"
"11/12/2025";"0200";"18,2";"18,3";"18,0";"94,0";"95,0";"93,0";"17,0";"17,2";"16,7";"994,2";"994,2";"994,0";"2,0";"261,0";"3,4";"";"0,0"
"11/12/2025";"0300";"18,1";"18,3";"18,0";"91,0";"94,0";"88,0";"16,3";"16,8";"16,0";"994,0";"994,2";"993,6";"2,3";"280,0";"3,4";"";"0,0"
"11/12/2025";"0400";"18,0";"18,3";"17,7";"90,0";"92,0";"88,0";"15,9";"16,1";"15,6";"993,1";"993,6";"992,8";"1,4";"255,0";"3,0";"";"0,0"
"11/12/2025";"0500";"17,7";"18,1";"17,2";"89,0";"92,0";"87,0";"15,6";"15,8";"15,3";"993,0";"993,1";"992,9";"2,2";"246,0";"3,5";"";"0,0"
"11/12/2025";"0600";"16,9";"17,7";"16,2";"92,0";"98,0";"88,0";"15,4";"15,8";"15,3";"993,0";"993,1";"992,9";"0,7";"161,0";"1,4";"";"0,0"
"11/12/2025";"0700";"16,3";"17,3";"15,8";"96,0";"99,0";"89,0";"15,4";"15,6";"15,1";"993,1";"993,4";"992,8";"0,9";"109,0";"1,7";"";"0,0"
"11/12/2025";"0800";"15,8";"16,1";"15,7";"98,0";"99,0";"97,0";"15,4";"15,7";"15,2";"993,7";"994,1";"993,4";"0,8";"255,0";"1,8";"";"0,0"
"11/12/2025";"0900";"15,6";"16,3";"15,3";"98,0";"100,0";"94,0";"15,2";"15,7";"14,8";"994,3";"994,6";"994,1";"1,1";"112,0";"2,1";"66,60";"0,0"
"11/12/2025";"1000";"16,4";"17,3";"15,8";"99,0";"100,0";"95,0";"16,1";"16,8";"15,7";"995,0";"995,3";"994,6";"0,6";"213,0";"1,7";"269,90";"0,2"
"11/12/2025";"1100";"19,3";"20,4";"17,5";"88,0";"97,0";"80,0";"16,8";"17,5";"16,2";"995,6";"995,9";"995,3";"3,4";"280,0";"5,5";"661,00";"0,0"
"11/12/2025";"1200";"21,4";"22,4";"20,4";"78,0";"83,0";"73,0";"17,0";"17,9";"16,3";"995,9";"996,0";"995,8";"3,9";"289,0";"5,8";"1779,90";"0,0"
"11/12/2025";"1300";"23,5";"24,6";"22,5";"72,0";"79,0";"66,0";"17,9";"18,9";"16,9";"995,7";"995,9";"995,6";"4,6";"262,0";"6,6";"2812,30";"0,0"
"11/12/2025";"1400";"25,8";"27,0";"24,4";"58,0";"71,0";"52,0";"17,5";"18,9";"16,4";"995,7";"995,9";"995,5";"6,2";"213,0";"10,1";"3410,20";"0,0"
"11/12/2025";"1500";"27,2";"28,1";"26,6";"53,0";"57,0";"49,0";"17,8";"19,3";"17,0";"995,4";"995,7";"995,2";"5,9";"210,0";"9,4";"3775,40";"0,0"
"11/12/2025";"1600";"28,2";"28,8";"27,2";"51,0";"55,0";"47,0";"18,3";"19,0";"17,3";"994,9";"995,2";"994,5";"5,6";"218,0";"8,4";"3596,50";"0,0"
"11/12/2025";"1700";"29,0";"29,5";"28,3";"48,0";"51,0";"43,0";"18,6";"19,2";"17,6";"994,2";"994,6";"993,9";"4,6";"211,0";"8,9";"3589,50";"0,0"
"11/12/2025";"1800";"29,6";"30,1";"28,7";"46,0";"52,0";"42,0";"18,8";"19,6";"18,0";"993,6";"994,0";"993,4";"4,7";"217,0";"8,2";"3380,10";"0,0"
"11/12/2025";"1900";"30,1";"30,3";"30,0";"44,0";"47,0";"40,0";"18,9";"19,5";"18,1";"993,1";"993,4";"992,8";"4,7";"204,0";"7,0";"2845,40";"0,0"
"11/12/2025";"2000";"30,3";"30,4";"30,2";"42,0";"47,0";"38,0";"18,7";"19,6";"17,9";"992,7";"992,9";"992,5";"3,8";"214,0";"6,4";"2060,80";"0,0"
"11/12/2025";"2100";"30,1";"30,3";"29,8";"41,0";"44,0";"38,0";"18,3";"18,9";"17,7";"992,4";"992,5";"992,3";"1,9";"202,0";"3,2";"1195,40";"0,0"
"11/12/2025";"2200";"29,4";"29,8";"28,5";"43,0";"48,0";"39,0";"18,1";"18,6";"17,4";"992,8";"993,2";"992,4";"0,3";"220,0";"1,3";"383,50";"0,0"
"11/12/2025";"2300";"24,4";"28,2";"22,4";"69,0";"79,0";"50,0";"18,2";"18,8";"17,4";"993,7";"994,3";"993,2";"2,2";"54,0";"3,6";"7,90";"0,0"
"12/12/2025";"0000";"21,6";"22,3";"20,9";"81,0";"84,0";"78,0";"17,9";"18,1";"17,6";"994,7";"995,0";"994,3";"2,0";"59,0";"2,5";"";"0,0"
"12/12/2025";"0100";"20,8";"21,0";"20,5";"85,0";"86,0";"83,0";"17,7";"18,0";"17,4";"995,2";"995,5";"995,0";"0,8";"67,0";"1,7";"";"0,0"
"12/12/2025";"0200";"19,9";"20,4";"19,6";"89,0";"92,0";"86,0";"17,7";"18,2";"17,2";"995,5";"995,6";"995,4";"0,3";"252,0";"0,6";"";"0,0"
"12/12/2025";"0300";"19,5";"19,8";"19,1";"91,0";"95,0";"88,0";"17,7";"18,3";"17,3";"995,4";"995,5";"995,3";"0,6";"130,0";"0,9";"";"0,0"
"12/12/2025";"0400";"18,6";"19,2";"18,3";"95,0";"97,0";"91,0";"17,6";"17,9";"17,4";"995,4";"995,5";"995,2";"0,5";"190,0";"1,3";"";"0,0"
"12/12/2025";"0500";"18,4";"18,7";"18,2";"95,0";"97,0";"93,0";"17,4";"17,8";"17,2";"994,8";"995,4";"994,4";"0,9";"108,0";"2,5";"";"0,0"
"12/12/2025";"0600";"18,6";"19,0";"18,4";"93,0";"96,0";"90,0";"17,3";"17,7";"16,9";"994,2";"994,6";"993,7";"1,8";"101,0";"2,8";"";"0,0"
"12/12/2025";"0700";"18,8";"19,2";"18,5";"90,0";"93,0";"86,0";"16,7";"17,1";"16,3";"993,7";"994,0";"993,4";"1,6";"161,0";"3,2";"";"0,0"
"12/12/2025";"0800";"18,4";"19,0";"18,0";"92,0";"95,0";"87,0";"16,8";"17,1";"16,4";"993,8";"994,1";"993,5";"0,8";"185,0";"2,2";"";"0,0"
"12/12/2025";"0900";"18,3";"18,7";"18,0";"93,0";"96,0";"90,0";"16,9";"17,5";"16,6";"994,3";"994,6";"994,0";"0,8";"144,0";"1,4";"63,00";"0,0"
"12/12/2025";"1000";"20,1";"21,5";"18,5";"86,0";"94,0";"77,0";"17,2";"17,8";"16,7";"994,6";"994,8";"994,4";"1,0";"265,0";"1,7";"531,30";"0,0"
"12/12/2025";"1100";"23,1";"24,4";"21,6";"75,0";"83,0";"68,0";"18,1";"19,0";"17,2";"994,8";"995,2";"994,6";"2,3";"145,0";"3,8";"1371,90";"0,0"
"12/12/2025";"1200";"26,1";"26,9";"24,3";"61,0";"71,0";"54,0";"18,4";"19,1";"17,6";"995,1";"995,3";"994,9";"4,1";"292,0";"6,5";"1816,40";"0,0"
"12/12/2025";"1300";"27,6";"28,4";"26,9";"56,0";"59,0";"52,0";"18,8";"19,8";"18,1";"994,8";"995,4";"994,1";"4,1";"314,0";"6,4";"2363,60";"0,0"
"12/12/2025";"1400";"28,7";"29,2";"28,3";"55,0";"58,0";"52,0";"19,7";"20,6";"18,9";"994,1";"994,3";"994,0";"3,2";"306,0";"5,7";"2711,10";"0,0"
"12/12/2025";"1500";"28,5";"28,9";"28,2";"57,0";"61,0";"54,0";"19,8";"20,5";"19,2";"994,2";"994,3";"994,1";"2,0";"317,0";"3,2";"1087,70";"0,0"
"12/12/2025";"1600";"28,5";"28,8";"28,2";"60,0";"67,0";"53,0";"20,4";"21,8";"19,3";"994,1";"994,2";"994,0";"3,4";"328,0";"5,0";"1237,90";"0,0"
"12/12/2025";"1700";"28,7";"29,1";"27,8";"61,0";"68,0";"55,0";"20,9";"21,9";"19,8";"994,0";"994,3";"993,5";"2,6";"191,0";"4,3";"1503,40";"0,0"
"12/12/2025";"1800";"29,3";"30,0";"27,9";"58,0";"65,0";"52,0";"20,8";"22,1";"20,1";"993,2";"993,5";"992,9";"2,9";"322,0";"5,9";"2361,70";"0,0"
"12/12/2025";"1900";"30,0";"30,4";"29,6";"52,0";"57,0";"48,0";"20,4";"21,5";"19,7";"992,6";"993,0";"992,4";"3,5";"304,0";"7,3";"2217,50";"0,0"
"12/12/2025";"2000";"29,9";"30,5";"29,3";"50,0";"54,0";"46,0";"20,0";"20,9";"19,3";"992,2";"992,5";"992,0";"3,5";"317,0";"5,1";"1439,30";"0,0"
"12/12/2025";"2100";"28,8";"29,3";"28,5";"52,0";"56,0";"50,0";"19,3";"20,1";"18,7";"992,3";"992,6";"992,0";"4,3";"321,0";"6,2";"570,90";"0,0"
"12/12/2025";"2200";"28,0";"28,5";"27,3";"53,0";"57,0";"50,0";"18,6";"19,0";"18,4";"992,6";"992,8";"992,5";"3,5";"327,0";"5,6";"322,30";"0,0"
"12/12/2025";"2300";"26,7";"27,3";"26,2";"59,0";"61,0";"56,0";"18,5";"18,8";"18,2";"993,2";"993,6";"992,8";"3,9";"317,0";"6,4";"29,30";"0,0"
"13/12/2025";"0000";"26,1";"26,3";"25,8";"59,0";"61,0";"57,0";"17,9";"18,4";"17,4";"994,0";"994,4";"993,7";"3,7";"306,0";"6,9";"";"0,0"
"13/12/2025";"0100";"25,8";"26,0";"25,4";"57,0";"60,0";"56,0";"17,2";"17,5";"16,9";"994,7";"995,0";"994,4";"3,1";"243,0";"6,0";"";"0,0"
"13/12/2025";"0200";"24,9";"25,6";"24,0";"60,0";"64,0";"56,0";"16,9";"17,4";"16,4";"995,2";"995,4";"995,0";"1,5";"77,0";"2,5";"";"0,0"
"13/12/2025";"0300";"23,3";"24,5";"22,1";"67,0";"75,0";"61,0";"16,8";"17,5";"16,1";"995,2";"995,3";"995,1";"0,9";"159,0";"3,1";"";"0,0"
"13/12/2025";"0400";"21,5";"23,0";"20,4";"77,0";"84,0";"67,0";"16,9";"17,3";"16,0";"994,9";"995,1";"994,7";"1,0";"184,0";"1,8";"";"0,0"
"13/12/2025";"0500";"20,5";"20,8";"20,1";"83,0";"88,0";"81,0";"17,2";"17,9";"16,8";"995,0";"995,1";"994,9";"1,5";"125,0";"2,1";"";"0,0"
"13/12/2025";"0600";"19,9";"20,4";"19,6";"87,0";"88,0";"85,0";"17,3";"17,5";"17,1";"994,9";"995,0";"994,7";"0,5";"159,0";"1,2";"";"0,0"
"13/12/2025";"0700";"19,5";"19,8";"19,1";"90,0";"93,0";"86,0";"17,4";"17,8";"16,9";"994,8";"995,0";"994,7";"0,7";"188,0";"1,2";"";"0,0"
"13/12/2025";"0800";"19,2";"19,6";"18,9";"89,0";"93,0";"85,0";"17,0";"17,6";"16,5";"995,3";"995,6";"995,0";"1,2";"158,0";"1,8";"";"0,0"
"13/12/2025";"0900";"18,5";"19,0";"18,2";"93,0";"96,0";"89,0";"17,1";"17,7";"16,6";"996,1";"996,7";"995,6";"0,6";"179,0";"1,1";"42,30";"0,0"
"13/12/2025";"1000";"19,5";"20,9";"18,5";"89,0";"96,0";"81,0";"17,2";"17,8";"16,7";"997,1";"997,4";"996,7";"1,3";"105,0";"2,1";"366,10";"0,0"
"13/12/2025";"1100";"22,1";"23,9";"20,8";"78,0";"85,0";"68,0";"17,6";"18,5";"16,9";"997,4";"997,5";"997,2";"1,3";"80,0";"2,4";"1209,80";"0,0"
"13/12/2025";"1200";"25,1";"26,8";"23,5";"64,0";"71,0";"53,0";"18,0";"19,2";"16,9";"997,0";"997,2";"996,7";"1,4";"237,0";"3,1";"2199,70";"0,0"
"13/12/2025";"1300";"27,6";"28,5";"26,9";"56,0";"60,0";"51,0";"18,8";"20,0";"17,9";"996,6";"996,7";"996,4";"2,2";"205,0";"4,2";"2931,10";"0,0"
"13/12/2025";"1400";"28,8";"29,4";"28,3";"55,0";"60,0";"50,0";"19,7";"20,9";"18,7";"996,5";"996,6";"996,4";"2,3";"223,0";"4,3";"3449,60";"0,0"
"13/12/2025";"1500";"29,5";"30,3";"28,9";"55,0";"59,0";"49,0";"20,4";"21,4";"19,2";"996,4";"996,6";"996,2";"3,0";"214,0";"4,7";"3788,30";"0,0"
"13/12/2025";"1600";"30,4";"30,9";"29,9";"52,0";"59,0";"47,0";"20,8";"21,7";"20,0";"995,9";"996,1";"995,5";"1,8";"162,0";"4,2";"3751,30";"0,0"
"13/12/2025";"1700";"31,4";"31,8";"30,8";"51,0";"56,0";"47,0";"21,7";"22,7";"20,6";"995,0";"995,5";"994,6";"2,2";"142,0";"3,6";"3676,90";"0,0"
"13/12/2025";"1800";"31,4";"32,4";"30,6";"50,0";"55,0";"44,0";"21,4";"22,5";"20,0";"994,5";"994,6";"994,2";"1,3";"214,0";"3,3";"2358,10";"0,0"
"13/12/2025";"1900";"31,7";"32,7";"30,4";"49,0";"55,0";"44,0";"21,5";"22,7";"20,4";"994,0";"994,3";"993,6";"2,5";"155,0";"5,3";"1940,60";"0,0"
"13/12/2025";"2000";"32,5";"32,8";"32,3";"47,0";"52,0";"44,0";"21,9";"23,0";"21,2";"993,2";"993,6";"993,0";"2,5";"187,0";"4,3";"2062,40";"0,0"
"13/12/2025";"2100";"32,0";"32,5";"31,7";"47,0";"50,0";"43,0";"21,3";"22,0";"20,9";"992,9";"993,0";"992,8";"2,0";"114,0";"4,2";"1201,00";"0,0"
"13/12/2025";"2200";"30,6";"31,5";"29,6";"50,0";"54,0";"47,0";"20,7";"21,6";"20,2";"993,2";"993,5";"992,9";"2,3";"94,0";"4,0";"417,60";"0,0"
"13/12/2025";"2300";"27,7";"29,5";"26,4";"62,0";"69,0";"54,0";"20,0";"20,4";"19,9";"994,0";"994,6";"993,5";"1,7";"53,0";"2,3";"16,20";"0,0"
"14/12/2025";"0000";"25,4";"26,4";"24,8";"74,0";"77,0";"69,0";"20,2";"20,5";"19,9";"995,2";"995,7";"994,6";"3,0";"64,0";"4,2";"";"0,0"
"14/12/2025";"0100";"25,2";"25,7";"25,0";"75,0";"76,0";"72,0";"20,1";"20,3";"19,7";"996,2";"996,5";"995,8";"2,6";"50,0";"4,6";"";"0,0"
"14/12/2025";"0200";"24,4";"25,5";"23,5";"77,0";"81,0";"72,0";"19,8";"20,1";"19,4";"996,6";"996,7";"996,4";"1,8";"58,0";"2,6";"";"0,0"
"14/12/2025";"0300";"23,2";"23,5";"22,9";"81,0";"85,0";"79,0";"19,5";"20,1";"19,1";"996,7";"996,8";"996,6";"0,6";"80,0";"0,8";"";"0,0"
"14/12/2025";"0400";"22,4";"22,8";"21,8";"85,0";"88,0";"81,0";"19,4";"19,9";"18,9";"996,8";"996,9";"996,7";"0,7";"243,0";"1,2";"";"0,0"
"14/12/2025";"0500";"20,9";"21,9";"20,5";"91,0";"94,0";"86,0";"19,2";"19,4";"19,0";"996,6";"996,7";"996,5";"1,0";"213,0";"1,4";"";"0,0"
"14/12/2025";"0600";"20,3";"20,9";"19,9";"94,0";"96,0";"91,0";"19,2";"19,4";"18,8";"996,4";"996,6";"996,3";"1,2";"89,0";"1,8";"";"0,0"
"14/12/2025";"0700";"19,8";"20,1";"19,6";"96,0";"98,0";"93,0";"18,9";"19,4";"18,6";"996,5";"996,8";"996,3";"0,8";"212,0";"1,3";"";"0,0"
"14/12/2025";"0800";"19,8";"20,0";"19,3";"93,0";"96,0";"91,0";"18,4";"18,8";"18,0";"997,0";"997,2";"996,7";"0,7";"154,0";"1,2";"";"0,0"
"14/12/2025";"0900";"19,3";"19,6";"19,0";"94,0";"98,0";"92,0";"18,2";"18,7";"17,9";"997,6";"997,9";"997,2";"0,8";"157,0";"1,5";"37,10";"0,0"
"14/12/2025";"1000";"20,9";"22,6";"19,4";"89,0";"95,0";"84,0";"18,8";"19,8";"18,1";"998,0";"998,1";"997,8";"0,6";"164,0";"1,6";"534,40";"0,0"
"14/12/2025";"1100";"23,4";"24,6";"22,5";"81,0";"86,0";"75,0";"19,7";"20,3";"19,0";"998,1";"998,3";"998,0";"1,4";"213,0";"2,3";"1366,30";"0,0"
"14/12/2025";"1200";"26,2";"27,9";"24,6";"69,0";"77,0";"61,0";"20,0";"20,9";"19,0";"997,9";"998,1";"997,6";"1,2";"173,0";"2,5";"2225,40";"0,0"
"14/12/2025";"1300";"28,8";"29,7";"27,8";"61,0";"66,0";"56,0";"21,0";"22,0";"19,8";"997,4";"997,6";"997,2";"1,7";"198,0";"3,3";"2871,60";"0,0"
"14/12/2025";"1400";"30,6";"31,7";"29,6";"55,0";"62,0";"50,0";"21,6";"22,4";"20,8";"996,9";"997,3";"996,6";"2,2";"269,0";"4,3";"3428,40";"0,0"
"14/12/2025";"1500";"31,8";"32,2";"31,4";"53,0";"58,0";"49,0";"22,3";"23,4";"21,2";"996,5";"996,7";"996,4";"1,3";"254,0";"3,2";"3820,50";"0,0"
"14/12/2025";"1600";"32,7";"33,5";"32,0";"51,0";"57,0";"46,0";"22,9";"23,9";"22,1";"995,9";"996,4";"995,3";"2,1";"202,0";"3,9";"3842,10";"0,0"
"14/12/2025";"1700";"33,5";"34,0";"33,1";"49,0";"53,0";"44,0";"23,3";"24,4";"22,2";"994,7";"995,3";"994,2";"1,7";"193,0";"4,7";"3494,40";"0,0"
"14/12/2025";"1800";"33,8";"34,4";"32,8";"49,0";"53,0";"42,0";"23,5";"25,0";"21,9";"993,9";"994,2";"993,6";"1,9";"102,0";"4,0";"2908,60";"0,0"
"14/12/2025";"1900";"34,3";"34,7";"33,9";"45,0";"50,0";"41,0";"23,3";"24,3";"22,4";"993,3";"993,7";"993,0";"2,3";"142,0";"4,3";"2728,20";"0,0"
"14/12/2025";"2000";"34,2";"34,6";"33,7";"44,0";"49,0";"41,0";"23,1";"24,0";"22,5";"992,9";"993,1";"992,7";"3,6";"93,0";"6,5";"2001,80";"0,0"
"14/12/2025";"2100";"33,3";"33,8";"32,8";"47,0";"50,0";"44,0";"22,7";"23,2";"22,1";"992,7";"992,8";"992,6";"2,9";"100,0";"5,6";"1186,70";"0,0"
"14/12/2025";"2200";"30,4";"30,4";"30,4";"59,0";"59,0";"59,0";"22,2";"22,2";"22,2";"993,8";"993,8";"993,8";"1,8";"85,0";"3,3";"104,50";"0,0"
"14/12/2025";"2300";"27,7";"27,7";"27,7";"70,0";"70,0";"70,0";"21,7";"21,7";"21,7";"995,0";"995,0";"995,0";"1,7";"82,0";"2,3";"";"0,0"
"15/12/2025";"0000";"26,2";"26,2";"26,2";"73,0";"73,0";"73,0";"20,8";"20,8";"20,8";"995,4";"995,4";"995,4";"2,6";"69,0";"2,9";"";"0,0"
"15/12/2025";"0100";"26,2";"26,7";"25,8";"72,0";"74,0";"69,0";"20,6";"20,9";"20,3";"995,6";"995,8";"995,3";"1,0";"94,0";"3,1";"";"0,0"
"15/12/2025";"0200";"25,1";"26,0";"24,1";"78,0";"84,0";"71,0";"20,7";"21,1";"20,2";"996,1";"996,5";"995,8";"1,3";"253,0";"2,1";"";"0,0"
"15/12/2025";"0300";"23,8";"24,3";"23,3";"84,0";"87,0";"80,0";"20,5";"20,9";"20,3";"996,3";"996,4";"996,2";"1,1";"284,0";"1,7";"";"0,0"
"15/12/2025";"0400";"22,7";"23,4";"22,4";"90,0";"92,0";"86,0";"20,7";"20,8";"20,6";"995,9";"996,1";"995,7";"1,2";"244,0";"1,8";"";"0,0"
"15/12/2025";"0500";"22,1";"22,4";"22,0";"93,0";"94,0";"91,0";"20,7";"20,9";"20,6";"995,6";"995,7";"995,4";"0,6";"279,0";"1,4";"";"0,0"
"15/12/2025";"0600";"21,7";"22,2";"21,3";"95,0";"97,0";"92,0";"20,6";"20,8";"20,4";"995,5";"995,6";"995,4";"0,7";"40,0";"1,2";"";"0,0"
"15/12/2025";"0700";"21,1";"21,4";"20,7";"97,0";"98,0";"96,0";"20,4";"20,7";"20,2";"995,2";"995,4";"995,0";"1,2";"65,0";"1,5";"";"0,0"
"15/12/2025";"0800";"20,3";"20,6";"20,2";"98,0";"99,0";"98,0";"20,0";"20,2";"19,8";"995,1";"995,3";"995,0";"0,2";"133,0";"0,6";"";"0,0"
"15/12/2025";"0900";"20,2";"20,4";"20,0";"97,0";"99,0";"96,0";"19,7";"20,0";"19,3";"995,7";"996,1";"995,2";"0,9";"53,0";"1,3";"35,00";"0,0"
"15/12/2025";"1000";"21,6";"22,9";"20,4";"92,0";"97,0";"87,0";"20,0";"21,0";"19,4";"996,1";"996,3";"995,9";"0,7";"181,0";"1,6";"540,10";"0,0"
"15/12/2025";"1100";"24,4";"26,0";"23,0";"83,0";"90,0";"74,0";"21,0";"21,8";"20,4";"996,4";"996,6";"996,2";"0,5";"144,0";"1,4";"1371,10";"0,0"
"15/12/2025";"1200";"27,8";"29,3";"26,1";"70,0";"78,0";"62,0";"21,8";"22,6";"20,9";"996,1";"996,3";"995,9";"2,5";"282,0";"5,7";"1898,90";"0,0"
"15/12/2025";"1300";"30,3";"30,9";"29,3";"62,0";"66,0";"58,0";"22,7";"23,5";"21,8";"995,5";"995,9";"995,3";"3,9";"305,0";"5,8";"2584,90";"0,0"
"15/12/2025";"1400";"31,5";"32,0";"30,8";"61,0";"63,0";"58,0";"23,6";"24,3";"23,0";"995,2";"995,4";"995,0";"2,4";"279,0";"4,4";"2236,30";"0,0"
"15/12/2025";"1500";"33,1";"33,6";"32,0";"58,0";"64,0";"54,0";"24,6";"25,4";"23,7";"994,5";"995,1";"993,9";"2,8";"317,0";"4,6";"3229,10";"0,0"
"15/12/2025";"1600";"33,4";"33,9";"33,0";"54,0";"60,0";"51,0";"24,3";"25,5";"23,6";"993,8";"994,0";"993,7";"3,4";"230,0";"4,9";"1980,00";"0,0"
"15/12/2025";"1700";"32,8";"33,7";"31,3";"57,0";"63,0";"52,0";"24,2";"25,5";"23,2";"993,9";"994,0";"993,6";"3,4";"218,0";"6,6";"1093,90";"0,0"
"15/12/2025";"1800";"30,6";"31,2";"29,9";"68,0";"77,0";"62,0";"24,2";"25,2";"23,0";"994,0";"994,4";"993,4";"0,9";"240,0";"1,8";"261,80";"0,0"
"15/12/2025";"1900";"23,2";"29,8";"20,5";"89,0";"97,0";"65,0";"20,9";"25,6";"19,5";"997,3";"999,1";"994,3";"3,5";"329,0";"5,2";"179,40";"7,8"
"15/12/2025";"2000";"21,9";"22,1";"21,7";"93,0";"97,0";"88,0";"20,4";"21,1";"19,5";"996,4";"998,1";"994,7";"3,1";"161,0";"5,1";"315,10";"0,4"
"15/12/2025";"2100";"22,1";"22,6";"21,7";"93,0";"96,0";"86,0";"20,6";"21,3";"19,9";"995,2";"995,4";"994,7";"1,8";"274,0";"4,0";"463,50";"0,0"
"15/12/2025";"2200";"22,3";"22,5";"22,1";"92,0";"94,0";"90,0";"20,7";"21,0";"20,3";"996,0";"996,5";"995,3";"1,4";"224,0";"2,6";"173,80";"0,0"
"15/12/2025";"2300";"22,2";"22,4";"22,0";"92,0";"94,0";"89,0";"20,5";"21,3";"20,0";"997,2";"997,9";"996,4";"1,6";"280,0";"2,6";"10,20";"0,0"
"16/12/2025";"0000";"21,8";"22,3";"21,6";"95,0";"97,0";"93,0";"20,9";"21,2";"20,4";"998,4";"998,6";"997,8";"1,0";"214,0";"2,2";"";"0,0"
"16/12/2025";"0100";"21,8";"22,0";"21,6";"95,0";"96,0";"94,0";"20,9";"21,1";"20,7";"998,6";"998,8";"998,4";"1,7";"26,0";"2,7";"";"0,0"
"16/12/2025";"0200";"21,8";"21,9";"21,7";"95,0";"97,0";"93,0";"20,8";"21,1";"20,4";"998,6";"998,8";"998,3";"1,8";"31,0";"2,6";"";"0,0"
"16/12/2025";"0300";"21,4";"21,8";"21,0";"95,0";"98,0";"93,0";"20,4";"20,7";"20,3";"997,8";"998,3";"997,5";"0,8";"183,0";"2,1";"";"0,0"
"16/12/2025";"0400";"21,1";"21,1";"21,0";"98,0";"99,0";"98,0";"20,7";"20,8";"20,6";"997,4";"997,7";"997,1";"2,0";"189,0";"3,1";"";"0,0"
"16/12/2025";"0500";"21,2";"21,3";"21,1";"97,0";"98,0";"97,0";"20,7";"21,0";"20,5";"997,5";"997,8";"997,2";"1,8";"243,0";"2,8";"";"0,6"
"16/12/2025";"0600";"19,9";"21,3";"19,2";"98,0";"99,0";"96,0";"19,5";"21,0";"18,9";"998,5";"999,2";"997,8";"3,6";"214,0";"8,0";"3,70";"3,8"
"16/12/2025";"0700";"19,1";"19,2";"19,0";"98,0";"99,0";"97,0";"18,7";"19,0";"18,4";"999,5";"999,9";"999,1";"4,2";"234,0";"6,7";"1,20";"0,6"
"16/12/2025";"0800";"18,9";"19,0";"18,8";"97,0";"98,0";"96,0";"18,4";"18,6";"18,0";"1000,4";"1000,8";"999,9";"3,7";"227,0";"5,4";"0,10";"0,0"
"16/12/2025";"0900";"18,4";"18,8";"18,1";"96,0";"97,0";"95,0";"17,6";"18,1";"17,3";"1001,3";"1001,8";"1000,9";"2,7";"224,0";"3,9";"53,80";"0,0"
"16/12/2025";"1000";"18,4";"18,4";"18,3";"95,0";"96,0";"93,0";"17,3";"17,6";"16,9";"1002,2";"1002,6";"1001,8";"3,3";"226,0";"5,2";"188,80";"0,0"
"16/12/2025";"1100";"19,1";"19,7";"18,5";"91,0";"95,0";"86,0";"17,2";"17,6";"16,7";"1002,9";"1003,3";"1002,6";"1,6";"207,0";"3,2";"706,30";"0,0"
"16/12/2025";"1200";"20,5";"21,1";"19,7";"81,0";"88,0";"74,0";"16,8";"17,7";"15,8";"1003,3";"1003,4";"1003,2";"1,7";"237,0";"3,5";"1844,00";"0,0"
"16/12/2025";"1300";"22,3";"23,1";"21,2";"69,0";"76,0";"58,0";"16,0";"16,8";"14,4";"1003,4";"1003,5";"1003,3";"3,2";"212,0";"5,5";"3036,20";"0,0"
"16/12/2025";"1400";"23,7";"24,6";"22,9";"60,0";"67,0";"53,0";"15,6";"16,9";"14,4";"1003,4";"1003,5";"1003,3";"2,3";"201,0";"6,4";"3548,90";"0,0"
"16/12/2025";"1500";"25,2";"26,1";"24,3";"54,0";"60,0";"48,0";"16,0";"17,8";"14,6";"1003,3";"1003,4";"1003,2";"3,5";"194,0";"6,0";"4034,40";"0,0"
"16/12/2025";"1600";"25,9";"26,6";"24,9";"51,0";"56,0";"47,0";"16,2";"17,7";"15,1";"1003,0";"1003,2";"1002,9";"4,6";"197,0";"8,1";"3522,00";"0,0"
"16/12/2025";"1700";"27,0";"27,4";"26,0";"46,0";"54,0";"40,0";"16,1";"17,7";"15,1";"1002,7";"1003,0";"1002,5";"3,7";"180,0";"7,1";"3831,50";"0,0"
"16/12/2025";"1800";"27,2";"28,0";"25,9";"42,0";"48,0";"38,0";"15,7";"16,8";"14,4";"1002,4";"1002,6";"1002,2";"4,6";"193,0";"8,2";"3153,00";"0,0"
"16/12/2025";"1900";"25,7";"27,3";"25,0";"46,0";"50,0";"42,0";"14,9";"16,2";"14,2";"1002,9";"1003,1";"1002,5";"4,1";"208,0";"6,8";"1247,00";"0,0"
"16/12/2025";"2000";"24,8";"25,9";"23,7";"50,0";"56,0";"45,0";"14,7";"15,7";"14,1";"1003,2";"1003,6";"1002,9";"2,4";"185,0";"4,5";"714,40";"0,0"
"16/12/2025";"2100";"23,1";"23,7";"22,4";"63,0";"74,0";"54,0";"15,8";"17,5";"14,3";"1003,8";"1004,0";"1003,6";"1,6";"168,0";"3,7";"437,80";"0,0"
"16/12/2025";"2200";"24,0";"24,6";"22,9";"49,0";"57,0";"44,0";"13,8";"15,8";"12,3";"1004,0";"1004,3";"1003,9";"1,6";"105,0";"2,4";"474,60";"0,0"
"16/12/2025";"2300";"21,7";"22,9";"19,2";"55,0";"77,0";"46,0";"12,6";"14,5";"11,4";"1004,7";"1005,3";"1004,3";"1,7";"39,0";"2,8";"22,40";"0,0"
"17/12/2025";"0000";"18,6";"19,1";"17,9";"82,0";"86,0";"77,0";"15,0";"15,4";"14,5";"1005,8";"1006,2";"1005,3";"2,2";"44,0";"3,0";"";"0,0"
"17/12/2025";"0100";"17,2";"17,7";"16,5";"88,0";"91,0";"86,0";"14,9";"15,1";"14,7";"1006,7";"1007,0";"1006,3";"1,2";"89,0";"1,6";"";"0,0"
"17/12/2025";"0200";"15,9";"16,5";"15,3";"93,0";"94,0";"91,0";"14,4";"15,2";"13,9";"1007,2";"1007,3";"1007,0";"1,1";"78,0";"1,6";"";"0,0"
"17/12/2025";"0300";"15,2";"15,5";"14,8";"93,0";"97,0";"91,0";"13,9";"14,3";"13,5";"1007,3";"1007,4";"1007,3";"0,7";"214,0";"1,1";"";"0,0"
"17/12/2025";"0400";"14,6";"15,0";"14,3";"96,0";"97,0";"93,0";"13,7";"14,0";"13,3";"1007,4";"1007,4";"1007,3";"0,3";"163,0";"0,5";"";"0,0"
"17/12/2025";"0500";"13,7";"14,4";"13,4";"97,0";"98,0";"96,0";"13,1";"13,7";"12,8";"1007,3";"1007,4";"1007,2";"1,2";"136,0";"1,9";"";"0,0"
"17/12/2025";"0600";"13,2";"13,6";"12,9";"98,0";"99,0";"97,0";"12,9";"13,2";"12,4";"1007,2";"1007,3";"1007,1";"0,6";"116,0";"0,8";"";"0,0"
"17/12/2025";"0700";"13,5";"13,8";"13,2";"98,0";"99,0";"97,0";"13,1";"13,5";"12,7";"1007,1";"1007,3";"1007,0";"0,7";"53,0";"1,7";"";"0,0"
"17/12/2025";"0800";"13,2";"13,4";"13,0";"99,0";"100,0";"98,0";"13,0";"13,3";"12,7";"1007,3";"1007,5";"1007,1";"1,2";"195,0";"1,7";"";"0,0"
"17/12/2025";"0900";"12,9";"13,1";"12,8";"99,0";"100,0";"99,0";"12,8";"13,1";"12,6";"1007,8";"1008,1";"1007,5";"0,6";"43,0";"1,1";"44,20";"0,0"
"17/12/2025";"1000";"14,0";"15,1";"13,1";"98,0";"100,0";"93,0";"13,6";"14,1";"13,1";"1008,3";"1008,4";"1008,1";"1,1";"65,0";"2,0";"413,90";"0,0"
"17/12/2025";"1100";"16,5";"17,8";"15,0";"88,0";"95,0";"81,0";"14,0";"15,1";"13,3";"1008,5";"1008,6";"1008,4";"0,7";"210,0";"1,5";"1339,00";"0,0"
"17/12/2025";"1200";"19,1";"20,6";"17,6";"79,0";"89,0";"69,0";"14,9";"16,1";"14,0";"1008,3";"1008,5";"1008,1";"1,4";"201,0";"3,1";"2247,60";"0,0"
"17/12/2025";"1300";"21,5";"23,0";"20,7";"65,0";"72,0";"47,0";"14,4";"16,1";"12,5";"1008,1";"1008,2";"1007,8";"1,4";"181,0";"3,5";"2903,70";"0,0"
"17/12/2025";"1400";"23,6";"24,5";"22,5";"51,0";"57,0";"44,0";"13,7";"14,9";"12,3";"1007,5";"1007,8";"1007,3";"3,2";"95,0";"5,8";"3758,90";"0,0"
"17/12/2025";"1500";"23,4";"24,3";"23,0";"50,0";"54,0";"45,0";"13,3";"14,6";"12,0";"1007,0";"1007,3";"1006,8";"2,8";"127,0";"5,2";"2045,50";"0,0"
"17/12/2025";"1600";"24,5";"25,9";"23,4";"49,0";"55,0";"42,0";"14,3";"15,9";"13,1";"1006,3";"1006,8";"1005,8";"1,8";"105,0";"5,2";"3161,50";"0,0"
"17/12/2025";"1700";"25,7";"26,4";"24,6";"46,0";"52,0";"42,0";"14,9";"16,5";"13,6";"1005,2";"1005,8";"1004,7";"1,5";"261,0";"4,1";"4102,10";"0,0"
"17/12/2025";"1800";"26,1";"26,6";"25,4";"44,0";"49,0";"39,0";"14,9";"16,2";"14,0";"1004,2";"1004,7";"1003,7";"1,7";"267,0";"3,9";"3295,40";"0,0"
"17/12/2025";"1900";"26,9";"27,5";"26,2";"42,0";"47,0";"37,0";"15,3";"16,2";"14,3";"1003,2";"1003,7";"1002,7";"0,9";"141,0";"3,3";"2901,60";"0,0"
"17/12/2025";"2000";"27,1";"27,3";"26,9";"44,0";"47,0";"39,0";"15,9";"16,5";"14,9";"1002,5";"1002,7";"1002,3";"1,9";"104,0";"3,5";"2126,80";"0,0"
"17/12/2025";"2100";"26,4";"26,9";"25,6";"45,0";"51,0";"42,0";"15,5";"16,3";"14,6";"1002,3";"1002,4";"1002,3";"2,8";"104,0";"5,5";"1278,60";"0,0"
"17/12/2025";"2200";"24,7";"25,6";"23,6";"48,0";"51,0";"45,0";"14,4";"15,3";"13,5";"1002,6";"1002,8";"1002,4";"2,6";"98,0";"4,3";"447,20";"0,0"
"17/12/2025";"2300";"21,9";"23,6";"20,6";"60,0";"69,0";"52,0";"13,8";"14,4";"13,3";"1003,1";"1003,4";"1002,8";"1,4";"30,0";"2,0";"20,90";"0,0"
"18/12/2025";"0000";"19,2";"20,5";"18,4";"76,0";"81,0";"70,0";"14,5";"14,7";"14,0";"1003,5";"1003,6";"1003,3";"1,5";"60,0";"2,0";"";"0,0"
"18/12/2025";"0100";"17,7";"18,3";"16,9";"84,0";"89,0";"81,0";"14,5";"14,7";"14,1";"1003,8";"1004,1";"1003,7";"1,3";"70,0";"1,6";"";"0,0"
"18/12/2025";"0200";"16,7";"17,0";"16,3";"88,0";"90,0";"86,0";"14,3";"14,6";"14,1";"1004,1";"1004,1";"1003,9";"2,7";"56,0";"4,0";"";"0,0"
"18/12/2025";"0300";"16,7";"17,1";"16,3";"87,0";"90,0";"86,0";"14,1";"14,4";"13,9";"1003,7";"1003,9";"1003,4";"0,8";"178,0";"1,6";"";"0,0"
"18/12/2025";"0400";"16,3";"16,8";"15,7";"88,0";"91,0";"85,0";"14,0";"14,3";"13,7";"1003,3";"1003,5";"1003,1";"1,1";"193,0";"2,0";"";"0,0"
"18/12/2025";"0500";"15,1";"15,6";"14,7";"94,0";"96,0";"91,0";"13,9";"14,2";"13,5";"1002,9";"1003,2";"1002,7";"0,7";"216,0";"1,4";"";"0,0"
"18/12/2025";"0600";"14,7";"15,0";"14,2";"96,0";"98,0";"94,0";"13,8";"14,2";"13,3";"1002,7";"1002,8";"1002,5";"0,8";"157,0";"1,2";"";"0,0"
"18/12/2025";"0700";"14,2";"14,6";"13,8";"97,0";"98,0";"96,0";"13,6";"14,0";"13,1";"1002,6";"1002,8";"1002,5";"0,8";"149,0";"1,3";"";"0,0"
"18/12/2025";"0800";"13,9";"14,1";"13,8";"98,0";"99,0";"98,0";"13,6";"13,9";"13,4";"1003,0";"1003,2";"1002,8";"0,5";"207,0";"1,0";"";"0,0"
"18/12/2025";"0900";"13,9";"14,2";"13,7";"99,0";"99,0";"97,0";"13,6";"14,0";"13,3";"1003,7";"1004,1";"1003,2";"0,7";"157,0";"1,4";"34,70";"0,0"
"18/12/2025";"1000";"14,8";"16,3";"13,7";"97,0";"99,0";"92,0";"14,2";"15,1";"13,2";"1004,3";"1004,4";"1004,1";"1,3";"170,0";"2,0";"569,80";"0,0"
"18/12/2025";"1100";"18,0";"19,7";"16,4";"88,0";"94,0";"81,0";"15,5";"16,7";"14,5";"1004,1";"1004,3";"1003,9";"1,8";"175,0";"3,0";"1394,40";"0,0"
"18/12/2025";"1200";"22,0";"23,9";"19,8";"72,0";"86,0";"61,0";"16,5";"17,4";"15,7";"1004,0";"1004,1";"1003,9";"1,3";"120,0";"3,0";"2209,50";"0,0"
"18/12/2025";"1300";"25,3";"26,4";"23,8";"58,0";"66,0";"53,0";"16,9";"17,9";"16,0";"1003,8";"1003,9";"1003,7";"2,8";"278,0";"5,1";"2970,80";"0,0"
"18/12/2025";"1400";"26,9";"27,6";"26,1";"53,0";"57,0";"50,0";"17,5";"18,1";"16,7";"1003,7";"1003,9";"1003,6";"2,9";"256,0";"5,4";"3547,90";"0,0"
"18/12/2025";"1500";"28,4";"29,5";"27,6";"51,0";"56,0";"47,0";"18,6";"20,1";"17,4";"1003,2";"1003,6";"1002,9";"2,8";"247,0";"5,0";"3894,00";"0,0"
"18/12/2025";"1600";"29,8";"30,6";"29,3";"48,0";"55,0";"42,0";"19,4";"20,9";"18,4";"1002,5";"1002,8";"1002,2";"1,8";"196,0";"4,8";"3988,40";"0,0"
"18/12/2025";"1700";"30,7";"30,9";"30,3";"47,0";"52,0";"41,0";"20,0";"21,3";"18,9";"1001,8";"1002,2";"1001,3";"2,3";"193,0";"4,4";"3799,10";"0,0"
"18/12/2025";"1800";"31,4";"31,7";"30,7";"48,0";"52,0";"43,0";"21,0";"22,0";"19,9";"1000,9";"1001,3";"1000,4";"3,1";"194,0";"5,9";"3422,40";"0,0"
"18/12/2025";"1900";"31,7";"31,9";"31,6";"47,0";"51,0";"43,0";"21,1";"21,8";"20,2";"1000,1";"1000,5";"999,8";"2,5";"205,0";"4,8";"2833,80";"0,0"
"18/12/2025";"2000";"31,6";"31,9";"31,3";"47,0";"52,0";"43,0";"20,9";"22,0";"20,1";"999,6";"999,8";"999,4";"2,6";"169,0";"4,8";"2053,30";"0,0"
"18/12/2025";"2100";"30,9";"31,5";"30,4";"49,0";"52,0";"47,0";"20,6";"21,4";"20,1";"999,5";"999,6";"999,4";"2,0";"137,0";"3,7";"1231,30";"0,0"
"18/12/2025";"2200";"29,4";"30,3";"28,1";"53,0";"57,0";"50,0";"20,0";"20,6";"19,4";"999,6";"999,9";"999,4";"2,2";"93,0";"3,6";"404,70";"0,0"
"18/12/2025";"2300";"26,7";"28,1";"25,3";"62,0";"71,0";"57,0";"19,1";"19,6";"18,4";"1000,4";"1000,8";"999,9";"1,9";"38,0";"2,6";"20,60";"0,0"
"19/12/2025";"0000";"24,2";"25,3";"23,2";"76,0";"80,0";"70,0";"19,4";"19,7";"19,2";"1001,2";"1001,5";"1000,8";"1,3";"41,0";"2,1";"";"0,0"
"19/12/2025";"0100";"22,2";"23,0";"21,3";"84,0";"89,0";"81,0";"19,0";"19,2";"18,8";"1001,7";"1001,9";"1001,5";"1,5";"87,0";"2,1";"";"0,0"
"19/12/2025";"0200";"20,8";"21,3";"20,4";"89,0";"91,0";"88,0";"18,6";"18,9";"18,1";"1002,3";"1002,6";"1002,0";"1,1";"71,0";"2,3";"";"0,0"
"19/12/2025";"0300";"20,4";"20,7";"20,0";"90,0";"93,0";"86,0";"18,3";"18,7";"17,9";"1002,7";"1002,8";"1002,6";"0,5";"300,0";"0,9";"";"0,0"
"19/12/2025";"0400";"19,5";"20,0";"19,0";"93,0";"96,0";"90,0";"18,0";"18,6";"17,5";"1002,6";"1002,7";"1002,5";"0,5";"131,0";"1,0";"";"0,0"
"19/12/2025";"0500";"18,8";"19,3";"18,5";"94,0";"96,0";"92,0";"17,6";"17,9";"17,4";"1002,5";"1002,5";"1002,4";"0,4";"111,0";"0,7";"";"0,0"
"19/12/2025";"0600";"18,1";"18,6";"17,8";"96,0";"98,0";"95,0";"17,3";"17,6";"17,0";"1002,3";"1002,4";"1002,1";"0,6";"147,0";"1,3";"";"0,0"
"19/12/2025";"0700";"17,7";"18,0";"17,0";"97,0";"98,0";"96,0";"17,2";"17,5";"16,5";"1002,3";"1002,5";"1002,2";"1,3";"67,0";"1,7";"";"0,0"
"19/12/2025";"0800";"16,9";"17,1";"16,7";"99,0";"100,0";"97,0";"16,7";"17,0";"16,2";"1002,7";"1002,8";"1002,5";"1,1";"57,0";"1,4";"";"0,0"
"19/12/2025";"0900";"16,6";"16,8";"16,5";"99,0";"99,0";"98,0";"16,4";"16,7";"16,2";"1003,1";"1003,5";"1002,8";"0,4";"39,0";"0,9";"34,10";"0,0"
"19/12/2025";"1000";"18,2";"20,2";"16,6";"95,0";"99,0";"86,0";"17,1";"17,8";"16,4";"1003,7";"1003,9";"1003,4";"1,0";"102,0";"1,6";"576,40";"0,0"
"19/12/2025";"1100";"21,2";"23,2";"20,2";"86,0";"90,0";"78,0";"18,5";"19,7";"17,4";"1004,1";"1004,2";"1003,9";"1,2";"200,0";"2,2";"1392,60";"0,0"
"19/12/2025";"1200";"24,9";"26,8";"23,2";"70,0";"80,0";"58,0";"18,8";"19,7";"17,8";"1003,9";"1004,2";"1003,5";"0,7";"139,0";"1,8";"2151,90";"0,0"
"19/12/2025";"1300";"27,9";"28,6";"26,9";"57,0";"64,0";"52,0";"19,4";"20,2";"18,6";"1003,3";"1003,5";"1003,2";"3,5";"276,0";"5,1";"2941,80";"0,0"
"19/12/2025";"1400";"29,4";"30,2";"28,5";"53,0";"58,0";"49,0";"20,0";"20,7";"19,2";"1003,2";"1003,3";"1003,0";"2,5";"272,0";"5,0";"3533,60";"0,0"
"19/12/2025";"1500";"30,9";"31,2";"30,1";"49,0";"56,0";"45,0";"20,8";"22,0";"19,8";"1002,7";"1003,0";"1002,4";"0,8";"207,0";"1,9";"3821,70";"0,0"
"19/12/2025";"1600";"32,2";"32,8";"31,2";"45,0";"53,0";"38,0";"21,2";"22,4";"20,2";"1001,9";"1002,4";"1001,5";"1,3";"125,0";"3,2";"3868,30";"0,0"
"19/12/2025";"1700";"33,1";"33,8";"32,3";"39,0";"46,0";"33,0";"21,0";"22,7";"19,9";"1001,1";"1001,5";"1000,6";"2,1";"81,0";"4,0";"3761,40";"0,0"
"19/12/2025";"1800";"33,7";"34,2";"33,2";"37,0";"44,0";"31,0";"21,1";"22,6";"20,1";"1000,2";"1000,6";"999,8";"1,9";"134,0";"4,8";"3410,80";"0,0"
"19/12/2025";"1900";"33,7";"33,9";"33,6";"40,0";"48,0";"35,0";"21,8";"23,2";"20,7";"999,4";"999,8";"999,1";"2,6";"93,0";"5,4";"2804,90";"0,0"
"19/12/2025";"2000";"33,3";"33,8";"33,1";"42,0";"47,0";"38,0";"21,7";"22,9";"20,8";"998,8";"999,1";"998,7";"3,6";"102,0";"6,8";"2018,40";"0,0"
"19/12/2025";"2100";"32,6";"33,1";"31,8";"40,0";"42,0";"38,0";"20,6";"21,3";"19,5";"998,6";"998,7";"998,5";"4,2";"107,0";"6,7";"1230,60";"0,0"
"19/12/2025";"2200";"31,0";"31,8";"29,8";"42,0";"45,0";"38,0";"19,3";"19,9";"18,8";"998,8";"999,3";"998,6";"3,6";"101,0";"5,9";"412,40";"0,0"
"19/12/2025";"2300";"28,2";"29,8";"27,0";"53,0";"60,0";"45,0";"18,9";"19,1";"18,6";"999,8";"1000,2";"999,2";"2,7";"100,0";"4,1";"22,50";"0,0"
"20/12/2025";"0000";"25,9";"27,0";"25,1";"66,0";"71,0";"60,0";"19,2";"19,5";"18,9";"1000,3";"1000,4";"1000,1";"2,3";"77,0";"4,2";"";"0,0"
"20/12/2025";"0100";"25,3";"25,5";"24,7";"68,0";"71,0";"66,0";"18,8";"19,4";"18,1";"1000,6";"1000,8";"1000,4";"1,8";"85,0";"3,3";"";"0,0"
"20/12/2025";"0200";"24,6";"25,1";"23,9";"68,0";"73,0";"64,0";"18,2";"18,7";"17,9";"1001,1";"1001,4";"1000,8";"0,9";"234,0";"2,5";"";"0,0"
"20/12/2025";"0300";"22,8";"23,8";"22,1";"78,0";"81,0";"73,0";"18,5";"18,7";"18,2";"1001,5";"1001,8";"1001,3";"1,7";"235,0";"2,9";"";"0,0"
"20/12/2025";"0400";"21,1";"22,2";"20,4";"87,0";"90,0";"81,0";"18,5";"18,6";"18,3";"1001,9";"1002,0";"1001,8";"1,3";"100,0";"2,0";"";"0,0"
"20/12/2025";"0500";"19,9";"20,6";"19,3";"92,0";"95,0";"88,0";"18,3";"18,5";"18,0";"1001,9";"1002,0";"1001,7";"0,9";"76,0";"1,8";"";"0,0"
"20/12/2025";"0600";"19,0";"19,3";"18,7";"96,0";"97,0";"94,0";"18,1";"18,4";"17,9";"1001,8";"1002,0";"1001,7";"0,8";"242,0";"1,2";"";"0,0"
"20/12/2025";"0700";"18,3";"18,8";"17,7";"98,0";"98,0";"96,0";"17,8";"18,4";"17,3";"1002,0";"1002,1";"1001,8";"1,0";"77,0";"1,5";"";"0,0"
"20/12/2025";"0800";"17,8";"18,1";"17,5";"98,0";"99,0";"95,0";"17,4";"17,8";"16,9";"1002,3";"1002,5";"1002,0";"0,6";"111,0";"1,1";"";"0,0"
"20/12/2025";"0900";"17,6";"17,9";"17,5";"96,0";"97,0";"94,0";"16,8";"17,4";"16,5";"1002,6";"1002,8";"1002,4";"1,1";"186,0";"2,4";"41,70";"0,0"
"20/12/2025";"1000";"19,6";"22,5";"17,5";"91,0";"98,0";"77,0";"17,8";"19,3";"16,9";"1003,1";"1003,2";"1002,9";"1,1";"133,0";"2,8";"552,10";"0,0"
"20/12/2025";"1100";"24,2";"26,0";"22,5";"73,0";"85,0";"57,0";"18,9";"20,6";"17,5";"1002,9";"1003,1";"1002,7";"1,7";"151,0";"3,8";"1341,80";"0,0"
"20/12/2025";"1200";"26,7";"27,3";"26,1";"57,0";"64,0";"52,0";"18,2";"19,4";"17,4";"1002,4";"1002,7";"1002,1";"1,4";"220,0";"2,8";"2222,40";"0,0"
"20/12/2025";"1300";"28,3";"29,2";"27,4";"52,0";"57,0";"46,0";"18,7";"19,6";"17,4";"1002,1";"1002,2";"1002,0";"1,4";"119,0";"3,7";"2954,40";"0,0"
"20/12/2025";"1400";"29,6";"30,2";"29,0";"49,0";"55,0";"45,0";"19,4";"20,4";"18,6";"1001,7";"1002,0";"1001,3";"1,9";"114,0";"4,4";"3544,60";"0,0"
"20/12/2025";"1500";"30,7";"31,7";"29,8";"45,0";"51,0";"41,0";"19,8";"20,7";"19,0";"1000,8";"1001,2";"1000,3";"3,1";"80,0";"5,7";"3877,80";"0,0"
"20/12/2025";"1600";"32,3";"33,1";"31,4";"42,0";"48,0";"38,0";"20,7";"22,6";"19,5";"999,5";"1000,3";"998,8";"3,2";"136,0";"5,2";"4003,80";"0,0"
"20/12/2025";"1700";"33,6";"34,0";"32,9";"39,0";"44,0";"35,0";"21,4";"22,6";"20,5";"998,3";"998,8";"997,9";"1,2";"206,0";"4,4";"3850,60";"0,0"
"20/12/2025";"1800";"34,8";"35,4";"34,0";"35,0";"44,0";"31,0";"21,9";"23,0";"20,9";"997,3";"997,9";"996,9";"1,6";"140,0";"3,7";"3478,90";"0,0"
"20/12/2025";"1900";"35,5";"35,9";"35,2";"33,0";"40,0";"28,0";"22,0";"23,3";"21,1";"996,2";"996,8";"995,6";"2,3";"63,0";"4,1";"2868,30";"0,0"
"20/12/2025";"2000";"36,0";"36,2";"35,7";"30,0";"38,0";"26,0";"22,0";"23,2";"21,1";"995,1";"995,5";"994,7";"1,7";"166,0";"3,4";"2011,80";"0,0"
"20/12/2025";"2100";"34,4";"37,0";"32,8";"43,0";"48,0";"26,0";"23,1";"24,2";"21,8";"994,6";"995,1";"994,4";"3,8";"127,0";"6,2";"1223,60";"0,0"
"20/12/2025";"2200";"31,4";"32,8";"29,9";"51,0";"57,0";"48,0";"21,7";"22,4";"21,2";"995,7";"996,0";"995,1";"2,3";"70,0";"3,6";"234,00";"0,0"
"20/12/2025";"2300";"27,7";"27,7";"27,7";"67,0";"67,0";"67,0";"21,0";"21,0";"21,0";"997,3";"997,3";"997,3";"1,8";"75,0";"2,1";"";"0,0"
"21/12/2025";"0000";"27,0";"27,0";"27,0";"74,0";"74,0";"74,0";"21,8";"21,8";"21,8";"997,6";"997,6";"997,6";"3,6";"73,0";"4,6";"";"0,0"
"21/12/2025";"0100";"26,3";"26,9";"25,9";"77,0";"79,0";"74,0";"21,7";"21,8";"21,5";"997,9";"998,2";"997,6";"0,8";"67,0";"2,2";"";"0,0"
"21/12/2025";"0200";"25,7";"26,2";"25,2";"80,0";"83,0";"77,0";"21,8";"22,0";"21,5";"998,6";"998,9";"998,3";"0,8";"276,0";"1,4";"";"0,0"
"21/12/2025";"0300";"24,8";"25,3";"23,9";"83,0";"89,0";"79,0";"21,4";"21,8";"21,0";"998,8";"998,8";"998,7";"1,3";"40,0";"2,1";"";"0,0"
"21/12/2025";"0400";"23,9";"24,1";"23,4";"88,0";"90,0";"87,0";"21,5";"21,8";"21,4";"998,6";"998,8";"998,2";"1,1";"16,0";"1,7";"";"0,0"
"21/12/2025";"0500";"23,2";"23,5";"22,9";"91,0";"93,0";"90,0";"21,5";"21,7";"21,4";"997,8";"998,2";"997,5";"1,3";"126,0";"2,1";"";"0,0"
"21/12/2025";"0600";"22,8";"23,7";"22,2";"92,0";"95,0";"80,0";"21,1";"21,6";"19,2";"997,3";"997,5";"997,1";"1,0";"149,0";"1,9";"";"0,0"
"21/12/2025";"0700";"25,3";"26,2";"23,4";"70,0";"86,0";"64,0";"19,3";"21,0";"18,4";"997,2";"997,3";"997,0";"1,4";"127,0";"3,2";"";"0,0"
"21/12/2025";"0800";"26,3";"27,0";"25,5";"64,0";"67,0";"61,0";"19,0";"19,4";"18,7";"997,2";"997,3";"997,1";"2,4";"175,0";"7,4";"";"0,0"
"21/12/2025";"0900";"26,3";"26,9";"25,7";"64,0";"68,0";"61,0";"19,1";"19,5";"18,9";"997,7";"998,0";"997,2";"2,8";"104,0";"5,5";"42,30";"0,0"
"21/12/2025";"1000";"26,3";"27,6";"25,6";"65,0";"69,0";"60,0";"19,4";"19,9";"19,0";"998,3";"998,5";"997,8";"4,1";"194,0";"9,4";"396,60";"0,0"
"21/12/2025";"1100";"28,4";"29,2";"27,5";"59,0";"63,0";"56,0";"20,2";"21,2";"19,5";"998,2";"998,5";"997,9";"2,2";"136,0";"9,2";"1182,90";"0,0"
"21/12/2025";"1200";"29,2";"29,6";"28,9";"58,0";"63,0";"55,0";"20,9";"21,7";"20,3";"998,4";"998,6";"998,3";"3,6";"78,0";"7,0";"1660,90";"0,0"
"21/12/2025";"1300";"29,4";"29,9";"29,2";"57,0";"62,0";"54,0";"20,8";"21,6";"20,3";"998,4";"998,5";"998,2";"6,6";"328,0";"10,9";"1678,50";"0,0"
"21/12/2025";"1400";"30,4";"30,7";"29,9";"55,0";"58,0";"53,0";"21,4";"22,0";"20,9";"998,4";"998,6";"998,2";"3,8";"316,0";"6,6";"1721,10";"0,0"
"21/12/2025";"1500";"30,7";"31,1";"30,5";"57,0";"62,0";"54,0";"22,0";"23,4";"21,3";"998,2";"998,4";"998,0";"1,6";"259,0";"6,7";"1514,00";"0,0"
"21/12/2025";"1600";"30,9";"31,1";"30,6";"57,0";"60,0";"54,0";"22,2";"22,9";"21,7";"998,0";"998,2";"997,8";"4,0";"307,0";"9,8";"1057,80";"0,0"
"21/12/2025";"1700";"31,2";"31,4";"30,9";"57,0";"60,0";"55,0";"22,7";"23,3";"22,2";"997,6";"997,9";"997,4";"2,9";"308,0";"5,0";"1095,60";"0,0"
"21/12/2025";"1800";"31,2";"31,3";"31,1";"59,0";"65,0";"57,0";"23,0";"24,2";"22,5";"997,3";"997,6";"997,0";"1,8";"302,0";"3,3";"761,70";"0,0"
"21/12/2025";"1900";"29,8";"31,1";"28,8";"69,0";"74,0";"60,0";"23,7";"24,2";"23,1";"997,3";"997,4";"997,1";"4,3";"219,0";"8,3";"313,40";"0,0"
"21/12/2025";"2000";"27,3";"28,7";"26,8";"76,0";"78,0";"72,0";"22,5";"23,0";"22,0";"997,6";"997,9";"997,3";"0,8";"251,0";"2,7";"153,20";"0,0"
"21/12/2025";"2100";"25,7";"26,8";"24,9";"87,0";"93,0";"77,0";"23,1";"23,6";"22,2";"998,2";"998,4";"997,8";"1,0";"299,0";"1,6";"47,30";"1,4"
"21/12/2025";"2200";"24,4";"24,8";"24,3";"96,0";"98,0";"92,0";"23,6";"23,9";"23,2";"998,7";"998,9";"998,2";"2,7";"71,0";"4,0";"43,30";"0,8"
"21/12/2025";"2300";"25,5";"26,5";"24,2";"81,0";"98,0";"70,0";"21,7";"23,8";"20,4";"998,4";"998,7";"997,8";"5,2";"324,0";"8,0";"4,00";"0,2"
"22/12/2025";"0000";"24,6";"25,8";"24,1";"82,0";"88,0";"75,0";"21,1";"21,7";"20,4";"997,9";"998,2";"997,6";"1,3";"97,0";"2,7";"";"0,0"
"22/12/2025";"0100";"23,8";"24,3";"23,5";"89,0";"91,0";"85,0";"21,6";"21,9";"21,2";"998,7";"999,3";"997,8";"1,8";"40,0";"3,0";"";"0,0"
"22/12/2025";"0200";"23,4";"23,7";"23,0";"92,0";"94,0";"90,0";"21,9";"22,2";"21,6";"999,4";"1000,0";"998,9";"2,9";"20,0";"4,7";"";"0,0"
"22/12/2025";"0300";"23,0";"23,2";"22,6";"93,0";"96,0";"91,0";"21,6";"22,0";"21,4";"999,9";"1000,2";"999,4";"2,0";"83,0";"3,2";"";"0,0"
"22/12/2025";"0400";"22,8";"22,9";"22,6";"95,0";"96,0";"94,0";"21,8";"21,9";"21,6";"999,3";"999,4";"999,1";"0,7";"79,0";"1,6";"";"0,0"
"22/12/2025";"0500";"22,6";"22,8";"22,4";"96,0";"98,0";"95,0";"21,9";"22,1";"21,7";"999,0";"999,3";"998,4";"1,0";"122,0";"1,8";"";"0,0"
"22/12/2025";"0600";"22,3";"22,3";"22,3";"99,0";"99,0";"99,0";"22,0";"22,0";"22,0";"998,3";"998,3";"998,3";"0,8";"14,0";"1,0";"";"0,0"
"22/12/2025";"0700";"22,2";"22,2";"22,2";"97,0";"97,0";"97,0";"21,6";"21,6";"21,6";"998,1";"998,1";"998,1";"0,4";"314,0";"0,6";"";"0,0"
"22/12/2025";"0800";"21,8";"21,8";"21,8";"97,0";"97,0";"97,0";"21,2";"21,2";"21,2";"998,5";"998,5";"998,5";"0,5";"27,0";"0,6";"";"0,0"
"22/12/2025";"0900";"21,7";"21,7";"21,7";"98,0";"98,0";"98,0";"21,3";"21,3";"21,3";"998,6";"998,6";"998,6";"0,9";"33,0";"1,2";"168,80";"0,0"
"22/12/2025";"1000";"23,1";"23,1";"23,1";"93,0";"93,0";"93,0";"21,7";"21,7";"21,7";"999,5";"999,5";"999,5";"1,3";"242,0";"1,6";"450,40";"0,0"
"22/12/2025";"1100";"23,8";"23,8";"23,8";"93,0";"93,0";"93,0";"22,4";"22,4";"22,4";"999,6";"999,6";"999,6";"1,1";"219,0";"1,7";"411,80";"0,0"
"22/12/2025";"1200";"23,9";"23,9";"23,9";"94,0";"94,0";"94,0";"22,7";"22,7";"22,7";"999,6";"999,6";"999,6";"1,1";"193,0";"1,5";"1122,20";"0,0"
"22/12/2025";"1300";"25,0";"25,0";"25,0";"91,0";"91,0";"91,0";"23,2";"23,2";"23,2";"999,1";"999,1";"999,1";"0,8";"103,0";"1,3";"1791,60";"0,0"
"22/12/2025";"1400";"29,4";"29,4";"29,4";"79,0";"79,0";"79,0";"25,2";"25,2";"25,2";"997,9";"997,9";"997,9";"1,4";"136,0";"2,6";"2746,10";"0,0"
"22/12/2025";"1500";"29,6";"29,6";"29,6";"75,0";"75,0";"75,0";"24,7";"24,7";"24,7";"997,7";"997,7";"997,7";"0,7";"140,0";"1,4";"1274,80";"0,0"
"22/12/2025";"1600";"31,2";"31,2";"31,2";"66,0";"66,0";"66,0";"24,4";"24,4";"24,4";"997,1";"997,1";"997,1";"5,6";"290,0";"6,9";"1175,40";"0,0"
"22/12/2025";"1700";"31,5";"31,5";"31,5";"64,0";"64,0";"64,0";"24,2";"24,2";"24,2";"997,0";"997,0";"997,0";"5,9";"317,0";"6,9";"1247,00";"0,0"
"22/12/2025";"1800";"29,6";"29,6";"29,6";"69,0";"69,0";"69,0";"23,4";"23,4";"23,4";"997,6";"997,6";"997,6";"3,6";"312,0";"5,1";"362,80";"0,0"
"22/12/2025";"1900";"24,1";"24,1";"24,1";"90,0";"90,0";"90,0";"22,1";"22,1";"22,1";"998,1";"998,1";"998,1";"2,4";"299,0";"3,8";"89,30";"0,0"
"22/12/2025";"2000";"24,0";"24,4";"23,7";"95,0";"98,0";"87,0";"23,0";"23,9";"21,7";"997,8";"998,1";"997,5";"1,1";"123,0";"2,1";"220,80";"1,4"
"22/12/2025";"2100";"24,3";"24,3";"24,3";"94,0";"94,0";"94,0";"23,2";"23,2";"23,2";"998,4";"998,4";"998,4";"2,4";"274,0";"3,5";"88,70";"0,0"
"22/12/2025";"2200";"24,5";"24,5";"24,5";"91,0";"91,0";"91,0";"22,6";"22,6";"22,6";"999,9";"999,9";"999,9";"5,4";"306,0";"8,2";"5,90";"0,2"
"22/12/2025";"2300";"23,1";"23,1";"23,1";"98,0";"98,0";"98,0";"22,8";"22,8";"22,8";"1000,4";"1000,4";"1000,4";"2,7";"224,0";"4,0";"0,40";"0,0"
"23/12/2025";"0000";"23,0";"23,0";"23,0";"99,0";"99,0";"99,0";"22,8";"22,8";"22,8";"1000,0";"1000,0";"1000,0";"0,9";"342,0";"1,1";"";"0,0"
"23/12/2025";"0100";"23,1";"23,2";"23,0";"98,0";"99,0";"96,0";"22,7";"22,8";"22,4";"999,2";"999,9";"998,7";"1,4";"63,0";"2,8";"0,10";"0,0"
"23/12/2025";"0200";"23,0";"23,1";"23,0";"98,0";"99,0";"98,0";"22,7";"22,9";"22,5";"999,0";"999,1";"998,8";"0,8";"75,0";"2,5";"";"0,0"
"23/12/2025";"0300";"23,4";"24,1";"22,9";"95,0";"99,0";"89,0";"22,3";"22,8";"21,6";"998,7";"999,0";"998,1";"1,9";"86,0";"6,1";"";"0,2"
"23/12/2025";"0400";"23,8";"24,5";"23,4";"89,0";"93,0";"83,0";"21,6";"22,0";"21,0";"997,7";"998,2";"997,4";"1,9";"191,0";"3,2";"";"0,0"
"23/12/2025";"0500";"23,4";"24,3";"23,1";"92,0";"94,0";"86,0";"21,8";"22,0";"21,3";"997,4";"997,6";"997,3";"2,5";"188,0";"4,7";"";"0,0"
"23/12/2025";"0600";"23,5";"23,9";"23,2";"91,0";"94,0";"88,0";"21,8";"22,0";"21,5";"997,4";"997,6";"997,3";"2,2";"276,0";"5,2";"0,10";"0,0"
"23/12/2025";"0700";"23,7";"24,5";"23,2";"90,0";"93,0";"84,0";"21,6";"21,9";"21,1";"997,5";"998,1";"997,3";"3,5";"218,0";"5,0";"0,10";"0,0"
"23/12/2025";"0800";"23,4";"23,6";"23,3";"92,0";"93,0";"90,0";"21,8";"21,9";"21,6";"998,4";"999,0";"998,0";"1,3";"283,0";"2,1";"";"0,0"
"23/12/2025";"0900";"";"";"";"";"";"";"";"";"";"";"";"";"";"";"";"";""
"23/12/2025";"1000";"23,1";"23,3";"23,0";"97,0";"98,0";"96,0";"22,5";"22,8";"22,2";"1000,0";"1000,2";"999,8";"1,8";"53,0";"2,4";"135,10";"0,0"
"23/12/2025";"1100";"23,7";"24,0";"23,3";"96,0";"98,0";"94,0";"22,8";"23,1";"22,5";"1000,3";"1000,7";"1000,0";"1,4";"256,0";"3,1";"320,10";"1,6"
"23/12/2025";"1200";"24,6";"25,5";"23,6";"91,0";"96,0";"86,0";"22,8";"23,8";"22,0";"1000,3";"1000,6";"999,8";"1,1";"46,0";"2,0";"1211,70";"0,0"
"23/12/2025";"1300";"26,9";"28,4";"25,4";"83,0";"90,0";"77,0";"23,6";"25,1";"22,7";"999,5";"999,8";"999,1";"1,3";"127,0";"2,7";"2139,30";"0,0"
"23/12/2025";"1400";"28,4";"28,8";"27,9";"77,0";"82,0";"71,0";"23,7";"24,6";"22,5";"999,1";"999,2";"999,0";"2,7";"203,0";"4,8";"1787,60";"0,0"
"23/12/2025";"1500";"27,8";"28,9";"26,7";"80,0";"84,0";"75,0";"23,8";"24,6";"23,2";"999,3";"999,7";"999,1";"2,6";"186,0";"4,3";"1437,60";"0,0"
"23/12/2025";"1600";"24,6";"26,6";"23,9";"96,0";"99,0";"83,0";"23,8";"24,4";"23,2";"1000,0";"1000,4";"999,8";"0,9";"119,0";"3,0";"145,40";"11,0"
"23/12/2025";"1700";"23,8";"24,0";"23,7";"99,0";"100,0";"98,0";"23,6";"23,8";"23,5";"1000,9";"1001,5";"1000,2";"0,9";"241,0";"2,1";"114,60";"16,2"
"23/12/2025";"1800";"24,6";"25,4";"23,9";"96,0";"99,0";"90,0";"23,9";"24,8";"23,3";"999,8";"1000,8";"998,5";"2,5";"66,0";"5,8";"1302,00";"0,4"
"23/12/2025";"1900";"26,9";"28,4";"25,5";"84,0";"93,0";"74,0";"23,6";"25,0";"22,2";"998,7";"999,3";"997,9";"1,2";"145,0";"2,3";"2503,90";"0,0"
"23/12/2025";"2000";"27,4";"28,1";"27,0";"83,0";"89,0";"76,0";"24,0";"24,8";"23,2";"998,1";"998,2";"997,9";"1,9";"267,0";"3,0";"1068,60";"0,0"
"23/12/2025";"2100";"28,1";"28,8";"27,5";"79,0";"84,0";"75,0";"23,8";"24,5";"23,1";"998,0";"998,2";"997,8";"1,7";"274,0";"2,4";"1010,00";"0,0"
"23/12/2025";"2200";"27,1";"27,6";"26,6";"85,0";"90,0";"78,0";"24,0";"24,6";"23,2";"998,5";"998,8";"998,1";"1,0";"27,0";"1,5";"151,80";"0,0"
"23/12/2025";"2300";"26,0";"26,6";"25,4";"91,0";"94,0";"87,0";"24,2";"24,8";"23,4";"999,2";"999,5";"998,9";"1,4";"139,0";"2,0";"8,20";"0,0"
"24/12/2025";"0000";"25,3";"25,4";"25,1";"94,0";"96,0";"90,0";"24,1";"24,5";"23,3";"999,4";"999,5";"999,3";"1,0";"99,0";"2,4";"";"0,2"
"24/12/2025";"0100";"26,1";"26,5";"25,4";"83,0";"88,0";"80,0";"22,7";"23,5";"22,2";"999,5";"999,7";"999,4";"2,4";"307,0";"4,9";"";"0,0"
"24/12/2025";"0200";"26,0";"26,5";"25,5";"81,0";"85,0";"78,0";"22,3";"22,6";"21,9";"999,9";"1000,3";"999,5";"2,5";"299,0";"6,0";"";"0,0"
"24/12/2025";"0300";"24,7";"25,7";"24,3";"89,0";"92,0";"82,0";"22,5";"22,8";"22,0";"1000,5";"1000,6";"1000,2";"2,2";"310,0";"3,8";"";"0,2"
"24/12/2025";"0400";"24,6";"25,4";"24,0";"91,0";"96,0";"85,0";"22,8";"23,2";"22,3";"999,7";"1000,1";"999,4";"3,0";"183,0";"4,2";"";"0,2"
"24/12/2025";"0500";"23,8";"24,0";"23,7";"97,0";"98,0";"96,0";"23,3";"23,4";"23,1";"999,3";"999,5";"999,0";"0,5";"185,0";"1,6";"";"0,0"
"24/12/2025";"0600";"23,7";"23,9";"23,6";"97,0";"98,0";"95,0";"23,1";"23,3";"22,6";"998,9";"999,0";"998,5";"0,7";"195,0";"2,0";"";"0,0"
"24/12/2025";"0700";"23,9";"24,8";"23,5";"93,0";"97,0";"85,0";"22,6";"22,9";"21,8";"998,4";"998,8";"998,2";"3,7";"197,0";"5,3";"";"0,2"
"24/12/2025";"0800";"23,9";"24,0";"23,8";"93,0";"94,0";"92,0";"22,5";"22,6";"22,3";"999,2";"999,5";"998,9";"1,6";"194,0";"2,6";"";"0,0"
"24/12/2025";"0900";"23,8";"24,0";"23,6";"94,0";"96,0";"93,0";"22,7";"23,0";"22,5";"999,9";"1000,2";"999,5";"0,8";"186,0";"1,7";"8,70";"0,0"
"24/12/2025";"1000";"23,7";"23,9";"23,7";"97,0";"98,0";"95,0";"23,1";"23,5";"22,8";"1000,5";"1000,7";"1000,2";"0,9";"270,0";"1,6";"84,30";"0,0"
"24/12/2025";"1100";"24,3";"24,4";"23,9";"96,0";"98,0";"94,0";"23,4";"23,7";"23,2";"1000,8";"1001,1";"1000,5";"1,4";"68,0";"2,3";"347,60";"0,4"
"24/12/2025";"1200";"24,6";"24,8";"24,3";"96,0";"97,0";"94,0";"23,7";"24,0";"23,4";"1000,6";"1000,9";"1000,4";"2,1";"38,0";"3,6";"498,90";"0,4"
"24/12/2025";"1300";"25,7";"26,3";"24,8";"92,0";"95,0";"87,0";"24,0";"24,5";"23,3";"1000,5";"1000,6";"1000,3";"0,9";"97,0";"1,9";"1022,30";"0,2"
"24/12/2025";"1400";"26,0";"26,4";"25,8";"87,0";"93,0";"83,0";"23,5";"25,0";"22,7";"1000,5";"1000,7";"1000,3";"2,4";"266,0";"3,8";"1275,10";"0,2"
"24/12/2025";"1500";"26,2";"26,8";"25,7";"89,0";"95,0";"82,0";"23,9";"24,8";"23,0";"1000,7";"1000,8";"1000,4";"3,1";"311,0";"4,8";"1075,70";"0,0"
"24/12/2025";"1600";"27,6";"28,8";"26,7";"81,0";"86,0";"74,0";"23,7";"25,3";"22,8";"999,9";"1000,4";"999,3";"3,3";"272,0";"5,2";"2665,50";"0,0"
"24/12/2025";"1700";"28,5";"29,3";"27,6";"78,0";"83,0";"72,0";"24,0";"24,9";"23,0";"999,0";"999,3";"998,5";"2,2";"304,0";"3,9";"2153,20";"0,0"
"24/12/2025";"1800";"29,0";"29,3";"28,5";"75,0";"80,0";"71,0";"24,1";"24,8";"23,4";"998,2";"998,5";"997,9";"2,5";"294,0";"3,6";"1584,30";"0,0"
"24/12/2025";"1900";"29,1";"29,4";"28,9";"76,0";"80,0";"72,0";"24,3";"25,0";"23,6";"997,9";"998,0";"997,8";"2,6";"308,0";"3,8";"903,20";"0,0"
"24/12/2025";"2000";"28,9";"29,1";"28,8";"77,0";"80,0";"74,0";"24,2";"24,8";"23,6";"997,7";"997,9";"997,6";"2,6";"323,0";"3,6";"852,00";"0,0"
"24/12/2025";"2100";"29,7";"30,4";"29,0";"73,0";"80,0";"68,0";"24,3";"25,1";"23,7";"997,1";"997,6";"996,9";"3,1";"310,0";"5,3";"1223,90";"0,0"
"24/12/2025";"2200";"29,8";"30,5";"28,9";"73,0";"78,0";"68,0";"24,3";"24,9";"23,7";"997,3";"997,8";"996,9";"2,3";"299,0";"3,8";"561,40";"0,0"
"24/12/2025";"2300";"28,7";"29,0";"28,3";"74,0";"76,0";"73,0";"23,5";"24,2";"23,0";"998,0";"998,3";"997,7";"1,8";"294,0";"3,3";"56,20";"0,0"
"25/12/2025";"0000";"27,8";"28,5";"27,0";"77,0";"82,0";"73,0";"23,2";"23,6";"22,9";"998,6";"999,0";"998,3";"0,9";"250,0";"1,9";"";"0,0"
"25/12/2025";"0100";"27,4";"27,7";"27,1";"78,0";"81,0";"75,0";"23,0";"23,5";"22,6";"999,1";"999,2";"999,0";"2,2";"302,0";"5,8";"";"0,0"
"25/12/2025";"0200";"27,4";"27,8";"27,2";"77,0";"79,0";"74,0";"22,8";"23,2";"22,6";"999,8";"1000,1";"999,2";"1,4";"264,0";"3,6";"";"0,0"
"25/12/2025";"0300";"26,8";"27,2";"26,3";"80,0";"83,0";"77,0";"22,8";"23,0";"22,4";"1000,3";"1000,4";"1000,2";"1,4";"210,0";"3,3";"";"0,0"
"25/12/2025";"0400";"26,8";"27,1";"26,3";"79,0";"83,0";"77,0";"22,7";"22,9";"22,4";"1000,1";"1000,3";"999,9";"2,1";"303,0";"4,8";"";"0,0"
"25/12/2025";"0500";"26,2";"26,8";"25,5";"82,0";"87,0";"79,0";"22,6";"23,0";"22,4";"999,7";"999,9";"999,3";"2,8";"283,0";"4,8";"";"0,2"
"25/12/2025";"0600";"25,0";"25,6";"24,4";"89,0";"93,0";"85,0";"22,7";"23,1";"22,3";"999,3";"999,5";"999,1";"1,9";"272,0";"3,2";"";"0,0"
"25/12/2025";"0700";"24,4";"25,0";"24,0";"93,0";"96,0";"89,0";"23,0";"23,2";"22,7";"999,0";"999,2";"998,7";"1,5";"39,0";"2,4";"";"0,0"
"25/12/2025";"0800";"23,8";"24,0";"23,6";"96,0";"98,0";"94,0";"23,0";"23,2";"22,9";"998,9";"999,1";"998,7";"0,4";"146,0";"2,8";"";"0,0"
"25/12/2025";"0900";"24,1";"24,6";"23,7";"93,0";"97,0";"88,0";"22,8";"23,1";"22,1";"999,0";"999,2";"998,9";"1,2";"119,0";"3,3";"22,60";"0,0"
"25/12/2025";"1000";"24,6";"26,4";"24,2";"92,0";"95,0";"81,0";"23,0";"23,4";"22,2";"999,0";"999,2";"998,8";"0,8";"117,0";"1,8";"347,70";"0,0"
"25/12/2025";"1100";"26,4";"27,3";"25,6";"82,0";"87,0";"74,0";"22,7";"23,6";"21,4";"998,9";"999,2";"998,7";"1,7";"228,0";"3,1";"763,50";"0,2"
"25/12/2025";"1200";"26,5";"27,1";"25,7";"84,0";"89,0";"77,0";"23,3";"23,9";"22,5";"999,4";"1000,2";"999,0";"4,2";"217,0";"5,5";"642,40";"0,0"
"25/12/2025";"1300";"24,7";"25,7";"24,0";"95,0";"99,0";"89,0";"23,6";"23,8";"23,3";"1000,7";"1001,3";"1000,2";"1,5";"100,0";"4,4";"237,90";"7,0"
"25/12/2025";"1400";"24,2";"24,4";"24,1";"98,0";"99,0";"97,0";"23,8";"24,1";"23,5";"1001,1";"1001,5";"1000,8";"1,1";"199,0";"1,5";"300,40";"3,4"
"25/12/2025";"1500";"23,9";"24,2";"23,1";"98,0";"99,0";"95,0";"23,5";"23,9";"22,3";"1001,5";"1002,0";"1001,3";"2,5";"183,0";"4,6";"265,00";"9,6"
"25/12/2025";"1600";"23,9";"24,2";"23,1";"96,0";"99,0";"92,0";"23,1";"23,5";"22,4";"1000,8";"1001,4";"1000,4";"2,1";"199,0";"4,8";"803,00";"0,2"
"25/12/2025";"1700";"22,8";"23,8";"22,1";"96,0";"98,0";"92,0";"22,0";"23,1";"21,5";"1001,4";"1002,2";"1001,0";"1,0";"257,0";"2,9";"155,70";"4,0"
"25/12/2025";"1800";"22,4";"22,7";"22,0";"97,0";"98,0";"95,0";"21,7";"22,2";"21,0";"1000,3";"1001,1";"999,1";"3,0";"53,0";"4,7";"369,40";"1,8"
"25/12/2025";"1900";"23,3";"23,9";"22,7";"95,0";"98,0";"90,0";"22,3";"22,7";"21,9";"999,5";"999,9";"999,1";"3,0";"270,0";"5,2";"706,30";"0,0"
"25/12/2025";"2000";"24,2";"24,5";"23,9";"90,0";"93,0";"87,0";"22,2";"22,7";"21,6";"999,7";"999,8";"999,5";"1,7";"236,0";"2,6";"636,60";"0,2"
"25/12/2025";"2100";"24,0";"24,2";"23,8";"93,0";"95,0";"90,0";"22,5";"22,8";"22,0";"999,6";"999,9";"999,2";"1,8";"170,0";"2,7";"267,70";"0,0"
"25/12/2025";"2200";"23,5";"23,8";"23,3";"96,0";"97,0";"94,0";"22,6";"22,8";"22,3";"999,5";"999,8";"999,2";"1,6";"31,0";"2,2";"83,90";"0,0"
"25/12/2025";"2300";"23,1";"23,3";"23,0";"98,0";"99,0";"96,0";"22,7";"22,8";"22,5";"999,9";"1000,1";"999,6";"1,1";"83,0";"2,1";"4,30";"0,0"
"26/12/2025";"0000";"23,0";"23,0";"22,8";"99,0";"100,0";"99,0";"22,8";"23,0";"22,7";"1000,3";"1000,7";"999,9";"0,6";"249,0";"1,5";"";"0,0"
"26/12/2025";"0100";"22,7";"22,8";"22,6";"99,0";"100,0";"99,0";"22,6";"22,7";"22,5";"1001,0";"1001,1";"1000,7";"0,9";"193,0";"1,3";"";"0,0"
"26/12/2025";"0200";"22,6";"22,8";"22,5";"100,0";"100,0";"99,0";"22,6";"22,8";"22,4";"1001,4";"1001,7";"1001,0";"1,0";"324,0";"1,5";"";"0,0"
"26/12/2025";"0300";"22,6";"22,8";"22,5";"100,0";"100,0";"99,0";"22,5";"22,8";"22,4";"1001,2";"1001,5";"1001,1";"0,3";"89,0";"0,6";"";"0,0"
"26/12/2025";"0400";"22,7";"22,8";"22,6";"99,0";"100,0";"99,0";"22,6";"22,7";"22,5";"1001,1";"1001,3";"1001,0";"0,9";"226,0";"1,4";"";"0,0"
"26/12/2025";"0500";"22,4";"22,5";"22,3";"99,0";"100,0";"99,0";"22,3";"22,4";"22,2";"1000,8";"1001,0";"1000,5";"0,8";"226,0";"1,6";"";"0,0"
"26/12/2025";"0600";"22,2";"22,3";"22,2";"100,0";"100,0";"100,0";"22,2";"22,3";"22,1";"1000,4";"1000,6";"1000,2";"1,1";"107,0";"1,5";"";"0,0"
"26/12/2025";"0700";"22,4";"22,5";"22,4";"100,0";"100,0";"100,0";"22,4";"22,5";"22,3";"1000,7";"1001,0";"1000,2";"1,1";"64,0";"1,9";"";"0,0"
"26/12/2025";"0800";"22,4";"22,5";"22,4";"100,0";"100,0";"100,0";"22,3";"22,4";"22,3";"1001,3";"1001,6";"1001,0";"2,0";"32,0";"2,8";"";"0,0"
"26/12/2025";"0900";"22,4";"22,5";"22,3";"100,0";"100,0";"99,0";"22,3";"22,4";"22,2";"1001,9";"1002,2";"1001,5";"1,7";"41,0";"2,5";"10,80";"0,0"
"26/12/2025";"1000";"22,5";"22,7";"22,4";"99,0";"99,0";"98,0";"22,3";"22,4";"22,2";"1002,4";"1002,8";"1002,1";"0,8";"176,0";"1,6";"138,30";"0,0"
"26/12/2025";"1100";"23,1";"23,4";"22,7";"97,0";"98,0";"95,0";"22,5";"22,8";"22,2";"1003,0";"1003,3";"1002,7";"1,4";"44,0";"2,4";"329,30";"0,0"
"26/12/2025";"1200";"24,0";"24,9";"23,4";"93,0";"96,0";"88,0";"22,6";"23,1";"22,1";"1002,8";"1003,1";"1002,5";"1,5";"194,0";"3,0";"870,70";"0,0"
"26/12/2025";"1300";"25,2";"25,9";"24,9";"89,0";"93,0";"85,0";"23,0";"23,6";"22,1";"1002,9";"1003,0";"1002,7";"1,5";"193,0";"2,7";"1168,70";"0,0"
"26/12/2025";"1400";"26,3";"26,9";"25,9";"82,0";"88,0";"77,0";"22,8";"23,6";"22,0";"1002,6";"1002,7";"1002,5";"0,5";"227,0";"1,8";"1554,40";"0,0"
"26/12/2025";"1500";"27,5";"28,1";"26,9";"75,0";"82,0";"68,0";"22,6";"23,7";"21,7";"1002,2";"1002,5";"1001,9";"0,7";"155,0";"1,3";"2046,20";"0,0"
"26/12/2025";"1600";"28,2";"28,9";"27,5";"74,0";"82,0";"70,0";"23,0";"24,4";"21,9";"1001,6";"1001,9";"1001,4";"1,9";"202,0";"3,0";"2101,50";"0,0"
"26/12/2025";"1700";"29,4";"30,2";"28,8";"71,0";"78,0";"65,0";"23,6";"24,7";"22,6";"1001,1";"1001,5";"1000,7";"0,8";"164,0";"2,4";"3168,20";"0,0"
"26/12/2025";"1800";"30,5";"31,0";"29,8";"68,0";"75,0";"60,0";"24,1";"25,3";"22,7";"1000,3";"1000,8";"999,7";"1,2";"164,0";"2,9";"3077,20";"0,0"
"26/12/2025";"1900";"31,4";"31,8";"30,8";"61,0";"68,0";"56,0";"23,7";"25,2";"22,7";"999,2";"999,6";"998,7";"1,8";"70,0";"3,9";"2848,20";"0,0"
"26/12/2025";"2000";"31,7";"32,1";"31,2";"61,0";"65,0";"58,0";"24,0";"24,7";"23,1";"998,4";"998,7";"998,3";"1,8";"126,0";"3,6";"2010,70";"0,0"
"26/12/2025";"2100";"31,4";"32,0";"30,2";"64,0";"69,0";"60,0";"24,3";"25,0";"23,8";"998,2";"998,3";"998,1";"2,8";"99,0";"4,4";"1307,50";"0,0"
"26/12/2025";"2200";"28,6";"30,0";"27,8";"75,0";"79,0";"69,0";"23,6";"23,9";"23,4";"998,7";"999,1";"998,2";"1,5";"108,0";"3,0";"181,40";"0,0"
"26/12/2025";"2300";"26,8";"27,8";"26,1";"83,0";"87,0";"78,0";"23,4";"23,7";"23,2";"999,6";"999,9";"999,1";"1,2";"86,0";"2,2";"15,30";"0,0"
"27/12/2025";"0000";"26,0";"26,2";"25,9";"89,0";"90,0";"87,0";"23,8";"24,2";"23,4";"1000,1";"1000,3";"999,8";"0,8";"100,0";"1,3";"";"0,0"
"27/12/2025";"0100";"25,8";"26,1";"25,5";"92,0";"94,0";"87,0";"24,1";"24,5";"23,5";"1000,6";"1001,2";"1000,2";"3,0";"286,0";"5,3";"";"0,0"
"27/12/2025";"0200";"25,6";"26,0";"25,3";"92,0";"95,0";"85,0";"23,9";"24,4";"22,6";"1000,4";"1001,1";"999,8";"2,3";"29,0";"3,3";"";"0,2"
"27/12/2025";"0300";"24,7";"25,4";"24,4";"96,0";"98,0";"92,0";"23,8";"24,0";"23,6";"999,8";"1000,1";"999,7";"3,0";"222,0";"4,6";"";"0,0"
"27/12/2025";"0400";"24,5";"24,6";"24,3";"95,0";"96,0";"93,0";"23,4";"23,7";"23,2";"999,9";"1000,2";"999,6";"1,7";"50,0";"3,2";"";"0,0"
"27/12/2025";"0500";"24,0";"24,3";"23,8";"97,0";"98,0";"96,0";"23,4";"23,5";"23,4";"999,4";"999,7";"999,0";"1,4";"88,0";"2,2";"";"0,0"
"27/12/2025";"0600";"23,8";"24,1";"23,7";"98,0";"99,0";"96,0";"23,4";"23,5";"23,2";"998,8";"999,1";"998,6";"1,9";"160,0";"3,0";"";"0,0"
"27/12/2025";"0700";"24,0";"24,2";"23,8";"95,0";"97,0";"92,0";"23,0";"23,4";"22,4";"998,7";"998,9";"998,5";"2,7";"215,0";"4,1";"";"0,0"
"27/12/2025";"0800";"24,0";"24,7";"23,7";"93,0";"96,0";"89,0";"22,7";"22,9";"22,2";"999,2";"999,4";"998,9";"1,6";"159,0";"2,7";"";"0,0"
"27/12/2025";"0900";"24,0";"24,4";"23,7";"92,0";"95,0";"90,0";"22,5";"22,7";"22,2";"999,8";"1000,3";"999,3";"1,8";"202,0";"2,8";"31,50";"0,0"
"27/12/2025";"1000";"24,7";"26,2";"23,9";"90,0";"94,0";"86,0";"22,8";"23,5";"22,4";"1000,8";"1001,2";"1000,4";"1,2";"218,0";"2,8";"380,80";"0,0"
"27/12/2025";"1100";"27,7";"28,9";"26,3";"79,0";"88,0";"71,0";"23,5";"24,2";"22,8";"1001,2";"1001,4";"1001,1";"2,3";"245,0";"3,3";"1273,70";"0,0"
"27/12/2025";"1200";"29,7";"30,6";"28,9";"68,0";"74,0";"61,0";"23,3";"24,1";"22,4";"1000,9";"1001,2";"1000,7";"2,0";"257,0";"3,8";"2031,20";"0,0"
"27/12/2025";"1300";"30,5";"31,3";"29,8";"67,0";"74,0";"62,0";"23,9";"25,2";"23,0";"1000,5";"1000,8";"1000,4";"4,4";"314,0";"6,6";"2397,20";"0,0"
"27/12/2025";"1400";"32,0";"32,5";"31,3";"64,0";"71,0";"60,0";"24,9";"26,2";"23,8";"1000,0";"1000,3";"999,7";"4,5";"313,0";"6,4";"3299,00";"0,0"
"27/12/2025";"1500";"33,2";"33,7";"32,3";"63,0";"68,0";"60,0";"25,9";"27,1";"24,9";"999,2";"999,6";"998,6";"5,2";"285,0";"8,4";"3801,40";"0,0"
"27/12/2025";"1600";"34,3";"34,9";"33,5";"59,0";"65,0";"56,0";"26,1";"27,7";"25,0";"998,1";"998,6";"997,6";"3,8";"268,0";"6,6";"3652,00";"0,0"
"27/12/2025";"1700";"29,4";"34,8";"26,3";"73,0";"84,0";"54,0";"24,0";"27,1";"21,3";"998,2";"998,8";"997,4";"2,8";"299,0";"5,0";"1820,80";"10,6"
"27/12/2025";"1800";"31,5";"33,4";"29,2";"69,0";"75,0";"62,0";"25,3";"27,5";"23,3";"998,3";"999,2";"997,4";"5,6";"175,0";"13,8";"2827,70";"0,2"
"27/12/2025";"1900";"27,3";"29,8";"24,0";"79,0";"95,0";"68,0";"23,1";"24,2";"22,5";"1000,8";"1001,8";"999,3";"6,6";"204,0";"15,4";"929,60";"3,4"
"27/12/2025";"2000";"23,9";"24,1";"23,8";"96,0";"98,0";"94,0";"23,2";"23,4";"22,9";"1002,2";"1002,4";"1001,5";"1,4";"232,0";"3,7";"199,70";"3,8"
"27/12/2025";"2100";"24,1";"24,2";"23,9";"96,0";"97,0";"95,0";"23,3";"23,6";"22,9";"1002,1";"1002,6";"1001,4";"1,9";"83,0";"3,0";"163,70";"0,6"
"27/12/2025";"2200";"24,2";"24,2";"24,0";"95,0";"98,0";"93,0";"23,2";"23,7";"22,6";"1001,3";"1001,5";"1001,2";"1,6";"154,0";"2,7";"113,00";"0,0"
"27/12/2025";"2300";"23,9";"24,1";"23,7";"97,0";"98,0";"95,0";"23,2";"23,4";"23,0";"1001,1";"1001,4";"1000,9";"1,0";"49,0";"1,6";"17,00";"0,0"
"28/12/2025";"0000";"23,9";"24,4";"23,4";"93,0";"97,0";"88,0";"22,5";"23,1";"21,6";"1001,1";"1001,3";"1000,8";"1,8";"138,0";"3,2";"";"0,0"
"28/12/2025";"0100";"23,4";"23,6";"23,2";"96,0";"97,0";"94,0";"22,6";"22,8";"22,4";"1001,3";"1001,7";"1000,9";"2,2";"172,0";"4,3";"";"0,2"
"28/12/2025";"0200";"23,3";"23,6";"23,2";"97,0";"98,0";"94,0";"22,7";"22,8";"22,4";"1001,8";"1001,9";"1001,6";"1,1";"79,0";"1,7";"";"0,0"
"28/12/2025";"0300";"22,9";"23,1";"22,7";"99,0";"99,0";"98,0";"22,6";"22,8";"22,5";"1001,3";"1001,5";"1000,9";"1,3";"161,0";"2,0";"";"0,0"
"28/12/2025";"0400";"22,8";"23,1";"22,7";"99,0";"99,0";"97,0";"22,6";"22,7";"22,4";"1000,7";"1001,0";"1000,5";"2,1";"155,0";"2,8";"";"0,0"
"28/12/2025";"0500";"22,8";"23,0";"22,6";"97,0";"99,0";"96,0";"22,3";"22,4";"22,1";"1000,4";"1000,5";"1000,3";"1,4";"315,0";"1,8";"";"0,0"
"28/12/2025";"0600";"22,6";"22,8";"22,4";"97,0";"98,0";"96,0";"22,1";"22,4";"21,9";"1000,2";"1000,4";"999,9";"0,9";"77,0";"1,5";"";"0,0"
"28/12/2025";"0700";"22,3";"22,4";"22,3";"99,0";"100,0";"98,0";"22,2";"22,3";"22,1";"999,8";"1000,0";"999,7";"1,1";"23,0";"1,4";"";"0,0"
"28/12/2025";"0800";"22,2";"22,3";"22,1";"99,0";"99,0";"99,0";"22,0";"22,2";"21,8";"1000,0";"1000,2";"999,8";"1,3";"52,0";"1,8";"";"0,0"
"28/12/2025";"0900";"22,0";"22,1";"21,9";"99,0";"100,0";"99,0";"21,8";"21,9";"21,7";"1000,3";"1000,7";"1000,1";"0,6";"64,0";"1,4";"25,50";"0,0"
"28/12/2025";"1000";"22,9";"24,7";"22,0";"97,0";"100,0";"88,0";"22,3";"22,7";"22,0";"1000,8";"1001,0";"1000,6";"1,1";"98,0";"2,0";"473,00";"0,0"
"28/12/2025";"1100";"25,1";"26,3";"24,3";"89,0";"94,0";"80,0";"22,8";"23,6";"22,2";"1001,0";"1001,2";"1000,8";"1,0";"147,0";"2,1";"1178,10";"0,0"
"28/12/2025";"1200";"26,8";"27,6";"26,0";"82,0";"87,0";"77,0";"23,2";"24,5";"22,3";"1000,9";"1001,0";"1000,8";"0,4";"285,0";"1,4";"1704,50";"0,0"
"28/12/2025";"1300";"28,1";"29,0";"26,9";"79,0";"84,0";"72,0";"23,8";"24,9";"23,1";"1001,1";"1001,2";"1000,9";"1,2";"251,0";"2,1";"2007,80";"0,0"
"28/12/2025";"1400";"29,4";"30,2";"28,5";"72,0";"80,0";"67,0";"23,7";"25,2";"22,7";"1000,8";"1001,0";"1000,5";"1,3";"217,0";"2,3";"2560,00";"0,0"
"28/12/2025";"1500";"30,2";"30,8";"29,5";"67,0";"75,0";"58,0";"23,7";"24,9";"22,5";"1000,5";"1000,6";"1000,3";"1,6";"192,0";"2,9";"2349,20";"0,0"
"28/12/2025";"1600";"30,6";"31,8";"30,1";"66,0";"71,0";"61,0";"23,8";"25,3";"22,6";"1000,2";"1000,5";"999,8";"1,5";"178,0";"3,2";"2341,60";"0,0"
"28/12/2025";"1700";"31,4";"32,1";"30,8";"64,0";"69,0";"59,0";"24,2";"25,4";"23,4";"999,5";"999,8";"999,1";"1,7";"143,0";"2,8";"2726,60";"0,0"
"28/12/2025";"1800";"32,3";"32,9";"31,8";"64,0";"73,0";"59,0";"25,1";"26,7";"24,1";"998,4";"999,0";"997,8";"2,5";"65,0";"4,3";"3426,60";"0,0"
"28/12/2025";"1900";"32,2";"32,6";"31,8";"65,0";"70,0";"61,0";"25,2";"26,4";"24,2";"997,6";"997,9";"997,2";"2,3";"114,0";"3,9";"1903,80";"0,0"
"28/12/2025";"2000";"30,1";"31,7";"28,7";"72,0";"79,0";"64,0";"24,5";"25,4";"24,0";"997,3";"997,6";"997,0";"3,0";"114,0";"5,6";"328,30";"0,0"
"28/12/2025";"2100";"25,8";"28,6";"23,5";"91,0";"99,0";"79,0";"24,1";"25,7";"23,2";"998,9";"999,7";"997,4";"3,5";"201,0";"5,2";"93,50";"24,6"
"28/12/2025";"2200";"23,9";"24,1";"23,6";"99,0";"100,0";"99,0";"23,8";"24,0";"23,4";"999,4";"999,6";"999,1";"3,6";"71,0";"5,7";"102,80";"1,2"
"28/12/2025";"2300";"23,5";"23,6";"23,5";"99,0";"100,0";"99,0";"23,4";"23,5";"23,3";"1000,0";"1000,5";"999,6";"0,9";"95,0";"1,4";"11,40";"0,0"
"29/12/2025";"0000";"23,4";"23,6";"23,0";"98,0";"100,0";"97,0";"23,1";"23,5";"22,6";"1001,0";"1001,8";"1000,4";"3,5";"188,0";"5,6";"1,00";"0,2"
"29/12/2025";"0100";"21,8";"22,9";"21,1";"98,0";"99,0";"96,0";"21,4";"22,5";"20,8";"1002,4";"1002,9";"1001,9";"2,1";"152,0";"4,5";"3,80";"8,6"
"29/12/2025";"0200";"21,2";"21,5";"21,1";"99,0";"100,0";"98,0";"21,1";"21,3";"20,8";"1002,8";"1003,3";"1002,1";"3,0";"61,0";"4,7";"0,50";"10,2"
"29/12/2025";"0300";"21,6";"21,8";"21,5";"99,0";"100,0";"97,0";"21,4";"21,5";"21,0";"1002,3";"1002,7";"1001,9";"3,7";"66,0";"5,8";"0,30";"0,4"
"29/12/2025";"0400";"21,5";"21,7";"21,4";"98,0";"99,0";"96,0";"21,1";"21,2";"21,0";"1001,6";"1002,0";"1001,0";"1,7";"106,0";"2,8";"";"0,0"
"29/12/2025";"0500";"21,5";"21,7";"21,3";"99,0";"100,0";"97,0";"21,3";"21,4";"21,0";"1000,7";"1000,9";"1000,3";"1,6";"222,0";"2,4";"";"0,0"
"29/12/2025";"0600";"21,3";"21,3";"21,2";"100,0";"100,0";"100,0";"21,3";"21,3";"21,3";"1000,0";"1000,5";"999,6";"2,1";"196,0";"2,8";"";"0,0"
"29/12/2025";"0700";"21,4";"21,4";"21,2";"100,0";"100,0";"100,0";"21,4";"21,5";"21,3";"999,4";"999,6";"999,3";"1,2";"191,0";"1,6";"";"0,0"
"29/12/2025";"0800";"21,3";"21,4";"21,2";"100,0";"100,0";"100,0";"21,4";"21,5";"21,3";"999,7";"1000,2";"999,5";"1,3";"173,0";"2,6";"";"0,0"
"29/12/2025";"0900";"21,5";"21,6";"21,3";"100,0";"100,0";"100,0";"21,5";"21,6";"21,3";"1000,6";"1001,3";"1000,2";"1,0";"79,0";"1,7";"6,40";"0,0"
"29/12/2025";"1000";"21,5";"21,6";"21,3";"99,0";"100,0";"98,0";"21,3";"21,5";"21,1";"1001,5";"1001,8";"1001,2";"1,0";"81,0";"1,9";"98,80";"0,0"
"29/12/2025";"1100";"22,2";"22,7";"21,6";"96,0";"98,0";"92,0";"21,4";"21,7";"20,9";"1001,9";"1002,2";"1001,8";"1,3";"89,0";"2,5";"486,70";"0,0"
"29/12/2025";"1200";"22,7";"22,8";"22,6";"94,0";"96,0";"91,0";"21,4";"21,8";"20,9";"1002,2";"1002,2";"1002,1";"2,0";"138,0";"3,9";"391,70";"0,0"
"29/12/2025";"1300";"23,4";"24,2";"22,6";"89,0";"93,0";"84,0";"21,2";"21,7";"20,7";"1002,3";"1002,4";"1002,1";"1,7";"80,0";"3,3";"894,10";"0,0"
"29/12/2025";"1400";"24,4";"25,2";"23,7";"86,0";"90,0";"80,0";"21,5";"22,2";"21,0";"1002,3";"1002,4";"1002,1";"0,8";"132,0";"2,2";"1462,20";"0,0"
"29/12/2025";"1500";"24,7";"25,2";"24,3";"84,0";"88,0";"82,0";"21,5";"22,6";"21,0";"1002,1";"1002,2";"1002,0";"1,2";"115,0";"3,1";"499,70";"0,0"
"29/12/2025";"1600";"25,7";"26,1";"24,8";"80,0";"83,0";"75,0";"21,6";"22,4";"21,0";"1001,7";"1002,1";"1001,3";"1,8";"60,0";"3,3";"1011,80";"0,0"
"29/12/2025";"1700";"26,5";"28,1";"25,3";"77,0";"82,0";"70,0";"22,0";"23,9";"21,2";"1001,0";"1001,3";"1000,5";"2,5";"105,0";"5,6";"1646,70";"0,0"
"29/12/2025";"1800";"26,3";"27,8";"25,3";"79,0";"85,0";"71,0";"22,1";"23,6";"21,3";"1000,2";"1000,6";"999,7";"3,3";"59,0";"5,4";"1660,10";"0,0"
"29/12/2025";"1900";"27,6";"28,1";"27,2";"75,0";"80,0";"71,0";"22,6";"23,7";"21,7";"999,6";"999,8";"999,5";"2,2";"80,0";"4,3";"1721,30";"0,0"
"29/12/2025";"2000";"27,4";"27,8";"26,8";"76,0";"79,0";"72,0";"22,6";"23,0";"22,2";"999,5";"999,6";"999,4";"2,7";"61,0";"5,8";"1182,10";"0,0"
"29/12/2025";"2100";"27,1";"27,5";"26,6";"77,0";"81,0";"74,0";"22,6";"23,4";"22,1";"999,5";"999,7";"999,2";"1,9";"95,0";"4,4";"629,70";"0,0"
"29/12/2025";"2200";"26,0";"26,6";"25,4";"83,0";"85,0";"79,0";"22,5";"22,8";"22,1";"999,7";"1000,0";"999,6";"2,1";"99,0";"3,8";"218,60";"0,0"
"29/12/2025";"2300";"24,8";"25,4";"24,2";"87,0";"89,0";"84,0";"22,2";"22,5";"21,9";"1000,2";"1000,7";"1000,0";"1,3";"88,0";"2,3";"17,80";"0,0"
"30/12/2025";"0000";"24,1";"24,2";"24,1";"89,0";"90,0";"88,0";"21,9";"22,0";"21,7";"1000,9";"1001,3";"1000,7";"1,8";"131,0";"2,8";"";"0,0"
"30/12/2025";"0100";"24,1";"24,3";"23,8";"88,0";"90,0";"86,0";"21,7";"21,8";"21,5";"1001,3";"1001,5";"1001,1";"1,4";"101,0";"2,7";"";"0,0"
"30/12/2025";"0200";"23,4";"23,8";"23,0";"91,0";"93,0";"90,0";"21,6";"21,7";"21,5";"1001,5";"1001,5";"1001,3";"1,6";"93,0";"3,4";"";"0,0"
"30/12/2025";"0300";"22,6";"23,0";"22,3";"95,0";"96,0";"93,0";"21,5";"21,6";"21,5";"1001,4";"1001,5";"1001,3";"1,6";"106,0";"2,1";"";"0,0"
"30/12/2025";"0400";"22,2";"22,3";"22,0";"96,0";"98,0";"96,0";"21,5";"21,6";"21,4";"1001,0";"1001,2";"1000,8";"1,0";"156,0";"1,7";"";"0,0"
"30/12/2025";"0500";"22,0";"22,1";"21,9";"98,0";"99,0";"96,0";"21,6";"21,8";"21,3";"1000,9";"1001,0";"1000,8";"1,0";"38,0";"1,6";"";"0,0"
"30/12/2025";"0600";"21,9";"22,0";"21,8";"97,0";"98,0";"97,0";"21,4";"21,5";"21,3";"1000,8";"1000,9";"1000,7";"0,7";"88,0";"1,0";"";"0,0"
"30/12/2025";"0700";"21,8";"21,9";"21,8";"98,0";"99,0";"97,0";"21,4";"21,6";"21,2";"1000,8";"1000,9";"1000,7";"1,2";"30,0";"1,8";"";"0,0"
"30/12/2025";"0800";"22,0";"22,1";"21,9";"97,0";"98,0";"96,0";"21,4";"21,6";"21,2";"1001,1";"1001,3";"1000,8";"0,8";"185,0";"1,2";"";"0,0"
"30/12/2025";"0900";"21,8";"22,0";"21,8";"99,0";"99,0";"98,0";"21,5";"21,6";"21,5";"1001,6";"1001,9";"1001,3";"1,1";"232,0";"2,0";"24,20";"0,0"
"30/12/2025";"1000";"22,3";"22,7";"21,8";"97,0";"99,0";"94,0";"21,6";"21,9";"21,5";"1002,0";"1002,2";"1001,9";"1,4";"239,0";"2,2";"288,80";"0,0"
"30/12/2025";"1100";"23,5";"23,9";"22,8";"91,0";"95,0";"87,0";"21,7";"22,0";"21,3";"1002,2";"1002,2";"1002,1";"1,3";"247,0";"2,0";"839,10";"0,0"
"30/12/2025";"1200";"24,5";"24,9";"23,7";"86,0";"90,0";"83,0";"21,8";"22,6";"21,1";"1002,1";"1002,2";"1001,9";"1,6";"257,0";"2,4";"1338,80";"0,0"
"30/12/2025";"1300";"25,8";"26,9";"25,0";"82,0";"87,0";"77,0";"22,3";"23,3";"21,6";"1001,8";"1002,0";"1001,7";"1,5";"246,0";"3,3";"2234,60";"0,0"
"30/12/2025";"1400";"27,7";"28,3";"26,7";"76,0";"83,0";"72,0";"23,0";"24,0";"22,2";"1001,5";"1001,8";"1001,3";"1,1";"202,0";"3,2";"2977,60";"0,0"
"30/12/2025";"1500";"29,1";"30,1";"28,1";"71,0";"79,0";"65,0";"23,3";"24,5";"22,3";"1001,2";"1001,3";"1001,1";"2,0";"198,0";"4,7";"3668,30";"0,0"
"30/12/2025";"1600";"29,6";"30,2";"29,0";"69,0";"75,0";"64,0";"23,4";"24,6";"22,5";"1000,8";"1001,1";"1000,5";"2,3";"162,0";"4,7";"2232,20";"0,0"
"30/12/2025";"1700";"30,1";"30,7";"29,6";"68,0";"73,0";"63,0";"23,6";"24,7";"23,0";"1000,2";"1000,5";"999,9";"1,8";"135,0";"5,3";"2291,30";"0,0"
"30/12/2025";"1800";"30,4";"31,5";"29,7";"67,0";"75,0";"61,0";"23,7";"26,0";"22,9";"999,7";"1000,0";"999,3";"2,2";"60,0";"4,6";"1994,80";"0,0"
"30/12/2025";"1900";"30,6";"31,2";"30,2";"64,0";"73,0";"58,0";"23,5";"25,2";"22,5";"999,0";"999,3";"998,6";"1,5";"72,0";"3,5";"1430,90";"0,0"
"30/12/2025";"2000";"29,6";"30,2";"29,4";"70,0";"73,0";"64,0";"23,5";"24,1";"22,9";"998,9";"999,2";"998,7";"1,9";"96,0";"3,4";"577,50";"0,0"
"30/12/2025";"2100";"29,8";"30,3";"29,6";"71,0";"74,0";"67,0";"23,9";"24,5";"23,3";"999,2";"999,3";"999,0";"0,9";"87,0";"2,6";"693,40";"0,0"
"30/12/2025";"2200";"29,3";"30,0";"28,3";"73,0";"76,0";"69,0";"23,9";"24,9";"23,1";"999,3";"999,6";"999,1";"3,0";"107,0";"4,6";"295,90";"0,0"
"30/12/2025";"2300";"27,8";"28,3";"27,2";"78,0";"80,0";"75,0";"23,3";"23,5";"23,1";"1000,2";"1000,5";"999,6";"2,8";"111,0";"4,4";"47,40";"0,0"
"31/12/2025";"0000";"26,2";"27,2";"25,1";"81,0";"85,0";"78,0";"22,4";"23,1";"22,0";"1000,7";"1000,9";"1000,5";"1,6";"82,0";"2,7";"";"0,0"
"31/12/2025";"0100";"24,3";"24,9";"23,6";"85,0";"87,0";"82,0";"21,3";"22,2";"20,7";"1001,5";"1002,0";"1001,0";"2,0";"74,0";"3,7";"";"0,0"
"31/12/2025";"0200";"23,2";"23,6";"23,0";"89,0";"91,0";"87,0";"21,1";"21,2";"20,9";"1002,2";"1002,4";"1002,0";"0,3";"213,0";"1,1";"";"0,0"
"31/12/2025";"0300";"22,7";"23,3";"22,1";"92,0";"96,0";"89,0";"21,2";"21,4";"21,0";"1002,3";"1002,4";"1002,3";"1,1";"199,0";"1,6";"";"0,0"
"31/12/2025";"0400";"22,0";"22,3";"21,7";"96,0";"98,0";"94,0";"21,3";"21,4";"21,1";"1002,3";"1002,4";"1002,2";"0,8";"247,0";"1,0";"";"0,0"
"31/12/2025";"0500";"21,5";"21,7";"21,4";"98,0";"99,0";"98,0";"21,2";"21,3";"21,1";"1001,9";"1002,2";"1001,7";"1,2";"226,0";"1,9";"";"0,0"
"31/12/2025";"0600";"21,6";"21,8";"21,4";"99,0";"99,0";"99,0";"21,5";"21,6";"21,2";"1001,5";"1001,8";"1001,2";"0,7";"226,0";"1,0";"";"0,0"
"31/12/2025";"0700";"21,8";"22,0";"21,8";"99,0";"99,0";"99,0";"21,6";"21,8";"21,5";"1001,2";"1001,4";"1001,1";"0,4";"260,0";"0,9";"";"0,0"
"31/12/2025";"0800";"22,0";"22,0";"21,9";"99,0";"99,0";"99,0";"21,7";"21,8";"21,6";"1001,6";"1001,9";"1001,4";"0,3";"180,0";"0,6";"";"0,0"
"31/12/2025";"0900";"22,1";"22,1";"22,0";"99,0";"99,0";"98,0";"21,8";"21,9";"21,7";"1002,2";"1002,6";"1001,9";"0,9";"245,0";"1,6";"7,00";"0,0"
"31/12/2025";"1000";"22,3";"22,7";"22,1";"98,0";"98,0";"97,0";"21,9";"22,1";"21,7";"1002,7";"1002,9";"1002,6";"0,6";"243,0";"1,8";"97,80";"0,0"
"31/12/2025";"1100";"23,3";"23,9";"22,7";"93,0";"97,0";"90,0";"22,0";"22,5";"21,7";"1002,9";"1003,1";"1002,8";"0,5";"231,0";"1,1";"583,10";"0,0"
"31/12/2025";"1200";"25,2";"26,7";"23,9";"87,0";"94,0";"80,0";"22,6";"23,3";"21,9";"1003,0";"1003,3";"1002,7";"1,1";"193,0";"3,1";"1680,40";"0,0"
"31/12/2025";"1300";"27,3";"27,8";"26,2";"80,0";"85,0";"76,0";"23,3";"24,5";"22,5";"1002,4";"1002,7";"1002,1";"2,0";"289,0";"4,2";"2245,00";"0,0"
"31/12/2025";"1400";"28,3";"29,1";"27,4";"77,0";"84,0";"70,0";"23,6";"24,4";"22,7";"1001,9";"1002,1";"1001,7";"3,2";"280,0";"5,2";"2773,10";"0,0"
"31/12/2025";"1500";"29,7";"30,4";"29,3";"70,0";"77,0";"65,0";"23,8";"25,6";"22,7";"1001,3";"1001,7";"1000,9";"2,4";"247,0";"5,5";"3599,60";"0,0"
"31/12/2025";"1600";"31,1";"32,0";"30,0";"66,0";"73,0";"60,0";"24,3";"25,3";"23,3";"1000,4";"1000,9";"1000,0";"2,0";"176,0";"4,2";"3782,80";"0,0"
"31/12/2025";"1700";"32,1";"33,0";"31,5";"62,0";"67,0";"57,0";"24,5";"26,0";"23,6";"999,3";"1000,0";"998,8";"2,2";"158,0";"4,7";"3515,50";"0,0"
"31/12/2025";"1800";"32,5";"33,1";"32,0";"61,0";"66,0";"55,0";"24,6";"25,5";"23,6";"998,4";"998,8";"997,8";"2,5";"153,0";"4,9";"2741,30";"0,0"
"31/12/2025";"1900";"31,7";"33,3";"30,7";"62,0";"66,0";"55,0";"24,1";"25,2";"23,4";"997,5";"997,8";"997,3";"2,3";"161,0";"3,9";"1576,80";"0,0"
"31/12/2025";"2000";"30,5";"30,8";"30,0";"66,0";"68,0";"63,0";"23,7";"24,2";"23,1";"997,5";"997,8";"997,3";"1,3";"171,0";"2,5";"672,40";"0,0"
"31/12/2025";"2100";"29,0";"30,0";"27,7";"75,0";"84,0";"68,0";"23,9";"25,1";"22,8";"997,6";"997,9";"997,3";"2,6";"323,0";"3,4";"103,50";"0,0"
"31/12/2025";"2200";"27,6";"27,8";"27,2";"82,0";"86,0";"79,0";"24,0";"24,6";"23,3";"997,9";"998,1";"997,5";"1,3";"117,0";"2,6";"265,80";"0,0"
"31/12/2025";"2300";"26,2";"27,3";"25,6";"85,0";"88,0";"81,0";"23,2";"24,1";"22,6";"998,0";"998,2";"997,5";"1,9";"174,0";"2,6";"40,80";"0,0"
"01/01/2026";"0000";"24,8";"25,5";"24,3";"85,0";"88,0";"83,0";"21,8";"22,8";"21,3";"998,5";"998,6";"998,3";"0,5";"175,0";"1,0";"";"0,0"
"01/01/2026";"0100";"24,1";"24,4";"23,8";"88,0";"91,0";"85,0";"21,7";"22,2";"20,9";"998,9";"999,2";"998,5";"1,4";"160,0";"2,8";"";"0,0"
"01/01/2026";"0200";"23,7";"24,3";"23,3";"91,0";"93,0";"85,0";"21,8";"22,2";"21,3";"998,7";"998,9";"998,5";"0,9";"78,0";"1,4";"";"0,0"
"01/01/2026";"0300";"23,1";"23,3";"23,0";"95,0";"96,0";"93,0";"22,1";"22,3";"21,8";"998,7";"998,8";"998,6";"0,8";"287,0";"1,1";"";"0,0"
"01/01/2026";"0400";"23,0";"23,1";"22,9";"95,0";"96,0";"94,0";"21,9";"22,2";"21,8";"998,5";"998,7";"998,3";"0,4";"203,0";"1,2";"";"0,0"
"01/01/2026";"0500";"22,9";"22,9";"22,8";"97,0";"98,0";"95,0";"22,2";"22,4";"21,9";"998,0";"998,3";"997,8";"0,5";"159,0";"1,3";"";"0,0"
"01/01/2026";"0600";"23,1";"23,1";"22,9";"96,0";"97,0";"94,0";"22,2";"22,4";"21,9";"997,5";"997,8";"997,2";"1,3";"101,0";"2,0";"";"0,0"
"01/01/2026";"0700";"23,1";"23,1";"22,9";"96,0";"97,0";"95,0";"22,3";"22,5";"22,2";"997,0";"997,2";"996,8";"1,0";"153,0";"1,4";"";"0,0"
"01/01/2026";"0800";"22,7";"22,9";"22,5";"98,0";"99,0";"96,0";"22,2";"22,3";"22,0";"996,9";"997,0";"996,8";"0,6";"281,0";"0,9";"";"0,0"
"01/01/2026";"0900";"22,7";"22,8";"22,5";"98,0";"99,0";"97,0";"22,2";"22,5";"22,0";"997,5";"998,0";"997,0";"0,6";"288,0";"1,1";"23,60";"0,0"
"01/01/2026";"1000";"23,3";"23,8";"22,8";"96,0";"98,0";"93,0";"22,5";"22,8";"22,2";"998,1";"998,4";"997,9";"1,0";"215,0";"1,5";"223,60";"0,0"
"01/01/2026";"1100";"24,9";"26,0";"23,9";"91,0";"95,0";"86,0";"23,1";"23,7";"22,5";"998,2";"998,3";"997,9";"2,6";"295,0";"4,0";"819,60";"0,0"
"01/01/2026";"1200";"26,7";"27,9";"26,1";"83,0";"87,0";"73,0";"23,2";"24,1";"22,2";"997,8";"998,0";"997,3";"1,7";"291,0";"3,8";"1711,80";"0,0"
"01/01/2026";"1300";"28,2";"28,8";"27,7";"76,0";"82,0";"73,0";"23,4";"24,5";"22,5";"997,2";"997,3";"997,1";"3,8";"273,0";"6,6";"2742,20";"0,0"
"01/01/2026";"1400";"28,8";"29,5";"28,3";"74,0";"79,0";"67,0";"23,6";"24,9";"22,4";"997,0";"997,3";"996,8";"2,5";"257,0";"5,1";"2426,10";"0,0"
"01/01/2026";"1500";"30,0";"30,8";"29,2";"71,0";"77,0";"67,0";"24,2";"25,4";"23,3";"996,4";"996,8";"996,1";"3,0";"228,0";"5,1";"3127,20";"0,0"
"01/01/2026";"1600";"30,8";"31,7";"29,6";"68,0";"77,0";"63,0";"24,4";"25,5";"23,5";"995,6";"996,1";"995,1";"2,4";"242,0";"4,5";"3392,90";"0,0"
"01/01/2026";"1700";"31,7";"33,0";"30,4";"64,0";"70,0";"58,0";"24,5";"25,6";"23,4";"995,1";"995,3";"994,7";"3,8";"215,0";"5,7";"2848,40";"0,0"
"01/01/2026";"1800";"32,7";"33,6";"31,8";"59,0";"65,0";"54,0";"24,5";"25,5";"23,1";"994,2";"994,7";"993,8";"3,7";"217,0";"6,5";"3175,60";"0,0"
"01/01/2026";"1900";"33,4";"33,6";"33,3";"52,0";"56,0";"49,0";"23,8";"24,7";"23,1";"993,5";"993,8";"993,0";"3,2";"181,0";"5,7";"2980,70";"0,0"
"01/01/2026";"2000";"33,4";"33,7";"33,1";"49,0";"53,0";"46,0";"23,1";"24,0";"22,3";"992,7";"993,0";"992,4";"3,6";"202,0";"5,9";"2164,20";"0,0"
"01/01/2026";"2100";"33,1";"33,2";"32,8";"46,0";"50,0";"43,0";"22,2";"23,3";"21,4";"992,3";"992,4";"992,2";"2,1";"219,0";"3,4";"1366,70";"0,0"
"01/01/2026";"2200";"31,5";"33,0";"30,0";"49,0";"55,0";"43,0";"21,3";"22,5";"20,0";"992,7";"993,4";"992,2";"0,8";"230,0";"1,8";"416,60";"0,0"
"01/01/2026";"2300";"25,5";"25,5";"25,5";"77,0";"77,0";"77,0";"21,0";"21,0";"21,0";"994,3";"994,3";"994,3";"2,1";"15,0";"2,3";"";"0,0"